timestamp_s,programName,programStatus,partTimeInCycle,cuttingTime,operatingTime,totalCycleTimeNet,activeBlock,activeLineNumber,partsMadeForProgram,partsRequiredForProgram,totalParts,spindleName,spindleTemp,spindleOpMode,spindlePsModePos,spindleSpeedDemand,spindleActualSpeed,spindleTurnState,spindleAngularPositionDemand,spindleSpeedLimit,spindleSpeedOverride,spindleDriveLoad,spindleConstCutRate,coolantTemp,activeToolNumber,activeToolID,activeToolLength1,activeToolLength2,activeToolLength3,activeToolRadius,axisXName,axisXStatus,axisXPositionToGo,axisXPosition,axisXAcceleration,axisXAccelerationPC,axisXDrivePower,axisXFeedRate,axisYName,axisYStatus,axisYPositionToGo,axisYPosition,axisYAcceleration,axisYAccelerationPC,axisYDrivePower,axisYFeedRate,axisZName,axisZStatus,axisZPositionToGo,axisZPosition,axisZAcceleration,axisZAccelerationPC,axisZDrivePower,axisZFeedRate,axisCName,axisCStatus,axisCPositionToGo,axisCPosition,axisCAcceleration,axisCAccelerationPC,axisCDrivePower,axisCFeedRate,axisAName,axisAStatus,axisAPositionToGo,axisAPosition,axisAAcceleration,axisAAccelerationPC,axisADrivePower,axisAFeedRate
0.0,O0000,2,0.0,0.0,0.0,0.0,,0,0,1,58,S1,25.0,0,0,0,0,2,0,8000,100,2,0,19,0,,0.0,0.0,0.0,0.0,X,3,0,0,0,0,0,0.0,Y,3,0,0,0,0,1,0.0,Z,3,0,0,0,0,1,0.0,C,3,0,0,0,0,0,0.0,A,3,0,0,0,0,0,0.0
0.1,O0000,2,0.0,0.0,0.0,0.0,,0,0,1,58,S1,25.0,0,0,0,0,2,0,8000,100,0,0,19,0,,0.0,0.0,0.0,0.0,X,3,0,0,0,0,2,0.0,Y,3,0,0,0,0,1,0.0,Z,3,0,0,0,0,0,0.0,C,3,0,0,0,0,0,0.0,A,3,0,0,0,0,0,0.0
0.2,O0000,2,0.0,0.0,0.0,0.0,,0,0,1,58,S1,25.0,0,0,0,0,2,0,8000,100,1,0,19,0,,0.0,0.0,0.0,0.0,X,3,0,0,0,0,1,0.0,Y,3,0,0,0,0,0,0.0,Z,3,0,0,0,0,1,0.0,C,3,0,0,0,0,2,0.0,A,3,0,0,0,0,1,0.0
0.3,O0000,2,0.0,0.0,0.0,0.0,,0,0,1,58,S1,25.0,0,0,0,0,2,0,8000,100,0,0,19,0,,0.0,0.0,0.0,0.0,X,3,0,0,0,0,0,0.0,Y,3,0,0,0,0,1,0.0,Z,3,0,0,0,0,2,0.0,C,3,0,0,0,0,2,0.0,A,3,0,0,0,0,0,0.0
0.4,O0000,2,0.0,0.0,0.0,0.0,,0,0,1,58,S1,25.0,0,0,0,0,2,0,8000,100,1,0,19,0,,0.0,0.0,0.0,0.0,X,3,0,0,0,0,2,0.0,Y,3,0,0,0,0,1,0.0,Z,3,0,0,0,0,2,0.0,C,3,0,0,0,0,0,0.0,A,3,0,0,0,0,2,0.0
0.5,O0000,2,0.0,0.0,0.0,0.0,,0,0,1,58,S1,25.0,0,0,0,0,2,0,8000,100,2,0,19,0,,0.0,0.0,0.0,0.0,X,3,0,0,0,0,1,0.0,Y,3,0,0,0,0,1,0.0,Z,3,0,0,0,0,1,0.0,C,3,0,0,0,0,2,0.0,A,3,0,0,0,0,1,0.0
0.6,O0000,2,0.0,0.0,0.0,0.0,,0,0,1,58,S1,25.0,0,0,0,0,2,0,8000,100,0,0,19,0,,0.0,0.0,0.0,0.0,X,3,0,0,0,0,0,0.0,Y,3,0,0,0,0,0,0.0,Z,3,0,0,0,0,2,0.0,C,3,0,0,0,0,2,0.0,A,3,0,0,0,0,0,0.0
0.7,O0000,2,0.0,0.0,0.0,0.0,,0,0,1,58,S1,25.0,0,0,0,0,2,0,8000,100,1,0,19,0,,0.0,0.0,0.0,0.0,X,3,0,0,0,0,2,0.0,Y,3,0,0,0,0,2,0.0,Z,3,0,0,0,0,2,0.0,C,3,0,0,0,0,1,0.0,A,3,0,0,0,0,0,0.0
0.8,O0000,2,0.0,0.0,0.0,0.0,,0,0,1,58,S1,25.0,0,0,0,0,2,0,8000,100,3,0,19,0,,0.0,0.0,0.0,0.0,X,3,0,0,0,0,2,0.0,Y,3,0,0,0,0,1,0.0,Z,3,0,0,0,0,0,0.0,C,3,0,0,0,0,2,0.0,A,3,0,0,0,0,0,0.0
0.9,O0000,2,0.0,0.0,0.0,0.0,,0,0,1,58,S1,25.0,0,0,0,0,2,0,8000,100,2,0,19,0,,0.0,0.0,0.0,0.0,X,3,0,0,0,0,2,0.0,Y,3,0,0,0,0,1,0.0,Z,3,0,0,0,0,2,0.0,C,3,0,0,0,0,2,0.0,A,3,0,0,0,0,2,0.0
1.0,O0000,2,0.0,0.0,0.0,0.0,,0,0,1,58,S1,25.0,0,0,0,0,2,0,8000,100,0,0,19,0,,0.0,0.0,0.0,0.0,X,3,0,0,0,0,1,0.0,Y,3,0,0,0,0,1,0.0,Z,3,0,0,0,0,1,0.0,C,3,0,0,0,0,1,0.0,A,3,0,0,0,0,1,0.0
1.1,O0000,2,0.0,0.0,0.0,0.0,,0,0,1,58,S1,25.0,0,0,0,0,2,0,8000,100,0,0,19,0,,0.0,0.0,0.0,0.0,X,3,0,0,0,0,2,0.0,Y,3,0,0,0,0,2,0.0,Z,3,0,0,0,0,1,0.0,C,3,0,0,0,0,1,0.0,A,3,0,0,0,0,0,0.0
1.2,O0000,2,0.0,0.0,0.0,0.0,,0,0,1,58,S1,25.0,0,0,0,0,2,0,8000,100,0,0,19,0,,0.0,0.0,0.0,0.0,X,3,0,0,0,0,0,0.0,Y,3,0,0,0,0,2,0.0,Z,3,0,0,0,0,1,0.0,C,3,0,0,0,0,1,0.0,A,3,0,0,0,0,2,0.0
1.3,O0000,2,0.0,0.0,0.0,0.0,,0,0,1,58,S1,25.0,0,0,0,0,2,0,8000,100,2,0,19,0,,0.0,0.0,0.0,0.0,X,3,0,0,0,0,2,0.0,Y,3,0,0,0,0,0,0.0,Z,3,0,0,0,0,0,0.0,C,3,0,0,0,0,0,0.0,A,3,0,0,0,0,1,0.0
1.4,O0000,2,0.0,0.0,0.0,0.0,,0,0,1,58,S1,25.0,0,0,0,0,2,0,8000,100,1,0,19,0,,0.0,0.0,0.0,0.0,X,3,0,0,0,0,2,0.0,Y,3,0,0,0,0,2,0.0,Z,3,0,0,0,0,2,0.0,C,3,0,0,0,0,1,0.0,A,3,0,0,0,0,0,0.0
1.5,O0000,2,0.0,0.0,0.0,0.0,,0,0,1,58,S1,25.0,0,0,0,0,2,0,8000,100,1,0,19,0,,0.0,0.0,0.0,0.0,X,3,0,0,0,0,0,0.0,Y,3,0,0,0,0,2,0.0,Z,3,0,0,0,0,0,0.0,C,3,0,0,0,0,0,0.0,A,3,0,0,0,0,1,0.0
1.6,O0000,2,0.0,0.0,0.0,0.0,,0,0,1,58,S1,24.9,0,0,0,0,2,0,8000,100,2,0,19,0,,0.0,0.0,0.0,0.0,X,3,0,0,0,0,0,0.0,Y,3,0,0,0,0,2,0.0,Z,3,0,0,0,0,2,0.0,C,3,0,0,0,0,1,0.0,A,3,0,0,0,0,2,0.0
1.7,O0000,2,0.0,0.0,0.0,0.0,,0,0,1,58,S1,24.9,0,0,0,0,2,0,8000,100,3,0,19,0,,0.0,0.0,0.0,0.0,X,3,0,0,0,0,1,0.0,Y,3,0,0,0,0,1,0.0,Z,3,0,0,0,0,2,0.0,C,3,0,0,0,0,2,0.0,A,3,0,0,0,0,0,0.0
1.8,O0000,2,0.0,0.0,0.0,0.0,,0,0,1,58,S1,24.9,0,0,0,0,2,0,8000,100,3,0,19,0,,0.0,0.0,0.0,0.0,X,3,0,0,0,0,0,0.0,Y,3,0,0,0,0,1,0.0,Z,3,0,0,0,0,2,0.0,C,3,0,0,0,0,2,0.0,A,3,0,0,0,0,2,0.0
1.9,O0000,2,0.0,0.0,0.0,0.0,,0,0,1,58,S1,24.9,0,0,0,0,2,0,8000,100,2,0,19,0,,0.0,0.0,0.0,0.0,X,3,0,0,0,0,2,0.0,Y,3,0,0,0,0,2,0.0,Z,3,0,0,0,0,0,0.0,C,3,0,0,0,0,0,0.0,A,3,0,0,0,0,2,0.0
2.0,O0000,2,0.0,0.0,0.0,0.0,,0,0,1,58,S1,24.9,0,0,0,0,2,0,8000,100,0,0,19,0,,0.0,0.0,0.0,0.0,X,3,0,0,0,0,2,0.0,Y,3,0,0,0,0,2,0.0,Z,3,0,0,0,0,0,0.0,C,3,0,0,0,0,2,0.0,A,3,0,0,0,0,2,0.0
2.1,O0000,2,0.0,0.0,0.0,0.0,,0,0,1,58,S1,24.9,0,0,0,0,2,0,8000,100,2,0,19,0,,0.0,0.0,0.0,0.0,X,3,0,0,0,0,0,0.0,Y,3,0,0,0,0,0,0.0,Z,3,0,0,0,0,1,0.0,C,3,0,0,0,0,0,0.0,A,3,0,0,0,0,0,0.0
2.2,O0000,2,0.0,0.0,0.0,0.0,,0,0,1,58,S1,24.9,0,0,0,0,2,0,8000,100,0,0,19,0,,0.0,0.0,0.0,0.0,X,3,0,0,0,0,1,0.0,Y,3,0,0,0,0,1,0.0,Z,3,0,0,0,0,2,0.0,C,3,0,0,0,0,0,0.0,A,3,0,0,0,0,2,0.0
2.3,O0000,2,0.0,0.0,0.0,0.0,,0,0,1,58,S1,24.9,0,0,0,0,2,0,8000,100,1,0,19,0,,0.0,0.0,0.0,0.0,X,3,0,0,0,0,2,0.0,Y,3,0,0,0,0,2,0.0,Z,3,0,0,0,0,2,0.0,C,3,0,0,0,0,2,0.0,A,3,0,0,0,0,1,0.0
2.4,O0000,2,0.0,0.0,0.0,0.0,,0,0,1,58,S1,24.9,0,0,0,0,2,0,8000,100,3,0,19,0,,0.0,0.0,0.0,0.0,X,3,0,0,0,0,1,0.0,Y,3,0,0,0,0,1,0.0,Z,3,0,0,0,0,2,0.0,C,3,0,0,0,0,0,0.0,A,3,0,0,0,0,2,0.0
2.5,O0000,2,0.0,0.0,0.0,0.0,,0,0,1,58,S1,24.9,0,0,0,0,2,0,8000,100,2,0,19,0,,0.0,0.0,0.0,0.0,X,3,0,0,0,0,0,0.0,Y,3,0,0,0,0,1,0.0,Z,3,0,0,0,0,2,0.0,C,3,0,0,0,0,2,0.0,A,3,0,0,0,0,0,0.0
2.6,O0000,2,0.0,0.0,0.0,0.0,,0,0,1,58,S1,24.9,0,0,0,0,2,0,8000,100,3,0,19,0,,0.0,0.0,0.0,0.0,X,3,0,0,0,0,0,0.0,Y,3,0,0,0,0,2,0.0,Z,3,0,0,0,0,0,0.0,C,3,0,0,0,0,0,0.0,A,3,0,0,0,0,0,0.0
2.7,O0000,2,0.0,0.0,0.0,0.0,,0,0,1,58,S1,24.9,0,0,0,0,2,0,8000,100,2,0,19,0,,0.0,0.0,0.0,0.0,X,3,0,0,0,0,2,0.0,Y,3,0,0,0,0,1,0.0,Z,3,0,0,0,0,1,0.0,C,3,0,0,0,0,2,0.0,A,3,0,0,0,0,0,0.0
2.8,O0000,2,0.0,0.0,0.0,0.0,,0,0,1,58,S1,24.9,0,0,0,0,2,0,8000,100,0,0,19,0,,0.0,0.0,0.0,0.0,X,3,0,0,0,0,2,0.0,Y,3,0,0,0,0,0,0.0,Z,3,0,0,0,0,0,0.0,C,3,0,0,0,0,0,0.0,A,3,0,0,0,0,0,0.0
2.9,O0000,2,0.0,0.0,0.0,0.0,,0,0,1,58,S1,24.9,0,0,0,0,2,0,8000,100,3,0,19,0,,0.0,0.0,0.0,0.0,X,3,0,0,0,0,2,0.0,Y,3,0,0,0,0,2,0.0,Z,3,0,0,0,0,1,0.0,C,3,0,0,0,0,1,0.0,A,3,0,0,0,0,1,0.0
3.0,O0000,2,0.0,0.0,0.0,0.0,,0,0,1,58,S1,24.9,0,0,0,0,2,0,8000,100,3,0,19,0,,0.0,0.0,0.0,0.0,X,3,0,0,0,0,2,0.0,Y,3,0,0,0,0,0,0.0,Z,3,0,0,0,0,1,0.0,C,3,0,0,0,0,2,0.0,A,3,0,0,0,0,1,0.0
3.1,O0000,2,0.0,0.0,0.0,0.0,,0,0,1,58,S1,24.9,0,0,0,0,2,0,8000,100,3,0,19,0,,0.0,0.0,0.0,0.0,X,3,0,0,0,0,0,0.0,Y,3,0,0,0,0,0,0.0,Z,3,0,0,0,0,2,0.0,C,3,0,0,0,0,2,0.0,A,3,0,0,0,0,0,0.0
3.2,O0000,2,0.0,0.0,0.0,0.0,,0,0,1,58,S1,24.9,0,0,0,0,2,0,8000,100,3,0,19,0,,0.0,0.0,0.0,0.0,X,3,0,0,0,0,2,0.0,Y,3,0,0,0,0,2,0.0,Z,3,0,0,0,0,0,0.0,C,3,0,0,0,0,1,0.0,A,3,0,0,0,0,2,0.0
3.3,O0000,2,0.0,0.0,0.0,0.0,,0,0,1,58,S1,24.9,0,0,0,0,2,0,8000,100,2,0,19,0,,0.0,0.0,0.0,0.0,X,3,0,0,0,0,1,0.0,Y,3,0,0,0,0,0,0.0,Z,3,0,0,0,0,2,0.0,C,3,0,0,0,0,2,0.0,A,3,0,0,0,0,0,0.0
3.4,O0000,2,0.0,0.0,0.0,0.0,,0,0,1,58,S1,24.9,0,0,0,0,2,0,8000,100,2,0,19,0,,0.0,0.0,0.0,0.0,X,3,0,0,0,0,0,0.0,Y,3,0,0,0,0,0,0.0,Z,3,0,0,0,0,0,0.0,C,3,0,0,0,0,1,0.0,A,3,0,0,0,0,2,0.0
3.5,O0000,2,0.0,0.0,0.0,0.0,,0,0,1,58,S1,24.9,0,0,0,0,2,0,8000,100,1,0,19,0,,0.0,0.0,0.0,0.0,X,3,0,0,0,0,2,0.0,Y,3,0,0,0,0,2,0.0,Z,3,0,0,0,0,1,0.0,C,3,0,0,0,0,1,0.0,A,3,0,0,0,0,0,0.0
3.6,O0000,2,0.0,0.0,0.0,0.0,,0,0,1,58,S1,24.9,0,0,0,0,2,0,8000,100,2,0,19,0,,0.0,0.0,0.0,0.0,X,3,0,0,0,0,2,0.0,Y,3,0,0,0,0,1,0.0,Z,3,0,0,0,0,1,0.0,C,3,0,0,0,0,2,0.0,A,3,0,0,0,0,1,0.0
3.7,O0000,2,0.0,0.0,0.0,0.0,,0,0,1,58,S1,24.9,0,0,0,0,2,0,8000,100,3,0,19,0,,0.0,0.0,0.0,0.0,X,3,0,0,0,0,2,0.0,Y,3,0,0,0,0,0,0.0,Z,3,0,0,0,0,2,0.0,C,3,0,0,0,0,2,0.0,A,3,0,0,0,0,2,0.0
3.8,O0000,2,0.0,0.0,0.0,0.0,,0,0,1,58,S1,24.9,0,0,0,0,2,0,8000,100,0,0,19,0,,0.0,0.0,0.0,0.0,X,3,0,0,0,0,1,0.0,Y,3,0,0,0,0,2,0.0,Z,3,0,0,0,0,1,0.0,C,3,0,0,0,0,0,0.0,A,3,0,0,0,0,0,0.0
3.9,O0000,2,0.0,0.0,0.0,0.0,,0,0,1,58,S1,24.9,0,0,0,0,2,0,8000,100,2,0,19,0,,0.0,0.0,0.0,0.0,X,3,0,0,0,0,0,0.0,Y,3,0,0,0,0,1,0.0,Z,3,0,0,0,0,2,0.0,C,3,0,0,0,0,0,0.0,A,3,0,0,0,0,0,0.0
4.0,O0000,2,0.0,0.0,0.0,0.0,,0,0,1,58,S1,24.9,0,0,0,0,2,0,8000,100,2,0,19,0,,0.0,0.0,0.0,0.0,X,3,0,0,0,0,0,0.0,Y,3,0,0,0,0,1,0.0,Z,3,0,0,0,0,2,0.0,C,3,0,0,0,0,2,0.0,A,3,0,0,0,0,0,0.0
4.1,O0000,2,0.0,0.0,0.0,0.0,,0,0,1,58,S1,24.9,0,0,0,0,2,0,8000,100,0,0,19,0,,0.0,0.0,0.0,0.0,X,3,0,0,0,0,1,0.0,Y,3,0,0,0,0,2,0.0,Z,3,0,0,0,0,2,0.0,C,3,0,0,0,0,2,0.0,A,3,0,0,0,0,1,0.0
4.2,O0000,2,0.0,0.0,0.0,0.0,,0,0,1,58,S1,24.9,0,0,0,0,2,0,8000,100,0,0,19,0,,0.0,0.0,0.0,0.0,X,3,0,0,0,0,1,0.0,Y,3,0,0,0,0,1,0.0,Z,3,0,0,0,0,0,0.0,C,3,0,0,0,0,1,0.0,A,3,0,0,0,0,1,0.0
4.3,O0000,2,0.0,0.0,0.0,0.0,,0,0,1,58,S1,24.9,0,0,0,0,2,0,8000,100,2,0,19,0,,0.0,0.0,0.0,0.0,X,3,0,0,0,0,1,0.0,Y,3,0,0,0,0,1,0.0,Z,3,0,0,0,0,1,0.0,C,3,0,0,0,0,1,0.0,A,3,0,0,0,0,2,0.0
4.4,O0000,2,0.0,0.0,0.0,0.0,,0,0,1,58,S1,24.9,0,0,0,0,2,0,8000,100,3,0,19,0,,0.0,0.0,0.0,0.0,X,3,0,0,0,0,0,0.0,Y,3,0,0,0,0,1,0.0,Z,3,0,0,0,0,0,0.0,C,3,0,0,0,0,0,0.0,A,3,0,0,0,0,0,0.0
4.5,O0000,2,0.0,0.0,0.0,0.0,,0,0,1,58,S1,24.9,0,0,0,0,2,0,8000,100,3,0,19,0,,0.0,0.0,0.0,0.0,X,3,0,0,0,0,2,0.0,Y,3,0,0,0,0,1,0.0,Z,3,0,0,0,0,2,0.0,C,3,0,0,0,0,1,0.0,A,3,0,0,0,0,2,0.0
4.6,O0000,2,0.0,0.0,0.0,0.0,,0,0,1,58,S1,24.9,0,0,0,0,2,0,8000,100,0,0,19,0,,0.0,0.0,0.0,0.0,X,3,0,0,0,0,1,0.0,Y,3,0,0,0,0,0,0.0,Z,3,0,0,0,0,2,0.0,C,3,0,0,0,0,2,0.0,A,3,0,0,0,0,2,0.0
4.7,O0000,2,0.0,0.0,0.0,0.0,,0,0,1,58,S1,24.9,0,0,0,0,2,0,8000,100,0,0,19,0,,0.0,0.0,0.0,0.0,X,3,0,0,0,0,1,0.0,Y,3,0,0,0,0,1,0.0,Z,3,0,0,0,0,2,0.0,C,3,0,0,0,0,0,0.0,A,3,0,0,0,0,2,0.0
4.8,O0000,2,0.0,0.0,0.0,0.0,,0,0,1,58,S1,24.9,0,0,0,0,2,0,8000,100,1,0,19,0,,0.0,0.0,0.0,0.0,X,3,0,0,0,0,0,0.0,Y,3,0,0,0,0,0,0.0,Z,3,0,0,0,0,1,0.0,C,3,0,0,0,0,1,0.0,A,3,0,0,0,0,0,0.0
4.9,O0000,2,0.0,0.0,0.0,0.0,,0,0,1,58,S1,24.9,0,0,0,0,2,0,8000,100,1,0,19,0,,0.0,0.0,0.0,0.0,X,3,0,0,0,0,2,0.0,Y,3,0,0,0,0,2,0.0,Z,3,0,0,0,0,2,0.0,C,3,0,0,0,0,1,0.0,A,3,0,0,0,0,2,0.0
5.0,O1234_JOB1,4,0.0,0.0,0.0,0.0,,0,0,5,58,S1,24.9,0,0,0,0,2,0,8000,100,3,0,19,0,,0.0,0.0,0.0,0.0,X,3,0,0,0,0,1,0.0,Y,3,0,0,0,0,2,0.0,Z,3,0,0,0,0,1,0.0,C,3,0,0,0,0,2,0.0,A,3,0,0,0,0,2,0.0
5.1,O1234_JOB1,4,0.0,0.0,0.0,0.0,,0,0,5,58,S1,24.8,0,0,0,0,2,0,8000,100,1,0,19,0,,0.0,0.0,0.0,0.0,X,3,0,0,0,0,0,0.0,Y,3,0,0,0,0,1,0.0,Z,3,0,0,0,0,0,0.0,C,3,0,0,0,0,1,0.0,A,3,0,0,0,0,0,0.0
5.2,O1234_JOB1,4,0.0,0.0,0.0,0.0,,0,0,5,58,S1,24.8,0,0,0,0,2,0,8000,100,0,0,19,0,,0.0,0.0,0.0,0.0,X,3,0,0,0,0,2,0.0,Y,3,0,0,0,0,0,0.0,Z,3,0,0,0,0,0,0.0,C,3,0,0,0,0,0,0.0,A,3,0,0,0,0,1,0.0
5.3,O1234_JOB1,4,0.0,0.0,0.0,0.0,,0,0,5,58,S1,24.8,0,0,0,0,2,0,8000,100,3,0,19,0,,0.0,0.0,0.0,0.0,X,3,0,0,0,0,2,0.0,Y,3,0,0,0,0,2,0.0,Z,3,0,0,0,0,0,0.0,C,3,0,0,0,0,2,0.0,A,3,0,0,0,0,2,0.0
5.4,O1234_JOB1,4,0.0,0.0,0.0,0.0,,0,0,5,58,S1,24.8,0,0,0,0,2,0,8000,100,1,0,19,0,,0.0,0.0,0.0,0.0,X,3,0,0,0,0,2,0.0,Y,3,0,0,0,0,1,0.0,Z,3,0,0,0,0,2,0.0,C,3,0,0,0,0,1,0.0,A,3,0,0,0,0,0,0.0
5.5,O1234_JOB1,4,0.0,0.0,0.0,0.0,,0,0,5,58,S1,24.8,0,0,0,0,2,0,8000,100,2,0,19,0,,0.0,0.0,0.0,0.0,X,3,0,0,0,0,1,0.0,Y,3,0,0,0,0,2,0.0,Z,3,0,0,0,0,2,0.0,C,3,0,0,0,0,2,0.0,A,3,0,0,0,0,0,0.0
5.6,O1234_JOB1,4,0.0,0.0,0.0,0.0,,0,0,5,58,S1,24.8,0,0,0,0,2,0,8000,100,2,0,19,0,,0.0,0.0,0.0,0.0,X,3,0,0,0,0,1,0.0,Y,3,0,0,0,0,1,0.0,Z,3,0,0,0,0,2,0.0,C,3,0,0,0,0,1,0.0,A,3,0,0,0,0,2,0.0
5.7,O1234_JOB1,4,0.0,0.0,0.0,0.0,,0,0,5,58,S1,24.8,0,0,0,0,2,0,8000,100,0,0,19,0,,0.0,0.0,0.0,0.0,X,3,0,0,0,0,0,0.0,Y,3,0,0,0,0,0,0.0,Z,3,0,0,0,0,1,0.0,C,3,0,0,0,0,0,0.0,A,3,0,0,0,0,1,0.0
5.8,O1234_JOB1,4,0.0,0.0,0.0,0.0,,0,0,5,58,S1,24.8,0,0,0,0,2,0,8000,100,1,0,19,0,,0.0,0.0,0.0,0.0,X,3,0,0,0,0,0,0.0,Y,3,0,0,0,0,2,0.0,Z,3,0,0,0,0,1,0.0,C,3,0,0,0,0,2,0.0,A,3,0,0,0,0,1,0.0
5.9,O1234_JOB1,4,0.0,0.0,0.0,0.0,,0,0,5,58,S1,24.8,0,0,0,0,2,0,8000,100,2,0,19,0,,0.0,0.0,0.0,0.0,X,3,0,0,0,0,1,0.0,Y,3,0,0,0,0,2,0.0,Z,3,0,0,0,0,1,0.0,C,3,0,0,0,0,2,0.0,A,3,0,0,0,0,0,0.0
6.0,O1234_JOB1,4,0.0,0.0,0.0,0.0,,0,0,5,58,S1,24.8,0,0,0,0,2,0,8000,100,0,0,19,0,,0.0,0.0,0.0,0.0,X,3,0,0,0,0,0,0.0,Y,3,0,0,0,0,1,0.0,Z,3,0,0,0,0,1,0.0,C,3,0,0,0,0,2,0.0,A,3,0,0,0,0,1,0.0
6.1,O1234_JOB1,3,0.0,0.0,0.1,108.0,,0,0,5,58,S1,24.8,0,0,0,0,2,0,8000,100,2,0,19,0,,0.0,0.0,0.0,0.0,X,3,0,0,0,0,0,0.0,Y,3,0,0,0,0,2,0.0,Z,3,0,0,0,0,2,0.0,C,3,0,0,0,0,1,0.0,A,3,0,0,0,0,2,0.0
6.2,O1234_JOB1,3,0.0,0.0,0.2,211.0,,0,0,5,58,S1,24.8,0,0,0,0,2,0,8000,100,0,0,19,0,,0.0,0.0,0.0,0.0,X,3,0,0,0,0,0,0.0,Y,3,0,0,0,0,2,0.0,Z,3,0,0,0,0,2,0.0,C,3,0,0,0,0,0,0.0,A,3,0,0,0,0,2,0.0
6.3,O1234_JOB1,3,0.0,0.0,0.3,309.0,,0,0,5,58,S1,24.8,0,0,0,0,2,0,8000,100,1,0,19,0,,0.0,0.0,0.0,0.0,X,3,0,0,0,0,2,0.0,Y,3,0,0,0,0,2,0.0,Z,3,0,0,0,0,2,0.0,C,3,0,0,0,0,0,0.0,A,3,0,0,0,0,0,0.0
6.4,O1234_JOB1,3,0.0,0.0,0.4,413.0,,0,0,5,58,S1,24.8,0,0,0,0,2,0,8000,100,3,0,19,0,,0.0,0.0,0.0,0.0,X,3,0,0,0,0,2,0.0,Y,3,0,0,0,0,1,0.0,Z,3,0,0,0,0,2,0.0,C,3,0,0,0,0,2,0.0,A,3,0,0,0,0,0,0.0
6.5,O1234_JOB1,3,0.0,0.0,0.5,515.0,,0,0,5,58,S1,24.8,0,0,0,0,2,0,8000,100,0,0,19,0,,0.0,0.0,0.0,0.0,X,3,0,0,0,0,1,0.0,Y,3,0,0,0,0,2,0.0,Z,3,0,0,0,0,2,0.0,C,3,0,0,0,0,0,0.0,A,3,0,0,0,0,2,0.0
6.6,O1234_JOB1,3,0.0,0.0,0.6,621.0,,0,0,5,58,S1,24.8,0,0,0,0,2,0,8000,100,3,0,19,0,,0.0,0.0,0.0,0.0,X,3,0,0,0,0,2,0.0,Y,3,0,0,0,0,2,0.0,Z,3,0,0,0,0,0,0.0,C,3,0,0,0,0,0,0.0,A,3,0,0,0,0,0,0.0
6.7,O1234_JOB1,3,0.0,0.0,0.7,721.0,,0,0,5,58,S1,24.8,0,0,0,0,2,0,8000,100,0,0,19,0,,0.0,0.0,0.0,0.0,X,3,0,0,0,0,1,0.0,Y,3,0,0,0,0,1,0.0,Z,3,0,0,0,0,2,0.0,C,3,0,0,0,0,0,0.0,A,3,0,0,0,0,0,0.0
6.8,O1234_JOB1,3,0.0,0.0,0.8,817.0,,0,0,5,58,S1,24.8,0,0,0,0,2,0,8000,100,3,0,19,0,,0.0,0.0,0.0,0.0,X,3,0,0,0,0,1,0.0,Y,3,0,0,0,0,1,0.0,Z,3,0,0,0,0,0,0.0,C,3,0,0,0,0,1,0.0,A,3,0,0,0,0,0,0.0
6.9,O1234_JOB1,3,0.0,0.0,0.9,917.0,,0,0,5,58,S1,24.8,0,0,0,0,2,0,8000,100,3,0,19,0,,0.0,0.0,0.0,0.0,X,3,0,0,0,0,2,0.0,Y,3,0,0,0,0,2,0.0,Z,3,0,0,0,0,0,0.0,C,3,0,0,0,0,2,0.0,A,3,0,0,0,0,1,0.0
7.0,O1234_JOB1,4,0.0,0.0,0.9,917.0,N20 T1 M6,20,0,5,58,S1,24.8,2,0,0,0,2,0,8000,100,1,0,19,0,,0.0,0.0,0.0,0.0,X,3,0,0,0,0,2,0.0,Y,3,0,0,0,0,2,0.0,Z,3,0,0,0,0,0,0.0,C,3,0,0,0,0,0,0.0,A,3,0,0,0,0,1,0.0
7.1,O1234_JOB1,4,0.0,0.0,0.9,917.0,N20 T1 M6,20,0,5,58,S1,24.8,2,0,0,0,2,0,8000,100,1,0,19,0,,0.0,0.0,0.0,0.0,X,3,0,0,0,0,2,0.0,Y,3,0,0,0,0,2,0.0,Z,3,0,0,0,0,2,0.0,C,3,0,0,0,0,1,0.0,A,3,0,0,0,0,0,0.0
7.2,O1234_JOB1,4,0.0,0.0,0.9,917.0,N20 T1 M6,20,0,5,58,S1,24.8,2,0,0,0,2,0,8000,100,3,0,19,0,,0.0,0.0,0.0,0.0,X,3,0,0,0,0,1,0.0,Y,3,0,0,0,0,1,0.0,Z,3,0,0,0,0,1,0.0,C,3,0,0,0,0,0,0.0,A,3,0,0,0,0,1,0.0
7.3,O1234_JOB1,4,0.0,0.0,0.9,917.0,N20 T1 M6,20,0,5,58,S1,24.8,2,0,0,0,2,0,8000,100,1,0,19,0,,0.0,0.0,0.0,0.0,X,3,0,0,0,0,0,0.0,Y,3,0,0,0,0,1,0.0,Z,3,0,0,0,0,1,0.0,C,3,0,0,0,0,0,0.0,A,3,0,0,0,0,0,0.0
7.4,O1234_JOB1,4,0.0,0.0,0.9,917.0,N20 T1 M6,20,0,5,58,S1,24.8,2,0,0,0,2,0,8000,100,2,0,19,0,,0.0,0.0,0.0,0.0,X,3,0,0,0,0,0,0.0,Y,3,0,0,0,0,1,0.0,Z,3,0,0,0,0,1,0.0,C,3,0,0,0,0,1,0.0,A,3,0,0,0,0,0,0.0
7.5,O1234_JOB1,4,0.0,0.0,0.9,917.0,N20 T1 M6,20,0,5,58,S1,24.8,2,0,0,0,2,0,8000,100,1,0,19,0,,0.0,0.0,0.0,0.0,X,3,0,0,0,0,0,0.0,Y,3,0,0,0,0,2,0.0,Z,3,0,0,0,0,0,0.0,C,3,0,0,0,0,1,0.0,A,3,0,0,0,0,1,0.0
7.6,O1234_JOB1,4,0.0,0.0,0.9,917.0,N20 T1 M6,20,0,5,58,S1,24.8,2,0,0,0,2,0,8000,100,2,0,19,0,,0.0,0.0,0.0,0.0,X,3,0,0,0,0,2,0.0,Y,3,0,0,0,0,1,0.0,Z,3,0,0,0,0,1,0.0,C,3,0,0,0,0,2,0.0,A,3,0,0,0,0,0,0.0
7.7,O1234_JOB1,4,0.0,0.0,0.9,917.0,N20 T1 M6,20,0,5,58,S1,24.8,2,0,0,0,2,0,8000,100,3,0,19,0,,0.0,0.0,0.0,0.0,X,3,0,0,0,0,2,0.0,Y,3,0,0,0,0,1,0.0,Z,3,0,0,0,0,0,0.0,C,3,0,0,0,0,1,0.0,A,3,0,0,0,0,0,0.0
7.8,O1234_JOB1,4,0.0,0.0,0.9,917.0,N20 T1 M6,20,0,5,58,S1,24.8,2,0,0,0,2,0,8000,100,0,0,19,0,,0.0,0.0,0.0,0.0,X,3,0,0,0,0,0,0.0,Y,3,0,0,0,0,1,0.0,Z,3,0,0,0,0,0,0.0,C,3,0,0,0,0,2,0.0,A,3,0,0,0,0,0,0.0
7.9,O1234_JOB1,4,0.0,0.0,0.9,917.0,N20 T1 M6,20,0,5,58,S1,24.8,2,0,0,0,2,0,8000,100,3,0,19,0,,0.0,0.0,0.0,0.0,X,3,0,0,0,0,1,0.0,Y,3,0,0,0,0,1,0.0,Z,3,0,0,0,0,2,0.0,C,3,0,0,0,0,2,0.0,A,3,0,0,0,0,1,0.0
8.0,O1234_JOB1,4,0.0,0.0,0.9,917.0,N20 T1 M6,20,0,5,58,S1,24.8,2,0,0,0,2,0,8000,100,3,0,19,0,,0.0,0.0,0.0,0.0,X,3,0,0,0,0,2,0.0,Y,3,0,0,0,0,2,0.0,Z,3,0,0,0,0,1,0.0,C,3,0,0,0,0,1,0.0,A,3,0,0,0,0,0,0.0
8.1,O1234_JOB1,4,0.0,0.0,0.9,917.0,N20 T1 M6,20,0,5,58,S1,24.8,2,0,0,0,2,0,8000,100,0,0,19,0,,0.0,0.0,0.0,0.0,X,3,0,0,0,0,0,0.0,Y,3,0,0,0,0,1,0.0,Z,3,0,0,0,0,0,0.0,C,3,0,0,0,0,2,0.0,A,3,0,0,0,0,0,0.0
8.2,O1234_JOB1,4,0.0,0.0,0.9,917.0,N20 T1 M6,20,0,5,58,S1,24.8,2,0,0,0,2,0,8000,100,1,0,19,0,,0.0,0.0,0.0,0.0,X,3,0,0,0,0,0,0.0,Y,3,0,0,0,0,0,0.0,Z,3,0,0,0,0,0,0.0,C,3,0,0,0,0,1,0.0,A,3,0,0,0,0,1,0.0
8.3,O1234_JOB1,4,0.0,0.0,0.9,917.0,N20 T1 M6,20,0,5,58,S1,24.8,2,0,0,0,2,0,8000,100,1,0,19,0,,0.0,0.0,0.0,0.0,X,3,0,0,0,0,1,0.0,Y,3,0,0,0,0,2,0.0,Z,3,0,0,0,0,2,0.0,C,3,0,0,0,0,1,0.0,A,3,0,0,0,0,1,0.0
8.4,O1234_JOB1,4,0.0,0.0,0.9,917.0,N20 T1 M6,20,0,5,58,S1,24.8,2,0,0,0,2,0,8000,100,3,0,19,0,,0.0,0.0,0.0,0.0,X,3,0,0,0,0,0,0.0,Y,3,0,0,0,0,0,0.0,Z,3,0,0,0,0,2,0.0,C,3,0,0,0,0,0,0.0,A,3,0,0,0,0,0,0.0
8.5,O1234_JOB1,4,0.0,0.0,0.9,917.0,N20 T1 M6,20,0,5,58,S1,24.8,2,0,0,0,2,0,8000,100,0,0,19,0,,0.0,0.0,0.0,0.0,X,3,0,0,0,0,1,0.0,Y,3,0,0,0,0,0,0.0,Z,3,0,0,0,0,0,0.0,C,3,0,0,0,0,2,0.0,A,3,0,0,0,0,1,0.0
8.6,O1234_JOB1,4,0.0,0.0,0.9,917.0,N20 T1 M6,20,0,5,58,S1,24.7,2,0,0,0,2,0,8000,100,1,0,19,0,,0.0,0.0,0.0,0.0,X,3,0,0,0,0,2,0.0,Y,3,0,0,0,0,0,0.0,Z,3,0,0,0,0,0,0.0,C,3,0,0,0,0,0,0.0,A,3,0,0,0,0,0,0.0
8.7,O1234_JOB1,4,0.0,0.0,0.9,917.0,N20 T1 M6,20,0,5,58,S1,24.7,2,0,0,0,2,0,8000,100,2,0,19,0,,0.0,0.0,0.0,0.0,X,3,0,0,0,0,1,0.0,Y,3,0,0,0,0,1,0.0,Z,3,0,0,0,0,2,0.0,C,3,0,0,0,0,0,0.0,A,3,0,0,0,0,0,0.0
8.8,O1234_JOB1,4,0.0,0.0,0.9,917.0,N20 T1 M6,20,0,5,58,S1,24.7,2,0,0,0,2,0,8000,100,0,0,19,0,,0.0,0.0,0.0,0.0,X,3,0,0,0,0,2,0.0,Y,3,0,0,0,0,2,0.0,Z,3,0,0,0,0,0,0.0,C,3,0,0,0,0,0,0.0,A,3,0,0,0,0,0,0.0
8.9,O1234_JOB1,4,0.0,0.0,0.9,917.0,N20 T1 M6,20,0,5,58,S1,24.7,2,0,0,0,2,0,8000,100,2,0,19,0,,0.0,0.0,0.0,0.0,X,3,0,0,0,0,0,0.0,Y,3,0,0,0,0,1,0.0,Z,3,0,0,0,0,2,0.0,C,3,0,0,0,0,0,0.0,A,3,0,0,0,0,1,0.0
9.0,O1234_JOB1,4,0.0,0.0,0.9,917.0,N20 T1 M6,20,0,5,58,S1,24.7,2,0,0,0,2,0,8000,100,1,0,19,0,,0.0,0.0,0.0,0.0,X,3,0,0,0,0,1,0.0,Y,3,0,0,0,0,1,0.0,Z,3,0,0,0,0,2,0.0,C,3,0,0,0,0,0,0.0,A,3,0,0,0,0,0,0.0
9.1,O1234_JOB1,4,0.0,0.0,0.9,917.0,N20 T1 M6,20,0,5,58,S1,24.7,2,0,0,0,2,0,8000,100,0,0,19,0,,0.0,0.0,0.0,0.0,X,3,0,0,0,0,0,0.0,Y,3,0,0,0,0,1,0.0,Z,3,0,0,0,0,2,0.0,C,3,0,0,0,0,1,0.0,A,3,0,0,0,0,2,0.0
9.2,O1234_JOB1,4,0.0,0.0,0.9,917.0,N20 T1 M6,20,0,5,58,S1,24.7,2,0,0,0,2,0,8000,100,1,0,19,0,,0.0,0.0,0.0,0.0,X,3,0,0,0,0,1,0.0,Y,3,0,0,0,0,1,0.0,Z,3,0,0,0,0,0,0.0,C,3,0,0,0,0,0,0.0,A,3,0,0,0,0,0,0.0
9.3,O1234_JOB1,4,0.0,0.0,0.9,917.0,N20 T1 M6,20,0,5,58,S1,24.7,2,0,0,0,2,0,8000,100,2,0,19,0,,0.0,0.0,0.0,0.0,X,3,0,0,0,0,1,0.0,Y,3,0,0,0,0,2,0.0,Z,3,0,0,0,0,0,0.0,C,3,0,0,0,0,1,0.0,A,3,0,0,0,0,1,0.0
9.4,O1234_JOB1,4,0.0,0.0,0.9,917.0,N20 T1 M6,20,0,5,58,S1,24.7,2,0,0,0,2,0,8000,100,2,0,19,0,,0.0,0.0,0.0,0.0,X,3,0,0,0,0,1,0.0,Y,3,0,0,0,0,2,0.0,Z,3,0,0,0,0,2,0.0,C,3,0,0,0,0,1,0.0,A,3,0,0,0,0,1,0.0
9.5,O1234_JOB1,4,0.0,0.0,0.9,917.0,N20 T1 M6,20,0,5,58,S1,24.7,2,0,0,0,2,0,8000,100,3,0,19,0,,0.0,0.0,0.0,0.0,X,3,0,0,0,0,2,0.0,Y,3,0,0,0,0,0,0.0,Z,3,0,0,0,0,1,0.0,C,3,0,0,0,0,1,0.0,A,3,0,0,0,0,1,0.0
9.6,O1234_JOB1,4,0.0,0.0,0.9,917.0,N20 T1 M6,20,0,5,58,S1,24.7,2,0,0,0,2,0,8000,100,0,0,19,0,,0.0,0.0,0.0,0.0,X,3,0,0,0,0,2,0.0,Y,3,0,0,0,0,0,0.0,Z,3,0,0,0,0,0,0.0,C,3,0,0,0,0,0,0.0,A,3,0,0,0,0,0,0.0
9.7,O1234_JOB1,4,0.0,0.0,0.9,917.0,N20 T1 M6,20,0,5,58,S1,24.7,2,0,0,0,2,0,8000,100,1,0,19,0,,0.0,0.0,0.0,0.0,X,3,0,0,0,0,0,0.0,Y,3,0,0,0,0,2,0.0,Z,3,0,0,0,0,1,0.0,C,3,0,0,0,0,1,0.0,A,3,0,0,0,0,2,0.0
9.8,O1234_JOB1,4,0.0,0.0,0.9,917.0,N20 T1 M6,20,0,5,58,S1,24.7,2,0,0,0,2,0,8000,100,0,0,19,0,,0.0,0.0,0.0,0.0,X,3,0,0,0,0,0,0.0,Y,3,0,0,0,0,0,0.0,Z,3,0,0,0,0,1,0.0,C,3,0,0,0,0,2,0.0,A,3,0,0,0,0,1,0.0
9.9,O1234_JOB1,4,0.0,0.0,0.9,917.0,N20 T1 M6,20,0,5,58,S1,24.7,2,0,0,0,2,0,8000,100,2,0,19,0,,0.0,0.0,0.0,0.0,X,3,0,0,0,0,0,0.0,Y,3,0,0,0,0,2,0.0,Z,3,0,0,0,0,0,0.0,C,3,0,0,0,0,2,0.0,A,3,0,0,0,0,2,0.0
10.0,O1234_JOB1,4,0.0,0.0,0.9,917.0,N20 T1 M6,20,0,5,58,S1,24.7,2,0,0,0,2,0,8000,100,3,0,19,1,T01_DRILL_10MM,100.5,0.0,0.0,5.0,X,3,0,0,0,0,2,0.0,Y,3,0,0,0,0,2,0.0,Z,3,0,0,0,0,1,0.0,C,3,0,0,0,0,2,0.0,A,3,0,0,0,0,2,0.0
10.1,O1234_JOB1,4,0.0,0.0,0.9,917.0,N20 T1 M6,20,0,5,58,S1,24.7,2,0,0,0,2,0,8000,100,3,0,19,1,T01_DRILL_10MM,100.5,0.0,0.0,5.0,X,3,0,0,0,0,2,0.0,Y,3,0,0,0,0,2,0.0,Z,3,0,0,0,0,2,0.0,C,3,0,0,0,0,1,0.0,A,3,0,0,0,0,1,0.0
10.2,O1234_JOB1,4,0.0,0.0,0.9,917.0,N20 T1 M6,20,0,5,58,S1,24.7,2,0,0,0,2,0,8000,100,1,0,19,1,T01_DRILL_10MM,100.5,0.0,0.0,5.0,X,3,0,0,0,0,0,0.0,Y,3,0,0,0,0,1,0.0,Z,3,0,0,0,0,2,0.0,C,3,0,0,0,0,2,0.0,A,3,0,0,0,0,2,0.0
10.3,O1234_JOB1,4,0.0,0.0,0.9,917.0,N20 T1 M6,20,0,5,58,S1,24.7,2,0,0,0,2,0,8000,100,0,0,19,1,T01_DRILL_10MM,100.5,0.0,0.0,5.0,X,3,0,0,0,0,0,0.0,Y,3,0,0,0,0,1,0.0,Z,3,0,0,0,0,1,0.0,C,3,0,0,0,0,0,0.0,A,3,0,0,0,0,1,0.0
10.4,O1234_JOB1,4,0.0,0.0,0.9,917.0,N20 T1 M6,20,0,5,58,S1,24.7,2,0,0,0,2,0,8000,100,2,0,19,1,T01_DRILL_10MM,100.5,0.0,0.0,5.0,X,3,0,0,0,0,1,0.0,Y,3,0,0,0,0,2,0.0,Z,3,0,0,0,0,1,0.0,C,3,0,0,0,0,2,0.0,A,3,0,0,0,0,0,0.0
10.5,O1234_JOB1,4,0.0,0.0,0.9,917.0,N20 T1 M6,20,0,5,58,S1,24.7,2,0,0,0,2,0,8000,100,2,0,19,1,T01_DRILL_10MM,100.5,0.0,0.0,5.0,X,3,0,0,0,0,2,0.0,Y,3,0,0,0,0,1,0.0,Z,3,0,0,0,0,2,0.0,C,3,0,0,0,0,0,0.0,A,3,0,0,0,0,0,0.0
10.6,O1234_JOB1,4,0.0,0.0,0.9,917.0,N20 T1 M6,20,0,5,58,S1,24.7,2,0,0,0,2,0,8000,100,1,0,19,1,T01_DRILL_10MM,100.5,0.0,0.0,5.0,X,3,0,0,0,0,1,0.0,Y,3,0,0,0,0,0,0.0,Z,3,0,0,0,0,2,0.0,C,3,0,0,0,0,2,0.0,A,3,0,0,0,0,1,0.0
10.7,O1234_JOB1,4,0.0,0.0,0.9,917.0,N20 T1 M6,20,0,5,58,S1,24.7,2,0,0,0,2,0,8000,100,1,0,19,1,T01_DRILL_10MM,100.5,0.0,0.0,5.0,X,3,0,0,0,0,1,0.0,Y,3,0,0,0,0,0,0.0,Z,3,0,0,0,0,1,0.0,C,3,0,0,0,0,2,0.0,A,3,0,0,0,0,1,0.0
10.8,O1234_JOB1,4,0.0,0.0,0.9,917.0,N20 T1 M6,20,0,5,58,S1,24.7,2,0,0,0,2,0,8000,100,0,0,19,1,T01_DRILL_10MM,100.5,0.0,0.0,5.0,X,3,0,0,0,0,1,0.0,Y,3,0,0,0,0,2,0.0,Z,3,0,0,0,0,2,0.0,C,3,0,0,0,0,2,0.0,A,3,0,0,0,0,2,0.0
10.9,O1234_JOB1,4,0.0,0.0,0.9,917.0,N20 T1 M6,20,0,5,58,S1,24.7,2,0,0,0,2,0,8000,100,3,0,19,1,T01_DRILL_10MM,100.5,0.0,0.0,5.0,X,3,0,0,0,0,0,0.0,Y,3,0,0,0,0,0,0.0,Z,3,0,0,0,0,1,0.0,C,3,0,0,0,0,2,0.0,A,3,0,0,0,0,0,0.0
11.0,O1234_JOB1,4,0.0,0.0,0.9,917.0,N20 T1 M6,20,0,5,58,S1,24.7,2,0,0,0,2,0,8000,100,0,0,19,1,T01_DRILL_10MM,100.5,0.0,0.0,5.0,X,3,0,0,0,0,0,0.0,Y,3,0,0,0,0,2,0.0,Z,3,0,0,0,0,1,0.0,C,3,0,0,0,0,1,0.0,A,3,0,0,0,0,0,0.0
11.1,O1234_JOB1,4,0.0,0.0,0.9,917.0,N20 T1 M6,20,0,5,58,S1,24.7,2,0,0,0,2,0,8000,100,1,0,19,1,T01_DRILL_10MM,100.5,0.0,0.0,5.0,X,3,0,0,0,0,0,0.0,Y,3,0,0,0,0,0,0.0,Z,3,0,0,0,0,2,0.0,C,3,0,0,0,0,1,0.0,A,3,0,0,0,0,1,0.0
11.2,O1234_JOB1,4,0.0,0.0,0.9,917.0,N20 T1 M6,20,0,5,58,S1,24.7,2,0,0,0,2,0,8000,100,1,0,19,1,T01_DRILL_10MM,100.5,0.0,0.0,5.0,X,3,0,0,0,0,0,0.0,Y,3,0,0,0,0,0,0.0,Z,3,0,0,0,0,1,0.0,C,3,0,0,0,0,0,0.0,A,3,0,0,0,0,0,0.0
11.3,O1234_JOB1,4,0.0,0.0,0.9,917.0,N20 T1 M6,20,0,5,58,S1,24.7,2,0,0,0,2,0,8000,100,1,0,19,1,T01_DRILL_10MM,100.5,0.0,0.0,5.0,X,3,0,0,0,0,0,0.0,Y,3,0,0,0,0,2,0.0,Z,3,0,0,0,0,2,0.0,C,3,0,0,0,0,2,0.0,A,3,0,0,0,0,2,0.0
11.4,O1234_JOB1,4,0.0,0.0,0.9,917.0,N20 T1 M6,20,0,5,58,S1,24.7,2,0,0,0,2,0,8000,100,3,0,19,1,T01_DRILL_10MM,100.5,0.0,0.0,5.0,X,3,0,0,0,0,0,0.0,Y,3,0,0,0,0,1,0.0,Z,3,0,0,0,0,1,0.0,C,3,0,0,0,0,2,0.0,A,3,0,0,0,0,1,0.0
11.5,O1234_JOB1,4,0.0,0.0,0.9,917.0,N20 T1 M6,20,0,5,58,S1,24.7,2,0,0,0,2,0,8000,100,0,0,19,1,T01_DRILL_10MM,100.5,0.0,0.0,5.0,X,3,0,0,0,0,2,0.0,Y,3,0,0,0,0,0,0.0,Z,3,0,0,0,0,0,0.0,C,3,0,0,0,0,0,0.0,A,3,0,0,0,0,2,0.0
11.6,O1234_JOB1,4,0.0,0.0,0.9,917.0,N20 T1 M6,20,0,5,58,S1,24.7,2,0,0,0,2,0,8000,100,1,0,19,1,T01_DRILL_10MM,100.5,0.0,0.0,5.0,X,3,0,0,0,0,2,0.0,Y,3,0,0,0,0,2,0.0,Z,3,0,0,0,0,1,0.0,C,3,0,0,0,0,1,0.0,A,3,0,0,0,0,0,0.0
11.7,O1234_JOB1,4,0.0,0.0,0.9,917.0,N20 T1 M6,20,0,5,58,S1,24.7,2,0,0,0,2,0,8000,100,3,0,19,1,T01_DRILL_10MM,100.5,0.0,0.0,5.0,X,3,0,0,0,0,0,0.0,Y,3,0,0,0,0,0,0.0,Z,3,0,0,0,0,1,0.0,C,3,0,0,0,0,2,0.0,A,3,0,0,0,0,2,0.0
11.8,O1234_JOB1,4,0.0,0.0,0.9,917.0,N20 T1 M6,20,0,5,58,S1,24.7,2,0,0,0,2,0,8000,100,1,0,19,1,T01_DRILL_10MM,100.5,0.0,0.0,5.0,X,3,0,0,0,0,1,0.0,Y,3,0,0,0,0,1,0.0,Z,3,0,0,0,0,0,0.0,C,3,0,0,0,0,2,0.0,A,3,0,0,0,0,0,0.0
11.9,O1234_JOB1,4,0.0,0.0,0.9,917.0,N20 T1 M6,20,0,5,58,S1,24.7,0,0,0,0,2,0,8000,100,3,0,19,1,T01_DRILL_10MM,100.5,0.0,0.0,5.0,X,3,0,0,0,0,0,0.0,Y,3,0,0,0,0,2,0.0,Z,3,0,0,0,0,0,0.0,C,3,0,0,0,0,2,0.0,A,3,0,0,0,0,1,0.0
12.0,O1234_JOB1,4,0.0,0.0,0.9,917.0,N20 T1 M6,20,0,5,58,S1,24.7,0,0,0,0,2,0,8000,100,1,0,19,1,T01_DRILL_10MM,100.5,0.0,0.0,5.0,X,3,0,0,0,0,0,0.0,Y,3,0,0,0,0,1,0.0,Z,3,0,0,0,0,2,0.0,C,3,0,0,0,0,2,0.0,A,3,0,0,0,0,0,0.0
12.1,O1234_JOB1,4,0.0,0.0,0.9,917.0,N20 T1 M6,20,0,5,58,S1,24.7,0,0,0,0,2,0,8000,100,2,0,19,1,T01_DRILL_10MM,100.5,0.0,0.0,5.0,X,3,0,0,0,0,1,0.0,Y,3,0,0,0,0,0,0.0,Z,3,0,0,0,0,2,0.0,C,3,0,0,0,0,2,0.0,A,3,0,0,0,0,2,0.0
12.2,O1234_JOB1,4,0.0,0.0,0.9,917.0,N20 T1 M6,20,0,5,58,S1,24.7,0,0,0,0,2,0,8000,100,3,0,19,1,T01_DRILL_10MM,100.5,0.0,0.0,5.0,X,3,0,0,0,0,1,0.0,Y,3,0,0,0,0,0,0.0,Z,3,0,0,0,0,0,0.0,C,3,0,0,0,0,1,0.0,A,3,0,0,0,0,1,0.0
12.3,O1234_JOB1,4,0.0,0.0,0.9,917.0,N20 T1 M6,20,0,5,58,S1,24.6,0,0,0,0,2,0,8000,100,0,0,19,1,T01_DRILL_10MM,100.5,0.0,0.0,5.0,X,3,0,0,0,0,2,0.0,Y,3,0,0,0,0,0,0.0,Z,3,0,0,0,0,1,0.0,C,3,0,0,0,0,0,0.0,A,3,0,0,0,0,0,0.0
12.4,O1234_JOB1,4,0.0,0.0,0.9,917.0,N20 T1 M6,20,0,5,58,S1,24.6,0,0,0,0,2,0,8000,100,3,0,19,1,T01_DRILL_10MM,100.5,0.0,0.0,5.0,X,3,0,0,0,0,0,0.0,Y,3,0,0,0,0,1,0.0,Z,3,0,0,0,0,0,0.0,C,3,0,0,0,0,1,0.0,A,3,0,0,0,0,2,0.0
12.5,O1234_JOB1,4,0.0,0.0,0.9,917.0,N20 T1 M6,20,0,5,58,S1,24.6,0,0,0,0,2,0,8000,100,2,0,19,1,T01_DRILL_10MM,100.5,0.0,0.0,5.0,X,3,0,0,0,0,1,0.0,Y,3,0,0,0,0,0,0.0,Z,3,0,0,0,0,2,0.0,C,3,0,0,0,0,2,0.0,A,3,0,0,0,0,2,0.0
12.6,O1234_JOB1,4,0.0,0.0,0.9,917.0,N20 T1 M6,20,0,5,58,S1,24.6,0,0,0,0,2,0,8000,100,2,0,19,1,T01_DRILL_10MM,100.5,0.0,0.0,5.0,X,3,0,0,0,0,2,0.0,Y,3,0,0,0,0,0,0.0,Z,3,0,0,0,0,2,0.0,C,3,0,0,0,0,1,0.0,A,3,0,0,0,0,2,0.0
12.7,O1234_JOB1,4,0.0,0.0,0.9,917.0,N20 T1 M6,20,0,5,58,S1,24.6,0,0,0,0,2,0,8000,100,2,0,19,1,T01_DRILL_10MM,100.5,0.0,0.0,5.0,X,3,0,0,0,0,0,0.0,Y,3,0,0,0,0,1,0.0,Z,3,0,0,0,0,2,0.0,C,3,0,0,0,0,1,0.0,A,3,0,0,0,0,2,0.0
12.8,O1234_JOB1,4,0.0,0.0,0.9,917.0,N20 T1 M6,20,0,5,58,S1,24.6,0,0,0,0,2,0,8000,100,1,0,19,1,T01_DRILL_10MM,100.5,0.0,0.0,5.0,X,3,0,0,0,0,1,0.0,Y,3,0,0,0,0,0,0.0,Z,3,0,0,0,0,2,0.0,C,3,0,0,0,0,1,0.0,A,3,0,0,0,0,1,0.0
12.9,O1234_JOB1,4,0.0,0.0,0.9,917.0,N20 T1 M6,20,0,5,58,S1,24.6,0,0,0,0,2,0,8000,100,2,0,19,1,T01_DRILL_10MM,100.5,0.0,0.0,5.0,X,3,0,0,0,0,2,0.0,Y,3,0,0,0,0,2,0.0,Z,3,0,0,0,0,2,0.0,C,3,0,0,0,0,0,0.0,A,3,0,0,0,0,0,0.0
13.0,O1234_JOB1,4,0.0,0.0,0.9,917.0,N20 T1 M6,20,0,5,58,S1,24.6,0,0,0,0,2,0,8000,100,2,0,19,1,T01_DRILL_10MM,100.5,0.0,0.0,5.0,X,3,0,0,0,0,1,0.0,Y,3,0,0,0,0,1,0.0,Z,3,0,0,0,0,2,0.0,C,3,0,0,0,0,2,0.0,A,3,0,0,0,0,1,0.0
13.1,O1234_JOB1,4,0.0,0.0,0.9,917.0,N30 S2500 M3,30,0,5,58,S1,24.6,0,0,2500,400,0,0,8000,100,3,0,19,1,T01_DRILL_10MM,100.5,0.0,0.0,5.0,X,3,0,0,0,0,0,0.0,Y,3,0,0,0,0,0,0.0,Z,3,0,0,0,0,1,0.0,C,3,0,0,0,0,1,0.0,A,3,0,0,0,0,0,0.0
13.2,O1234_JOB1,4,0.0,0.0,0.9,917.0,N30 S2500 M3,30,0,5,58,S1,24.6,0,0,2500,800,0,0,8000,100,5,0,19,1,T01_DRILL_10MM,100.5,0.0,0.0,5.0,X,3,0,0,0,0,1,0.0,Y,3,0,0,0,0,0,0.0,Z,3,0,0,0,0,0,0.0,C,3,0,0,0,0,0,0.0,A,3,0,0,0,0,0,0.0
13.3,O1234_JOB1,4,0.0,0.0,0.9,917.0,N30 S2500 M3,30,0,5,58,S1,24.6,0,0,2500,1200,0,0,8000,100,4,0,19,1,T01_DRILL_10MM,100.5,0.0,0.0,5.0,X,3,0,0,0,0,2,0.0,Y,3,0,0,0,0,1,0.0,Z,3,0,0,0,0,2,0.0,C,3,0,0,0,0,1,0.0,A,3,0,0,0,0,2,0.0
13.4,O1234_JOB1,4,0.0,0.0,0.9,917.0,N30 S2500 M3,30,0,5,58,S1,24.6,0,0,2500,1600,0,0,8000,100,5,0,19,1,T01_DRILL_10MM,100.5,0.0,0.0,5.0,X,3,0,0,0,0,0,0.0,Y,3,0,0,0,0,1,0.0,Z,3,0,0,0,0,0,0.0,C,3,0,0,0,0,0,0.0,A,3,0,0,0,0,0,0.0
13.5,O1234_JOB1,4,0.0,0.0,0.9,917.0,N30 S2500 M3,30,0,5,58,S1,24.6,0,0,2500,2000,0,0,8000,100,7,0,19,1,T01_DRILL_10MM,100.5,0.0,0.0,5.0,X,3,0,0,0,0,0,0.0,Y,3,0,0,0,0,0,0.0,Z,3,0,0,0,0,1,0.0,C,3,0,0,0,0,2,0.0,A,3,0,0,0,0,1,0.0
13.6,O1234_JOB1,4,0.0,0.0,0.9,917.0,N30 S2500 M3,30,0,5,58,S1,24.7,0,0,2500,2400,0,0,8000,100,6,0,19,1,T01_DRILL_10MM,100.5,0.0,0.0,5.0,X,3,0,0,0,0,0,0.0,Y,3,0,0,0,0,0,0.0,Z,3,0,0,0,0,2,0.0,C,3,0,0,0,0,0,0.0,A,3,0,0,0,0,0,0.0
13.7,O1234_JOB1,4,0.0,0.0,0.9,917.0,N30 S2500 M3,30,0,5,58,S1,24.7,0,0,2500,2500,0,0,8000,100,7,0,19,1,T01_DRILL_10MM,100.5,0.0,0.0,5.0,X,3,0,0,0,0,0,0.0,Y,3,0,0,0,0,2,0.0,Z,3,0,0,0,0,0,0.0,C,3,0,0,0,0,0,0.0,A,3,0,0,0,0,2,0.0
13.8,O1234_JOB1,4,0.0,0.0,0.9,917.0,N30 S2500 M3,30,0,5,58,S1,24.7,0,0,2500,2500,0,0,8000,100,4,0,19,1,T01_DRILL_10MM,100.5,0.0,0.0,5.0,X,3,0,0,0,0,1,0.0,Y,3,0,0,0,0,0,0.0,Z,3,0,0,0,0,0,0.0,C,3,0,0,0,0,2,0.0,A,3,0,0,0,0,2,0.0
13.9,O1234_JOB1,4,0.0,0.0,0.9,917.0,N30 S2500 M3,30,0,5,58,S1,24.7,0,0,2500,2500,0,0,8000,100,7,0,19,1,T01_DRILL_10MM,100.5,0.0,0.0,5.0,X,3,0,0,0,0,1,0.0,Y,3,0,0,0,0,2,0.0,Z,3,0,0,0,0,2,0.0,C,3,0,0,0,0,2,0.0,A,3,0,0,0,0,0,0.0
14.0,O1234_JOB1,4,0.0,0.0,0.9,917.0,N30 S2500 M3,30,0,5,58,S1,24.7,0,0,2500,2500,0,0,8000,100,6,0,19,1,T01_DRILL_10MM,100.5,0.0,0.0,5.0,X,3,0,0,0,0,2,0.0,Y,3,0,0,0,0,1,0.0,Z,3,0,0,0,0,2,0.0,C,3,0,0,0,0,2,0.0,A,3,0,0,0,0,1,0.0
14.1,O1234_JOB1,4,0.0,0.0,0.9,917.0,N30 S2500 M3,30,0,5,58,S1,24.7,0,0,2500,2500,0,0,8000,100,5,0,19,1,T01_DRILL_10MM,100.5,0.0,0.0,5.0,X,3,0,0,0,0,0,0.0,Y,3,0,0,0,0,0,0.0,Z,3,0,0,0,0,0,0.0,C,3,0,0,0,0,2,0.0,A,3,0,0,0,0,1,0.0
14.2,O1234_JOB1,4,0.0,0.0,0.9,917.0,N30 S2500 M3,30,0,5,58,S1,24.7,0,0,2500,2500,0,0,8000,100,5,0,19,1,T01_DRILL_10MM,100.5,0.0,0.0,5.0,X,3,0,0,0,0,0,0.0,Y,3,0,0,0,0,1,0.0,Z,3,0,0,0,0,0,0.0,C,3,0,0,0,0,2,0.0,A,3,0,0,0,0,1,0.0
14.3,O1234_JOB1,4,0.0,0.0,0.9,917.0,N30 S2500 M3,30,0,5,58,S1,24.7,0,0,2500,2500,0,0,8000,100,8,0,19,1,T01_DRILL_10MM,100.5,0.0,0.0,5.0,X,3,0,0,0,0,1,0.0,Y,3,0,0,0,0,2,0.0,Z,3,0,0,0,0,0,0.0,C,3,0,0,0,0,1,0.0,A,3,0,0,0,0,1,0.0
14.4,O1234_JOB1,4,0.0,0.0,0.9,917.0,N30 S2500 M3,30,0,5,58,S1,24.7,0,0,2500,2500,0,0,8000,100,5,0,19,1,T01_DRILL_10MM,100.5,0.0,0.0,5.0,X,3,0,0,0,0,2,0.0,Y,3,0,0,0,0,0,0.0,Z,3,0,0,0,0,2,0.0,C,3,0,0,0,0,0,0.0,A,3,0,0,0,0,2,0.0
14.5,O1234_JOB1,4,0.0,0.0,0.9,917.0,N30 S2500 M3,30,0,5,58,S1,24.7,0,0,2500,2500,0,0,8000,100,5,0,19,1,T01_DRILL_10MM,100.5,0.0,0.0,5.0,X,3,0,0,0,0,1,0.0,Y,3,0,0,0,0,1,0.0,Z,3,0,0,0,0,0,0.0,C,3,0,0,0,0,0,0.0,A,3,0,0,0,0,0,0.0
14.6,O1234_JOB1,4,0.0,0.0,0.9,917.0,N30 S2500 M3,30,0,5,58,S1,24.7,0,0,2500,2500,0,0,8000,100,4,0,19,1,T01_DRILL_10MM,100.5,0.0,0.0,5.0,X,3,0,0,0,0,2,0.0,Y,3,0,0,0,0,2,0.0,Z,3,0,0,0,0,2,0.0,C,3,0,0,0,0,1,0.0,A,3,0,0,0,0,2,0.0
14.7,O1234_JOB1,4,0.0,0.0,0.9,917.0,N30 S2500 M3,30,0,5,58,S1,24.7,0,0,2500,2500,0,0,8000,100,6,0,19,1,T01_DRILL_10MM,100.5,0.0,0.0,5.0,X,3,0,0,0,0,1,0.0,Y,3,0,0,0,0,0,0.0,Z,3,0,0,0,0,1,0.0,C,3,0,0,0,0,1,0.0,A,3,0,0,0,0,1,0.0
14.8,O1234_JOB1,4,0.0,0.0,0.9,917.0,N30 S2500 M3,30,0,5,58,S1,24.7,0,0,2500,2500,0,0,8000,100,7,0,19,1,T01_DRILL_10MM,100.5,0.0,0.0,5.0,X,3,0,0,0,0,1,0.0,Y,3,0,0,0,0,1,0.0,Z,3,0,0,0,0,2,0.0,C,3,0,0,0,0,0,0.0,A,3,0,0,0,0,0,0.0
14.9,O1234_JOB1,4,0.0,0.0,0.9,917.0,N30 S2500 M3,30,0,5,58,S1,24.7,0,0,2500,2500,0,0,8000,100,6,0,19,1,T01_DRILL_10MM,100.5,0.0,0.0,5.0,X,3,0,0,0,0,0,0.0,Y,3,0,0,0,0,2,0.0,Z,3,0,0,0,0,1,0.0,C,3,0,0,0,0,0,0.0,A,3,0,0,0,0,2,0.0
15.0,O1234_JOB1,4,0.0,0.0,0.9,917.0,N30 S2500 M3,30,0,5,58,S1,24.7,0,0,2500,2500,0,0,8000,100,7,0,19,1,T01_DRILL_10MM,100.5,0.0,0.0,5.0,X,3,0,0,0,0,2,0.0,Y,3,0,0,0,0,2,0.0,Z,3,0,0,0,0,2,0.0,C,3,0,0,0,0,1,0.0,A,3,0,0,0,0,0,0.0
15.1,O1234_JOB1,4,0.0,0.0,0.9,917.0,N30 S2500 M3,30,0,5,58,S1,24.7,0,0,2500,2500,0,0,8000,100,6,0,19,1,T01_DRILL_10MM,100.5,0.0,0.0,5.0,X,3,0,0,0,0,0,0.0,Y,3,0,0,0,0,0,0.0,Z,3,0,0,0,0,1,0.0,C,3,0,0,0,0,1,0.0,A,3,0,0,0,0,0,0.0
15.2,O1234_JOB1,4,0.0,0.0,0.9,917.0,N30 S2500 M3,30,0,5,58,S1,24.8,0,0,2500,2500,0,0,8000,100,8,0,19,1,T01_DRILL_10MM,100.5,0.0,0.0,5.0,X,3,0,0,0,0,2,0.0,Y,3,0,0,0,0,0,0.0,Z,3,0,0,0,0,0,0.0,C,3,0,0,0,0,2,0.0,A,3,0,0,0,0,2,0.0
15.3,O1234_JOB1,4,0.0,0.0,0.9,917.0,N30 S2500 M3,30,0,5,58,S1,24.8,0,0,2500,2500,0,0,8000,100,6,0,19,1,T01_DRILL_10MM,100.5,0.0,0.0,5.0,X,3,0,0,0,0,1,0.0,Y,3,0,0,0,0,0,0.0,Z,3,0,0,0,0,1,0.0,C,3,0,0,0,0,0,0.0,A,3,0,0,0,0,0,0.0
15.4,O1234_JOB1,4,0.0,0.0,0.9,917.0,N30 S2500 M3,30,0,5,58,S1,24.8,0,0,2500,2500,0,0,8000,100,4,0,19,1,T01_DRILL_10MM,100.5,0.0,0.0,5.0,X,3,0,0,0,0,1,0.0,Y,3,0,0,0,0,2,0.0,Z,3,0,0,0,0,1,0.0,C,3,0,0,0,0,1,0.0,A,3,0,0,0,0,2,0.0
15.5,O1234_JOB1,4,0.0,0.0,0.9,917.0,N30 S2500 M3,30,0,5,58,S1,24.8,0,0,2500,2500,0,0,8000,100,5,0,19,1,T01_DRILL_10MM,100.5,0.0,0.0,5.0,X,3,0,0,0,0,0,0.0,Y,3,0,0,0,0,2,0.0,Z,3,0,0,0,0,2,0.0,C,3,0,0,0,0,1,0.0,A,3,0,0,0,0,0,0.0
15.6,O1234_JOB1,4,0.0,0.0,0.9,917.0,N30 S2500 M3,30,0,5,58,S1,24.8,0,0,2500,2500,0,0,8000,100,8,0,19,1,T01_DRILL_10MM,100.5,0.0,0.0,5.0,X,3,0,0,0,0,2,0.0,Y,3,0,0,0,0,1,0.0,Z,3,0,0,0,0,1,0.0,C,3,0,0,0,0,0,0.0,A,3,0,0,0,0,2,0.0
15.7,O1234_JOB1,4,0.0,0.0,0.9,917.0,N30 S2500 M3,30,0,5,58,S1,24.8,0,0,2500,2500,0,0,8000,100,7,0,19,1,T01_DRILL_10MM,100.5,0.0,0.0,5.0,X,3,0,0,0,0,0,0.0,Y,3,0,0,0,0,2,0.0,Z,3,0,0,0,0,2,0.0,C,3,0,0,0,0,1,0.0,A,3,0,0,0,0,1,0.0
15.8,O1234_JOB1,4,0.0,0.0,0.9,917.0,N30 S2500 M3,30,0,5,58,S1,24.8,0,0,2500,2500,0,0,8000,100,7,0,19,1,T01_DRILL_10MM,100.5,0.0,0.0,5.0,X,3,0,0,0,0,2,0.0,Y,3,0,0,0,0,2,0.0,Z,3,0,0,0,0,2,0.0,C,3,0,0,0,0,2,0.0,A,3,0,0,0,0,0,0.0
15.9,O1234_JOB1,4,0.0,0.0,0.9,917.0,N30 S2500 M3,30,0,5,58,S1,24.8,0,0,2500,2500,0,0,8000,100,6,0,19,1,T01_DRILL_10MM,100.5,0.0,0.0,5.0,X,3,0,0,0,0,0,0.0,Y,3,0,0,0,0,0,0.0,Z,3,0,0,0,0,0,0.0,C,3,0,0,0,0,0,0.0,A,3,0,0,0,0,0,0.0
16.0,O1234_JOB1,4,0.0,0.0,0.9,917.0,N30 S2500 M3,30,0,5,58,S1,24.8,0,0,2500,2500,0,0,8000,100,8,0,19,1,T01_DRILL_10MM,100.5,0.0,0.0,5.0,X,3,0,0,0,0,1,0.0,Y,3,0,0,0,0,1,0.0,Z,3,0,0,0,0,2,0.0,C,3,0,0,0,0,2,0.0,A,3,0,0,0,0,1,0.0
16.1,O1234_JOB1,3,0.1,0.0,1.0,1009.0,N40 G00 X50.0 Y25.0,40,0,5,58,S1,24.8,0,0,2500,2500,0,0,8000,100,7,0,19,1,T01_DRILL_10MM,100.5,0.0,0.0,5.0,X,0,50,40,4,70,44,24000.0,Y,0,25,25,4,70,40,15000.0,Z,3,0,0,0,0,0,0.0,C,3,0,0,0,0,1,0.0,A,3,0,0,0,0,2,0.0
16.2,O1234_JOB1,3,0.2,0.0,1.1,1115.0,N40 G00 X50.0 Y25.0,40,0,5,58,S1,24.8,0,0,2500,2500,0,0,8000,100,4,0,19,1,T01_DRILL_10MM,100.5,0.0,0.0,5.0,X,0,10,50,0,-70,32,6000.0,Y,3,0,25,0,0,2,0.0,Z,3,0,0,0,0,2,0.0,C,3,0,0,0,0,0,0.0,A,3,0,0,0,0,1,0.0
16.3,O1234_JOB1,3,0.3,0.0,1.2,1211.0,N40 G00 X50.0 Y25.0,40,0,5,58,S1,24.8,0,0,2500,2500,0,0,8000,100,5,0,19,1,T01_DRILL_10MM,100.5,0.0,0.0,5.0,X,3,0,50,0,0,1,0.0,Y,3,0,25,0,0,0,0.0,Z,3,0,0,0,0,2,0.0,C,3,0,0,0,0,0,0.0,A,3,0,0,0,0,0,0.0
16.4,O1234_JOB1,3,0.4,0.0,1.3,1304.0,N40 G00 X50.0 Y25.0,40,0,5,58,S1,24.8,0,0,2500,2500,0,0,8000,100,5,0,19,1,T01_DRILL_10MM,100.5,0.0,0.0,5.0,X,3,0,50,0,0,0,0.0,Y,3,0,25,0,0,1,0.0,Z,3,0,0,0,0,1,0.0,C,3,0,0,0,0,1,0.0,A,3,0,0,0,0,1,0.0
16.5,O1234_JOB1,3,0.5,0.0,1.4,1395.0,N40 G00 X50.0 Y25.0,40,0,5,58,S1,24.8,0,0,2500,2500,0,0,8000,100,8,0,19,1,T01_DRILL_10MM,100.5,0.0,0.0,5.0,X,3,0,50,0,0,2,0.0,Y,3,0,25,0,0,0,0.0,Z,3,0,0,0,0,0,0.0,C,3,0,0,0,0,2,0.0,A,3,0,0,0,0,1,0.0
16.6,O1234_JOB1,3,0.6,0.0,1.5,1505.0,N40 G00 X50.0 Y25.0,40,0,5,58,S1,24.8,0,0,2500,2500,0,0,8000,100,4,0,19,1,T01_DRILL_10MM,100.5,0.0,0.0,5.0,X,3,0,50,0,0,2,0.0,Y,3,0,25,0,0,2,0.0,Z,3,0,0,0,0,0,0.0,C,3,0,0,0,0,2,0.0,A,3,0,0,0,0,2,0.0
16.7,O1234_JOB1,3,0.7,0.0,1.6,1606.0,N40 G00 X50.0 Y25.0,40,0,5,58,S1,24.9,0,0,2500,2500,0,0,8000,100,7,0,19,1,T01_DRILL_10MM,100.5,0.0,0.0,5.0,X,3,0,50,0,0,0,0.0,Y,3,0,25,0,0,1,0.0,Z,3,0,0,0,0,2,0.0,C,3,0,0,0,0,1,0.0,A,3,0,0,0,0,1,0.0
16.8,O1234_JOB1,3,0.8,0.0,1.7,1707.0,N40 G00 X50.0 Y25.0,40,0,5,58,S1,24.9,0,0,2500,2500,0,0,8000,100,5,0,19,1,T01_DRILL_10MM,100.5,0.0,0.0,5.0,X,3,0,50,0,0,1,0.0,Y,3,0,25,0,0,1,0.0,Z,3,0,0,0,0,0,0.0,C,3,0,0,0,0,1,0.0,A,3,0,0,0,0,2,0.0
16.9,O1234_JOB1,3,0.9,0.0,1.8,1805.0,N40 G00 X50.0 Y25.0,40,0,5,58,S1,24.9,0,0,2500,2500,0,0,8000,100,4,0,19,1,T01_DRILL_10MM,100.5,0.0,0.0,5.0,X,3,0,50,0,0,2,0.0,Y,3,0,25,0,0,1,0.0,Z,3,0,0,0,0,0,0.0,C,3,0,0,0,0,0,0.0,A,3,0,0,0,0,1,0.0
17.0,O1234_JOB1,3,1.0,0.0,1.9,1913.0,N40 G00 X50.0 Y25.0,40,0,5,58,S1,24.9,0,0,2500,2500,0,0,8000,100,7,0,19,1,T01_DRILL_10MM,100.5,0.0,0.0,5.0,X,3,0,50,0,0,1,0.0,Y,3,0,25,0,0,1,0.0,Z,3,0,0,0,0,2,0.0,C,3,0,0,0,0,1,0.0,A,3,0,0,0,0,2,0.0
17.1,O1234_JOB1,3,1.1,0.0,2.0,2014.0,N40 G00 X50.0 Y25.0,40,0,5,58,S1,24.9,0,0,2500,2500,0,0,8000,100,4,0,19,1,T01_DRILL_10MM,100.5,0.0,0.0,5.0,X,3,0,50,0,0,0,0.0,Y,3,0,25,0,0,1,0.0,Z,3,0,0,0,0,0,0.0,C,3,0,0,0,0,1,0.0,A,3,0,0,0,0,1,0.0
17.2,O1234_JOB1,3,1.2,0.0,2.1,2118.0,N40 G00 X50.0 Y25.0,40,0,5,58,S1,24.9,0,0,2500,2500,0,0,8000,100,8,0,19,1,T01_DRILL_10MM,100.5,0.0,0.0,5.0,X,3,0,50,0,0,0,0.0,Y,3,0,25,0,0,2,0.0,Z,3,0,0,0,0,1,0.0,C,3,0,0,0,0,0,0.0,A,3,0,0,0,0,0,0.0
17.3,O1234_JOB1,3,1.3,0.0,2.2,2216.0,N40 G00 X50.0 Y25.0,40,0,5,58,S1,24.9,0,0,2500,2500,0,0,8000,100,4,0,19,1,T01_DRILL_10MM,100.5,0.0,0.0,5.0,X,3,0,50,0,0,1,0.0,Y,3,0,25,0,0,0,0.0,Z,3,0,0,0,0,0,0.0,C,3,0,0,0,0,0,0.0,A,3,0,0,0,0,2,0.0
17.4,O1234_JOB1,3,1.4,0.0,2.3,2308.0,N40 G00 X50.0 Y25.0,40,0,5,58,S1,24.9,0,0,2500,2500,0,0,8000,100,8,0,19,1,T01_DRILL_10MM,100.5,0.0,0.0,5.0,X,3,0,50,0,0,0,0.0,Y,3,0,25,0,0,1,0.0,Z,3,0,0,0,0,2,0.0,C,3,0,0,0,0,2,0.0,A,3,0,0,0,0,2,0.0
17.5,O1234_JOB1,3,1.5,0.0,2.4,2414.0,N40 G00 X50.0 Y25.0,40,0,5,58,S1,24.9,0,0,2500,2500,0,0,8000,100,8,0,19,1,T01_DRILL_10MM,100.5,0.0,0.0,5.0,X,3,0,50,0,0,2,0.0,Y,3,0,25,0,0,2,0.0,Z,3,0,0,0,0,0,0.0,C,3,0,0,0,0,1,0.0,A,3,0,0,0,0,1,0.0
17.6,O1234_JOB1,3,1.6,0.0,2.5,2514.0,N40 G00 X50.0 Y25.0,40,0,5,58,S1,24.9,0,0,2500,2500,0,0,8000,100,4,0,19,1,T01_DRILL_10MM,100.5,0.0,0.0,5.0,X,3,0,50,0,0,1,0.0,Y,3,0,25,0,0,2,0.0,Z,3,0,0,0,0,0,0.0,C,3,0,0,0,0,1,0.0,A,3,0,0,0,0,0,0.0
17.7,O1234_JOB1,3,1.7,0.0,2.6,2624.0,N40 G00 X50.0 Y25.0,40,0,5,58,S1,24.9,0,0,2500,2500,0,0,8000,100,5,0,19,1,T01_DRILL_10MM,100.5,0.0,0.0,5.0,X,3,0,50,0,0,0,0.0,Y,3,0,25,0,0,0,0.0,Z,3,0,0,0,0,2,0.0,C,3,0,0,0,0,0,0.0,A,3,0,0,0,0,2,0.0
17.8,O1234_JOB1,3,1.8,0.0,2.7,2731.0,N40 G00 X50.0 Y25.0,40,0,5,58,S1,24.9,0,0,2500,2500,0,0,8000,100,6,0,19,1,T01_DRILL_10MM,100.5,0.0,0.0,5.0,X,3,0,50,0,0,1,0.0,Y,3,0,25,0,0,0,0.0,Z,3,0,0,0,0,1,0.0,C,3,0,0,0,0,1,0.0,A,3,0,0,0,0,1,0.0
17.9,O1234_JOB1,3,1.9,0.0,2.8,2823.0,N40 G00 X50.0 Y25.0,40,0,5,58,S1,24.9,0,0,2500,2500,0,0,8000,100,7,0,19,1,T01_DRILL_10MM,100.5,0.0,0.0,5.0,X,3,0,50,0,0,2,0.0,Y,3,0,25,0,0,1,0.0,Z,3,0,0,0,0,1,0.0,C,3,0,0,0,0,0,0.0,A,3,0,0,0,0,1,0.0
18.0,O1234_JOB1,3,2.0,0.0,2.9,2917.0,N40 G00 X50.0 Y25.0,40,0,5,58,S1,24.9,0,0,2500,2500,0,0,8000,100,7,0,19,1,T01_DRILL_10MM,100.5,0.0,0.0,5.0,X,3,0,50,0,0,0,0.0,Y,3,0,25,0,0,2,0.0,Z,3,0,0,0,0,1,0.0,C,3,0,0,0,0,1,0.0,A,3,0,0,0,0,1,0.0
18.1,O1234_JOB1,3,2.1,0.0,3.0,3010.0,N40 G00 X50.0 Y25.0,40,0,5,58,S1,24.9,0,0,2500,2500,0,0,8000,100,5,0,19,1,T01_DRILL_10MM,100.5,0.0,0.0,5.0,X,3,0,50,0,0,1,0.0,Y,3,0,25,0,0,2,0.0,Z,3,0,0,0,0,0,0.0,C,3,0,0,0,0,1,0.0,A,3,0,0,0,0,0,0.0
18.2,O1234_JOB1,3,2.2,0.0,3.1,3106.0,N40 G00 X50.0 Y25.0,40,0,5,58,S1,24.9,0,0,2500,2500,0,0,8000,100,8,0,19,1,T01_DRILL_10MM,100.5,0.0,0.0,5.0,X,3,0,50,0,0,1,0.0,Y,3,0,25,0,0,0,0.0,Z,3,0,0,0,0,1,0.0,C,3,0,0,0,0,1,0.0,A,3,0,0,0,0,2,0.0
18.3,O1234_JOB1,3,2.3,0.0,3.2,3197.0,N40 G00 X50.0 Y25.0,40,0,5,58,S1,25.0,0,0,2500,2500,0,0,8000,100,8,0,19,1,T01_DRILL_10MM,100.5,0.0,0.0,5.0,X,3,0,50,0,0,0,0.0,Y,3,0,25,0,0,1,0.0,Z,3,0,0,0,0,0,0.0,C,3,0,0,0,0,1,0.0,A,3,0,0,0,0,0,0.0
18.4,O1234_JOB1,3,2.4,0.0,3.3,3288.0,N40 G00 X50.0 Y25.0,40,0,5,58,S1,25.0,0,0,2500,2500,0,0,8000,100,5,0,19,1,T01_DRILL_10MM,100.5,0.0,0.0,5.0,X,3,0,50,0,0,2,0.0,Y,3,0,25,0,0,1,0.0,Z,3,0,0,0,0,0,0.0,C,3,0,0,0,0,0,0.0,A,3,0,0,0,0,1,0.0
18.5,O1234_JOB1,3,2.5,0.0,3.4,3395.0,N40 G00 X50.0 Y25.0,40,0,5,58,S1,25.0,0,0,2500,2500,0,0,8000,100,5,0,19,1,T01_DRILL_10MM,100.5,0.0,0.0,5.0,X,3,0,50,0,0,1,0.0,Y,3,0,25,0,0,0,0.0,Z,3,0,0,0,0,2,0.0,C,3,0,0,0,0,1,0.0,A,3,0,0,0,0,0,0.0
18.6,O1234_JOB1,3,2.6,0.0,3.5,3499.0,N40 G00 X50.0 Y25.0,40,0,5,58,S1,25.0,0,0,2500,2500,0,0,8000,100,6,0,19,1,T01_DRILL_10MM,100.5,0.0,0.0,5.0,X,3,0,50,0,0,1,0.0,Y,3,0,25,0,0,2,0.0,Z,3,0,0,0,0,2,0.0,C,3,0,0,0,0,2,0.0,A,3,0,0,0,0,1,0.0
18.7,O1234_JOB1,3,2.7,0.0,3.6,3607.0,N40 G00 X50.0 Y25.0,40,0,5,58,S1,25.0,0,0,2500,2500,0,0,8000,100,6,0,19,1,T01_DRILL_10MM,100.5,0.0,0.0,5.0,X,3,0,50,0,0,2,0.0,Y,3,0,25,0,0,2,0.0,Z,3,0,0,0,0,0,0.0,C,3,0,0,0,0,0,0.0,A,3,0,0,0,0,2,0.0
18.8,O1234_JOB1,3,2.8,0.0,3.7,3712.0,N40 G00 X50.0 Y25.0,40,0,5,58,S1,25.0,0,0,2500,2500,0,0,8000,100,5,0,19,1,T01_DRILL_10MM,100.5,0.0,0.0,5.0,X,3,0,50,0,0,1,0.0,Y,3,0,25,0,0,0,0.0,Z,3,0,0,0,0,2,0.0,C,3,0,0,0,0,1,0.0,A,3,0,0,0,0,0,0.0
18.9,O1234_JOB1,3,2.9,0.0,3.8,3803.0,N40 G00 X50.0 Y25.0,40,0,5,58,S1,25.0,0,0,2500,2500,0,0,8000,100,6,0,19,1,T01_DRILL_10MM,100.5,0.0,0.0,5.0,X,3,0,50,0,0,2,0.0,Y,3,0,25,0,0,0,0.0,Z,3,0,0,0,0,0,0.0,C,3,0,0,0,0,0,0.0,A,3,0,0,0,0,2,0.0
19.0,O1234_JOB1,3,3.0,0.0,3.9,3905.0,N40 G00 X50.0 Y25.0,40,0,5,58,S1,25.0,0,0,2500,2500,0,0,8000,100,4,0,19,1,T01_DRILL_10MM,100.5,0.0,0.0,5.0,X,3,0,50,0,0,0,0.0,Y,3,0,25,0,0,2,0.0,Z,3,0,0,0,0,1,0.0,C,3,0,0,0,0,1,0.0,A,3,0,0,0,0,0,0.0
19.1,O1234_JOB1,3,3.1,0.0,4.0,4010.0,N40 G00 X50.0 Y25.0,40,0,5,58,S1,25.0,0,0,2500,2500,0,0,8000,100,7,0,19,1,T01_DRILL_10MM,100.5,0.0,0.0,5.0,X,3,0,50,0,0,1,0.0,Y,3,0,25,0,0,0,0.0,Z,3,0,0,0,0,0,0.0,C,3,0,0,0,0,2,0.0,A,3,0,0,0,0,0,0.0
19.2,O1234_JOB1,3,3.2,0.0,4.1,4107.0,N40 G00 X50.0 Y25.0,40,0,5,58,S1,25.0,0,0,2500,2500,0,0,8000,100,5,0,19,1,T01_DRILL_10MM,100.5,0.0,0.0,5.0,X,3,0,50,0,0,0,0.0,Y,3,0,25,0,0,2,0.0,Z,3,0,0,0,0,2,0.0,C,3,0,0,0,0,1,0.0,A,3,0,0,0,0,2,0.0
19.3,O1234_JOB1,3,3.3,0.0,4.2,4213.0,N40 G00 X50.0 Y25.0,40,0,5,58,S1,25.0,0,0,2500,2500,0,0,8000,100,7,0,19,1,T01_DRILL_10MM,100.5,0.0,0.0,5.0,X,3,0,50,0,0,1,0.0,Y,3,0,25,0,0,2,0.0,Z,3,0,0,0,0,1,0.0,C,3,0,0,0,0,1,0.0,A,3,0,0,0,0,2,0.0
19.4,O1234_JOB1,3,3.4,0.0,4.3,4303.0,N40 G00 X50.0 Y25.0,40,0,5,58,S1,25.0,0,0,2500,2500,0,0,8000,100,5,0,19,1,T01_DRILL_10MM,100.5,0.0,0.0,5.0,X,3,0,50,0,0,2,0.0,Y,3,0,25,0,0,0,0.0,Z,3,0,0,0,0,1,0.0,C,3,0,0,0,0,0,0.0,A,3,0,0,0,0,2,0.0
19.5,O1234_JOB1,3,3.5,0.0,4.4,4402.0,N40 G00 X50.0 Y25.0,40,0,5,58,S1,25.0,0,0,2500,2500,0,0,8000,100,5,0,19,1,T01_DRILL_10MM,100.5,0.0,0.0,5.0,X,3,0,50,0,0,2,0.0,Y,3,0,25,0,0,1,0.0,Z,3,0,0,0,0,1,0.0,C,3,0,0,0,0,2,0.0,A,3,0,0,0,0,1,0.0
19.6,O1234_JOB1,3,3.6,0.0,4.5,4501.0,N40 G00 X50.0 Y25.0,40,0,5,58,S1,25.0,0,0,2500,2500,0,0,8000,100,4,0,19,1,T01_DRILL_10MM,100.5,0.0,0.0,5.0,X,3,0,50,0,0,1,0.0,Y,3,0,25,0,0,2,0.0,Z,3,0,0,0,0,1,0.0,C,3,0,0,0,0,2,0.0,A,3,0,0,0,0,0,0.0
19.7,O1234_JOB1,3,3.7,0.0,4.6,4603.0,N40 G00 X50.0 Y25.0,40,0,5,58,S1,25.0,0,0,2500,2500,0,0,8000,100,6,0,19,1,T01_DRILL_10MM,100.5,0.0,0.0,5.0,X,3,0,50,0,0,1,0.0,Y,3,0,25,0,0,2,0.0,Z,3,0,0,0,0,2,0.0,C,3,0,0,0,0,2,0.0,A,3,0,0,0,0,2,0.0
19.8,O1234_JOB1,3,3.8,0.0,4.7,4710.0,N40 G00 X50.0 Y25.0,40,0,5,58,S1,25.0,0,0,2500,2500,0,0,8000,100,6,0,19,1,T01_DRILL_10MM,100.5,0.0,0.0,5.0,X,3,0,50,0,0,1,0.0,Y,3,0,25,0,0,1,0.0,Z,3,0,0,0,0,0,0.0,C,3,0,0,0,0,2,0.0,A,3,0,0,0,0,2,0.0
19.9,O1234_JOB1,3,3.9,0.0,4.8,4810.0,N40 G00 X50.0 Y25.0,40,0,5,58,S1,25.1,0,0,2500,2500,0,0,8000,100,6,0,19,1,T01_DRILL_10MM,100.5,0.0,0.0,5.0,X,3,0,50,0,0,2,0.0,Y,3,0,25,0,0,1,0.0,Z,3,0,0,0,0,0,0.0,C,3,0,0,0,0,1,0.0,A,3,0,0,0,0,2,0.0
20.0,O1234_JOB1,3,4.0,0.0,4.9,4918.0,N40 G00 X50.0 Y25.0,40,0,5,58,S1,25.1,0,0,2500,2500,0,0,8000,100,7,0,19,1,T01_DRILL_10MM,100.5,0.0,0.0,5.0,X,3,0,50,0,0,2,0.0,Y,3,0,25,0,0,2,0.0,Z,3,0,0,0,0,2,0.0,C,3,0,0,0,0,2,0.0,A,3,0,0,0,0,2,0.0
20.1,O1234_JOB1,3,4.1,0.0,5.0,5009.0,N50 G00 Z5.0,50,0,5,58,S1,25.1,0,0,2500,2500,0,0,8000,100,5,0,19,1,T01_DRILL_10MM,100.5,0.0,0.0,5.0,X,3,0,50,0,0,2,0.0,Y,3,0,25,0,0,0,0.0,Z,0,5,5,3,70,29,3000.0,C,3,0,0,0,0,2,0.0,A,3,0,0,0,0,0,0.0
20.2,O1234_JOB1,3,4.2,0.0,5.1,5117.0,N50 G00 Z5.0,50,0,5,58,S1,25.1,0,0,2500,2500,0,0,8000,100,4,0,19,1,T01_DRILL_10MM,100.5,0.0,0.0,5.0,X,3,0,50,0,0,2,0.0,Y,3,0,25,0,0,2,0.0,Z,3,0,5,0,0,2,0.0,C,3,0,0,0,0,1,0.0,A,3,0,0,0,0,1,0.0
20.3,O1234_JOB1,3,4.3,0.0,5.2,5225.0,N50 G00 Z5.0,50,0,5,58,S1,25.1,0,0,2500,2500,0,0,8000,100,7,0,19,1,T01_DRILL_10MM,100.5,0.0,0.0,5.0,X,3,0,50,0,0,1,0.0,Y,3,0,25,0,0,1,0.0,Z,3,0,5,0,0,1,0.0,C,3,0,0,0,0,2,0.0,A,3,0,0,0,0,1,0.0
20.4,O1234_JOB1,3,4.4,0.0,5.3,5326.0,N50 G00 Z5.0,50,0,5,58,S1,25.1,0,0,2500,2500,0,0,8000,100,6,0,19,1,T01_DRILL_10MM,100.5,0.0,0.0,5.0,X,3,0,50,0,0,1,0.0,Y,3,0,25,0,0,2,0.0,Z,3,0,5,0,0,1,0.0,C,3,0,0,0,0,2,0.0,A,3,0,0,0,0,1,0.0
20.5,O1234_JOB1,3,4.5,0.0,5.4,5435.0,N50 G00 Z5.0,50,0,5,58,S1,25.1,0,0,2500,2500,0,0,8000,100,7,0,19,1,T01_DRILL_10MM,100.5,0.0,0.0,5.0,X,3,0,50,0,0,1,0.0,Y,3,0,25,0,0,2,0.0,Z,3,0,5,0,0,0,0.0,C,3,0,0,0,0,0,0.0,A,3,0,0,0,0,0,0.0
20.6,O1234_JOB1,3,4.6,0.0,5.5,5540.0,N50 G00 Z5.0,50,0,5,58,S1,25.1,0,0,2500,2500,0,0,8000,100,5,0,19,1,T01_DRILL_10MM,100.5,0.0,0.0,5.0,X,3,0,50,0,0,1,0.0,Y,3,0,25,0,0,2,0.0,Z,3,0,5,0,0,2,0.0,C,3,0,0,0,0,1,0.0,A,3,0,0,0,0,0,0.0
20.7,O1234_JOB1,3,4.7,0.0,5.6,5646.0,N50 G00 Z5.0,50,0,5,58,S1,25.1,0,0,2500,2500,0,0,8000,100,7,0,19,1,T01_DRILL_10MM,100.5,0.0,0.0,5.0,X,3,0,50,0,0,1,0.0,Y,3,0,25,0,0,1,0.0,Z,3,0,5,0,0,1,0.0,C,3,0,0,0,0,2,0.0,A,3,0,0,0,0,0,0.0
20.8,O1234_JOB1,3,4.8,0.0,5.7,5756.0,N50 G00 Z5.0,50,0,5,58,S1,25.1,0,0,2500,2500,0,0,8000,100,8,0,19,1,T01_DRILL_10MM,100.5,0.0,0.0,5.0,X,3,0,50,0,0,1,0.0,Y,3,0,25,0,0,1,0.0,Z,3,0,5,0,0,2,0.0,C,3,0,0,0,0,1,0.0,A,3,0,0,0,0,1,0.0
20.9,O1234_JOB1,3,4.9,0.0,5.8,5849.0,N50 G00 Z5.0,50,0,5,58,S1,25.1,0,0,2500,2500,0,0,8000,100,8,0,19,1,T01_DRILL_10MM,100.5,0.0,0.0,5.0,X,3,0,50,0,0,0,0.0,Y,3,0,25,0,0,0,0.0,Z,3,0,5,0,0,0,0.0,C,3,0,0,0,0,2,0.0,A,3,0,0,0,0,1,0.0
21.0,O1234_JOB1,3,5.0,0.0,5.9,5950.0,N50 G00 Z5.0,50,0,5,58,S1,25.1,0,0,2500,2500,0,0,8000,100,5,0,19,1,T01_DRILL_10MM,100.5,0.0,0.0,5.0,X,3,0,50,0,0,1,0.0,Y,3,0,25,0,0,1,0.0,Z,3,0,5,0,0,1,0.0,C,3,0,0,0,0,2,0.0,A,3,0,0,0,0,2,0.0
21.1,O1234_JOB1,3,5.1,0.0,6.0,6042.0,N50 G00 Z5.0,50,0,5,58,S1,25.1,0,0,2500,2500,0,0,8000,100,4,0,19,1,T01_DRILL_10MM,100.5,0.0,0.0,5.0,X,3,0,50,0,0,0,0.0,Y,3,0,25,0,0,2,0.0,Z,3,0,5,0,0,2,0.0,C,3,0,0,0,0,2,0.0,A,3,0,0,0,0,0,0.0
21.2,O1234_JOB1,3,5.2,0.0,6.1,6135.0,N50 G00 Z5.0,50,0,5,58,S1,25.1,0,0,2500,2500,0,0,8000,100,5,0,19,1,T01_DRILL_10MM,100.5,0.0,0.0,5.0,X,3,0,50,0,0,2,0.0,Y,3,0,25,0,0,1,0.0,Z,3,0,5,0,0,2,0.0,C,3,0,0,0,0,1,0.0,A,3,0,0,0,0,1,0.0
21.3,O1234_JOB1,3,5.3,0.0,6.2,6226.0,N50 G00 Z5.0,50,0,5,58,S1,25.1,0,0,2500,2500,0,0,8000,100,8,0,19,1,T01_DRILL_10MM,100.5,0.0,0.0,5.0,X,3,0,50,0,0,0,0.0,Y,3,0,25,0,0,1,0.0,Z,3,0,5,0,0,0,0.0,C,3,0,0,0,0,0,0.0,A,3,0,0,0,0,2,0.0
21.4,O1234_JOB1,3,5.4,0.0,6.3,6335.0,N50 G00 Z5.0,50,0,5,58,S1,25.1,0,0,2500,2500,0,0,8000,100,5,0,19,1,T01_DRILL_10MM,100.5,0.0,0.0,5.0,X,3,0,50,0,0,0,0.0,Y,3,0,25,0,0,0,0.0,Z,3,0,5,0,0,2,0.0,C,3,0,0,0,0,2,0.0,A,3,0,0,0,0,1,0.0
21.5,O1234_JOB1,3,5.5,0.0,6.4,6437.0,N50 G00 Z5.0,50,0,5,58,S1,25.2,0,0,2500,2500,0,0,8000,100,4,0,19,1,T01_DRILL_10MM,100.5,0.0,0.0,5.0,X,3,0,50,0,0,2,0.0,Y,3,0,25,0,0,1,0.0,Z,3,0,5,0,0,1,0.0,C,3,0,0,0,0,0,0.0,A,3,0,0,0,0,0,0.0
21.6,O1234_JOB1,3,5.6,0.0,6.5,6535.0,N50 G00 Z5.0,50,0,5,58,S1,25.2,0,0,2500,2500,0,0,8000,100,4,0,19,1,T01_DRILL_10MM,100.5,0.0,0.0,5.0,X,3,0,50,0,0,2,0.0,Y,3,0,25,0,0,2,0.0,Z,3,0,5,0,0,2,0.0,C,3,0,0,0,0,1,0.0,A,3,0,0,0,0,2,0.0
21.7,O1234_JOB1,3,5.7,0.0,6.6,6634.0,N50 G00 Z5.0,50,0,5,58,S1,25.2,0,0,2500,2500,0,0,8000,100,6,0,19,1,T01_DRILL_10MM,100.5,0.0,0.0,5.0,X,3,0,50,0,0,0,0.0,Y,3,0,25,0,0,0,0.0,Z,3,0,5,0,0,0,0.0,C,3,0,0,0,0,1,0.0,A,3,0,0,0,0,2,0.0
21.8,O1234_JOB1,3,5.8,0.0,6.7,6734.0,N50 G00 Z5.0,50,0,5,58,S1,25.2,0,0,2500,2500,0,0,8000,100,6,0,19,1,T01_DRILL_10MM,100.5,0.0,0.0,5.0,X,3,0,50,0,0,0,0.0,Y,3,0,25,0,0,0,0.0,Z,3,0,5,0,0,0,0.0,C,3,0,0,0,0,2,0.0,A,3,0,0,0,0,1,0.0
21.9,O1234_JOB1,3,5.9,0.0,6.8,6828.0,N50 G00 Z5.0,50,0,5,58,S1,25.2,0,0,2500,2500,0,0,8000,100,6,0,19,1,T01_DRILL_10MM,100.5,0.0,0.0,5.0,X,3,0,50,0,0,2,0.0,Y,3,0,25,0,0,0,0.0,Z,3,0,5,0,0,0,0.0,C,3,0,0,0,0,0,0.0,A,3,0,0,0,0,0,0.0
22.0,O1234_JOB1,3,6.0,0.0,6.9,6929.0,N50 G00 Z5.0,50,0,5,58,S1,25.2,0,0,2500,2500,0,0,8000,100,7,0,19,1,T01_DRILL_10MM,100.5,0.0,0.0,5.0,X,3,0,50,0,0,2,0.0,Y,3,0,25,0,0,2,0.0,Z,3,0,5,0,0,1,0.0,C,3,0,0,0,0,1,0.0,A,3,0,0,0,0,1,0.0
22.1,O1234_JOB1,3,6.1,0.1,7.0,7034.0,N60 G01 Z-10.0 F800,60,0,5,58,S1,25.2,0,0,2500,2500,0,0,8000,100,6,0,19,1,T01_DRILL_10MM,100.5,0.0,0.0,5.0,X,3,0,50,0,0,0,0.0,Y,3,0,25,0,0,0,0.0,Z,1,0,4,0,-70,43,800.0,C,3,0,0,0,0,2,0.0,A,3,0,0,0,0,2,0.0
22.2,O1234_JOB1,3,6.2,0.2,7.1,7135.0,N60 G01 Z-10.0 F800,60,0,5,58,S1,25.2,0,0,2500,2500,0,0,8000,100,34,0,19,1,T01_DRILL_10MM,100.5,0.0,0.0,5.0,X,3,0,50,0,0,1,0.0,Y,3,0,25,0,0,0,0.0,Z,1,0,2,3,70,51,800.0,C,3,0,0,0,0,2,0.0,A,3,0,0,0,0,1,0.0
22.3,O1234_JOB1,3,6.3,0.3,7.2,7229.0,N60 G01 Z-10.0 F800,60,0,5,58,S1,25.2,0,0,2500,2500,0,0,8000,100,30,0,19,1,T01_DRILL_10MM,100.5,0.0,0.0,5.0,X,3,0,50,0,0,1,0.0,Y,3,0,25,0,0,2,0.0,Z,1,0,1,3,70,50,800.0,C,3,0,0,0,0,0,0.0,A,3,0,0,0,0,0,0.0
22.4,O1234_JOB1,3,6.4,0.4,7.3,7320.0,N60 G01 Z-10.0 F800,60,0,5,58,S1,25.2,0,0,2500,2500,0,0,8000,100,34,0,19,1,T01_DRILL_10MM,100.5,0.0,0.0,5.0,X,3,0,50,0,0,1,0.0,Y,3,0,25,0,0,1,0.0,Z,1,0,0,3,70,53,800.0,C,3,0,0,0,0,2,0.0,A,3,0,0,0,0,2,0.0
22.5,O1234_JOB1,3,6.5,0.5,7.4,7422.0,N60 G01 Z-10.0 F800,60,0,5,58,S1,25.3,0,0,2500,2500,0,0,8000,100,28,0,19,1,T01_DRILL_10MM,100.5,0.0,0.0,5.0,X,3,0,50,0,0,1,0.0,Y,3,0,25,0,0,1,0.0,Z,1,0,0,3,70,43,800.0,C,3,0,0,0,0,2,0.0,A,3,0,0,0,0,2,0.0
22.6,O1234_JOB1,3,6.6,0.6,7.5,7521.0,N60 G01 Z-10.0 F800,60,0,5,58,S1,25.3,0,0,2500,2500,0,0,8000,100,38,0,19,1,T01_DRILL_10MM,100.5,0.0,0.0,5.0,X,3,0,50,0,0,1,0.0,Y,3,0,25,0,0,2,0.0,Z,1,0,0,3,70,51,800.0,C,3,0,0,0,0,2,0.0,A,3,0,0,0,0,1,0.0
22.7,O1234_JOB1,3,6.7,0.7,7.6,7616.0,N60 G01 Z-10.0 F800,60,0,5,58,S1,25.3,0,0,2500,2500,0,0,8000,100,30,0,19,1,T01_DRILL_10MM,100.5,0.0,0.0,5.0,X,3,0,50,0,0,1,0.0,Y,3,0,25,0,0,2,0.0,Z,1,0,0,3,70,53,800.0,C,3,0,0,0,0,2,0.0,A,3,0,0,0,0,0,0.0
22.8,O1234_JOB1,3,6.8,0.8,7.7,7717.0,N60 G01 Z-10.0 F800,60,0,5,58,S1,25.3,0,0,2500,2500,0,0,8000,100,38,0,19,1,T01_DRILL_10MM,100.5,0.0,0.0,5.0,X,3,0,50,0,0,1,0.0,Y,3,0,25,0,0,1,0.0,Z,1,0,0,3,70,48,800.0,C,3,0,0,0,0,2,0.0,A,3,0,0,0,0,2,0.0
22.9,O1234_JOB1,3,6.9,0.9,7.8,7814.0,N60 G01 Z-10.0 F800,60,0,5,58,S1,25.3,0,0,2500,2500,0,0,8000,100,37,0,19,1,T01_DRILL_10MM,100.5,0.0,0.0,5.0,X,3,0,50,0,0,2,0.0,Y,3,0,25,0,0,2,0.0,Z,1,0,0,3,70,54,800.0,C,3,0,0,0,0,2,0.0,A,3,0,0,0,0,0,0.0
23.0,O1234_JOB1,3,7.0,1.0,7.9,7919.0,N60 G01 Z-10.0 F800,60,0,5,58,S1,25.4,0,0,2500,2500,0,0,8000,100,28,0,19,1,T01_DRILL_10MM,100.5,0.0,0.0,5.0,X,3,0,50,0,0,0,0.0,Y,3,0,25,0,0,2,0.0,Z,1,0,0,3,70,50,800.0,C,3,0,0,0,0,2,0.0,A,3,0,0,0,0,0,0.0
23.1,O1234_JOB1,3,7.1,1.1,8.0,8020.0,N60 G01 Z-10.0 F800,60,0,5,58,S1,25.4,0,0,2500,2500,0,0,8000,100,34,0,19,1,T01_DRILL_10MM,100.5,0.0,0.0,5.0,X,3,0,50,0,0,2,0.0,Y,3,0,25,0,0,0,0.0,Z,1,0,0,3,70,41,800.0,C,3,0,0,0,0,0,0.0,A,3,0,0,0,0,2,0.0
23.2,O1234_JOB1,3,7.2,1.2,8.1,8110.0,N60 G01 Z-10.0 F800,60,0,5,58,S1,25.4,0,0,2500,2500,0,0,8000,100,30,0,19,1,T01_DRILL_10MM,100.5,0.0,0.0,5.0,X,3,0,50,0,0,2,0.0,Y,3,0,25,0,0,1,0.0,Z,1,0,0,3,70,51,200.0,C,3,0,0,0,0,0,0.0,A,3,0,0,0,0,0,0.0
23.3,O1234_JOB1,3,7.3,1.2,8.2,8218.0,N60 G01 Z-10.0 F800,60,0,5,58,S1,25.4,0,0,2500,2500,0,0,8000,100,36,0,19,1,T01_DRILL_10MM,100.5,0.0,0.0,5.0,X,3,0,50,0,0,2,0.0,Y,3,0,25,0,0,1,0.0,Z,3,0,0,0,0,1,0.0,C,3,0,0,0,0,1,0.0,A,3,0,0,0,0,2,0.0
23.4,O1234_JOB1,3,7.4,1.2,8.3,8320.0,N60 G01 Z-10.0 F800,60,0,5,58,S1,25.4,0,0,2500,2500,0,0,8000,100,7,0,19,1,T01_DRILL_10MM,100.5,0.0,0.0,5.0,X,3,0,50,0,0,0,0.0,Y,3,0,25,0,0,0,0.0,Z,3,0,0,0,0,2,0.0,C,3,0,0,0,0,1,0.0,A,3,0,0,0,0,0,0.0
23.5,O1234_JOB1,3,7.5,1.2,8.4,8413.0,N60 G01 Z-10.0 F800,60,0,5,58,S1,25.4,0,0,2500,2500,0,0,8000,100,6,0,19,1,T01_DRILL_10MM,100.5,0.0,0.0,5.0,X,3,0,50,0,0,2,0.0,Y,3,0,25,0,0,1,0.0,Z,3,0,0,0,0,0,0.0,C,3,0,0,0,0,0,0.0,A,3,0,0,0,0,2,0.0
23.6,O1234_JOB1,3,7.6,1.2,8.5,8515.0,N60 G01 Z-10.0 F800,60,0,5,58,S1,25.4,0,0,2500,2500,0,0,8000,100,6,0,19,1,T01_DRILL_10MM,100.5,0.0,0.0,5.0,X,3,0,50,0,0,1,0.0,Y,3,0,25,0,0,1,0.0,Z,3,0,0,0,0,0,0.0,C,3,0,0,0,0,0,0.0,A,3,0,0,0,0,2,0.0
23.7,O1234_JOB1,3,7.7,1.2,8.6,8608.0,N60 G01 Z-10.0 F800,60,0,5,58,S1,25.4,0,0,2500,2500,0,0,8000,100,5,0,19,1,T01_DRILL_10MM,100.5,0.0,0.0,5.0,X,3,0,50,0,0,2,0.0,Y,3,0,25,0,0,2,0.0,Z,3,0,0,0,0,1,0.0,C,3,0,0,0,0,1,0.0,A,3,0,0,0,0,2,0.0
23.8,O1234_JOB1,3,7.8,1.2,8.7,8705.0,N60 G01 Z-10.0 F800,60,0,5,58,S1,25.4,0,0,2500,2500,0,0,8000,100,7,0,19,1,T01_DRILL_10MM,100.5,0.0,0.0,5.0,X,3,0,50,0,0,1,0.0,Y,3,0,25,0,0,1,0.0,Z,3,0,0,0,0,0,0.0,C,3,0,0,0,0,2,0.0,A,3,0,0,0,0,0,0.0
23.9,O1234_JOB1,3,7.9,1.2,8.8,8814.0,N60 G01 Z-10.0 F800,60,0,5,58,S1,25.5,0,0,2500,2500,0,0,8000,100,7,0,19,1,T01_DRILL_10MM,100.5,0.0,0.0,5.0,X,3,0,50,0,0,1,0.0,Y,3,0,25,0,0,1,0.0,Z,3,0,0,0,0,2,0.0,C,3,0,0,0,0,0,0.0,A,3,0,0,0,0,0,0.0
24.0,O1234_JOB1,3,8.0,1.2,8.9,8907.0,N60 G01 Z-10.0 F800,60,0,5,58,S1,25.5,0,0,2500,2500,0,0,8000,100,5,0,19,1,T01_DRILL_10MM,100.5,0.0,0.0,5.0,X,3,0,50,0,0,2,0.0,Y,3,0,25,0,0,0,0.0,Z,3,0,0,0,0,0,0.0,C,3,0,0,0,0,2,0.0,A,3,0,0,0,0,0,0.0
24.1,O1234_JOB1,3,8.1,1.2,9.0,9016.0,N60 G01 Z-10.0 F800,60,0,5,58,S1,25.5,0,0,2500,2500,0,0,8000,100,6,0,19,1,T01_DRILL_10MM,100.5,0.0,0.0,5.0,X,3,0,50,0,0,2,0.0,Y,3,0,25,0,0,2,0.0,Z,3,0,0,0,0,2,0.0,C,3,0,0,0,0,1,0.0,A,3,0,0,0,0,2,0.0
24.2,O1234_JOB1,3,8.2,1.2,9.1,9122.0,N60 G01 Z-10.0 F800,60,0,5,58,S1,25.5,0,0,2500,2500,0,0,8000,100,7,0,19,1,T01_DRILL_10MM,100.5,0.0,0.0,5.0,X,3,0,50,0,0,1,0.0,Y,3,0,25,0,0,0,0.0,Z,3,0,0,0,0,2,0.0,C,3,0,0,0,0,0,0.0,A,3,0,0,0,0,2,0.0
24.3,O1234_JOB1,3,8.3,1.2,9.2,9230.0,N60 G01 Z-10.0 F800,60,0,5,58,S1,25.5,0,0,2500,2500,0,0,8000,100,6,0,19,1,T01_DRILL_10MM,100.5,0.0,0.0,5.0,X,3,0,50,0,0,0,0.0,Y,3,0,25,0,0,2,0.0,Z,3,0,0,0,0,2,0.0,C,3,0,0,0,0,0,0.0,A,3,0,0,0,0,1,0.0
24.4,O1234_JOB1,3,8.4,1.2,9.3,9322.0,N60 G01 Z-10.0 F800,60,0,5,58,S1,25.5,0,0,2500,2500,0,0,8000,100,8,0,19,1,T01_DRILL_10MM,100.5,0.0,0.0,5.0,X,3,0,50,0,0,0,0.0,Y,3,0,25,0,0,1,0.0,Z,3,0,0,0,0,1,0.0,C,3,0,0,0,0,0,0.0,A,3,0,0,0,0,1,0.0
24.5,O1234_JOB1,3,8.5,1.2,9.4,9414.0,N60 G01 Z-10.0 F800,60,0,5,58,S1,25.5,0,0,2500,2500,0,0,8000,100,8,0,19,1,T01_DRILL_10MM,100.5,0.0,0.0,5.0,X,3,0,50,0,0,0,0.0,Y,3,0,25,0,0,0,0.0,Z,3,0,0,0,0,2,0.0,C,3,0,0,0,0,1,0.0,A,3,0,0,0,0,0,0.0
24.6,O1234_JOB1,3,8.6,1.2,9.5,9519.0,N60 G01 Z-10.0 F800,60,0,5,58,S1,25.5,0,0,2500,2500,0,0,8000,100,7,0,19,1,T01_DRILL_10MM,100.5,0.0,0.0,5.0,X,3,0,50,0,0,0,0.0,Y,3,0,25,0,0,2,0.0,Z,3,0,0,0,0,2,0.0,C,3,0,0,0,0,1,0.0,A,3,0,0,0,0,2,0.0
24.7,O1234_JOB1,3,8.7,1.2,9.6,9610.0,N60 G01 Z-10.0 F800,60,0,5,58,S1,25.5,0,0,2500,2500,0,0,8000,100,8,0,19,1,T01_DRILL_10MM,100.5,0.0,0.0,5.0,X,3,0,50,0,0,2,0.0,Y,3,0,25,0,0,2,0.0,Z,3,0,0,0,0,1,0.0,C,3,0,0,0,0,1,0.0,A,3,0,0,0,0,0,0.0
24.8,O1234_JOB1,3,8.8,1.2,9.7,9713.0,N60 G01 Z-10.0 F800,60,0,5,58,S1,25.5,0,0,2500,2500,0,0,8000,100,5,0,19,1,T01_DRILL_10MM,100.5,0.0,0.0,5.0,X,3,0,50,0,0,2,0.0,Y,3,0,25,0,0,0,0.0,Z,3,0,0,0,0,2,0.0,C,3,0,0,0,0,2,0.0,A,3,0,0,0,0,1,0.0
24.9,O1234_JOB1,3,8.9,1.2,9.8,9810.0,N60 G01 Z-10.0 F800,60,0,5,58,S1,25.5,0,0,2500,2500,0,0,8000,100,8,0,19,1,T01_DRILL_10MM,100.5,0.0,0.0,5.0,X,3,0,50,0,0,2,0.0,Y,3,0,25,0,0,0,0.0,Z,3,0,0,0,0,1,0.0,C,3,0,0,0,0,0,0.0,A,3,0,0,0,0,1,0.0
25.0,O1234_JOB1,3,9.0,1.2,9.9,9905.0,N60 G01 Z-10.0 F800,60,0,5,58,S1,25.5,0,0,2500,2500,0,0,8000,100,8,0,19,1,T01_DRILL_10MM,100.5,0.0,0.0,5.0,X,3,0,50,0,0,1,0.0,Y,3,0,25,0,0,1,0.0,Z,3,0,0,0,0,0,0.0,C,3,0,0,0,0,0,0.0,A,3,0,0,0,0,2,0.0
25.1,O1234_JOB1,3,9.1,1.2,10.0,10009.0,N60 G01 Z-10.0 F800,60,0,5,58,S1,25.5,0,0,2500,2500,0,0,8000,100,8,0,19,1,T01_DRILL_10MM,100.5,0.0,0.0,5.0,X,3,0,50,0,0,0,0.0,Y,3,0,25,0,0,0,0.0,Z,3,0,0,0,0,2,0.0,C,3,0,0,0,0,2,0.0,A,3,0,0,0,0,1,0.0
25.2,O1234_JOB1,3,9.2,1.2,10.1,10114.0,N60 G01 Z-10.0 F800,60,0,5,58,S1,25.5,0,0,2500,2500,0,0,8000,100,6,0,19,1,T01_DRILL_10MM,100.5,0.0,0.0,5.0,X,3,0,50,0,0,2,0.0,Y,3,0,25,0,0,2,0.0,Z,3,0,0,0,0,0,0.0,C,3,0,0,0,0,0,0.0,A,3,0,0,0,0,1,0.0
25.3,O1234_JOB1,3,9.3,1.2,10.2,10223.0,N60 G01 Z-10.0 F800,60,0,5,58,S1,25.5,0,0,2500,2500,0,0,8000,100,8,0,19,1,T01_DRILL_10MM,100.5,0.0,0.0,5.0,X,3,0,50,0,0,2,0.0,Y,3,0,25,0,0,2,0.0,Z,3,0,0,0,0,1,0.0,C,3,0,0,0,0,0,0.0,A,3,0,0,0,0,1,0.0
25.4,O1234_JOB1,3,9.4,1.2,10.3,10332.0,N60 G01 Z-10.0 F800,60,0,5,58,S1,25.5,0,0,2500,2500,0,0,8000,100,6,0,19,1,T01_DRILL_10MM,100.5,0.0,0.0,5.0,X,3,0,50,0,0,2,0.0,Y,3,0,25,0,0,2,0.0,Z,3,0,0,0,0,2,0.0,C,3,0,0,0,0,0,0.0,A,3,0,0,0,0,1,0.0
25.5,O1234_JOB1,3,9.5,1.2,10.4,10428.0,N60 G01 Z-10.0 F800,60,0,5,58,S1,25.6,0,0,2500,2500,0,0,8000,100,7,0,19,1,T01_DRILL_10MM,100.5,0.0,0.0,5.0,X,3,0,50,0,0,2,0.0,Y,3,0,25,0,0,2,0.0,Z,3,0,0,0,0,2,0.0,C,3,0,0,0,0,2,0.0,A,3,0,0,0,0,1,0.0
25.6,O1234_JOB1,3,9.6,1.2,10.5,10527.0,N60 G01 Z-10.0 F800,60,0,5,58,S1,25.6,0,0,2500,2500,0,0,8000,100,5,0,19,1,T01_DRILL_10MM,100.5,0.0,0.0,5.0,X,3,0,50,0,0,0,0.0,Y,3,0,25,0,0,0,0.0,Z,3,0,0,0,0,0,0.0,C,3,0,0,0,0,2,0.0,A,3,0,0,0,0,2,0.0
25.7,O1234_JOB1,3,9.7,1.2,10.6,10634.0,N60 G01 Z-10.0 F800,60,0,5,58,S1,25.6,0,0,2500,2500,0,0,8000,100,5,0,19,1,T01_DRILL_10MM,100.5,0.0,0.0,5.0,X,3,0,50,0,0,2,0.0,Y,3,0,25,0,0,1,0.0,Z,3,0,0,0,0,0,0.0,C,3,0,0,0,0,0,0.0,A,3,0,0,0,0,1,0.0
25.8,O1234_JOB1,3,9.8,1.2,10.7,10725.0,N60 G01 Z-10.0 F800,60,0,5,58,S1,25.6,0,0,2500,2500,0,0,8000,100,6,0,19,1,T01_DRILL_10MM,100.5,0.0,0.0,5.0,X,3,0,50,0,0,0,0.0,Y,3,0,25,0,0,1,0.0,Z,3,0,0,0,0,0,0.0,C,3,0,0,0,0,1,0.0,A,3,0,0,0,0,1,0.0
25.9,O1234_JOB1,3,9.9,1.2,10.8,10822.0,N60 G01 Z-10.0 F800,60,0,5,58,S1,25.6,0,0,2500,2500,0,0,8000,100,4,0,19,1,T01_DRILL_10MM,100.5,0.0,0.0,5.0,X,3,0,50,0,0,2,0.0,Y,3,0,25,0,0,0,0.0,Z,3,0,0,0,0,0,0.0,C,3,0,0,0,0,2,0.0,A,3,0,0,0,0,0,0.0
26.0,O1234_JOB1,3,10.0,1.2,10.9,10914.0,N60 G01 Z-10.0 F800,60,0,5,58,S1,25.6,0,0,2500,2500,0,0,8000,100,4,0,19,1,T01_DRILL_10MM,100.5,0.0,0.0,5.0,X,3,0,50,0,0,2,0.0,Y,3,0,25,0,0,0,0.0,Z,3,0,0,0,0,2,0.0,C,3,0,0,0,0,1,0.0,A,3,0,0,0,0,0,0.0
26.1,O1234_JOB1,3,10.1,1.2,11.0,11014.0,N60 G01 Z-10.0 F800,60,0,5,58,S1,25.6,0,0,2500,2500,0,0,8000,100,6,0,19,1,T01_DRILL_10MM,100.5,0.0,0.0,5.0,X,3,0,50,0,0,2,0.0,Y,3,0,25,0,0,2,0.0,Z,3,0,0,0,0,1,0.0,C,3,0,0,0,0,2,0.0,A,3,0,0,0,0,1,0.0
26.2,O1234_JOB1,3,10.2,1.2,11.1,11112.0,N60 G01 Z-10.0 F800,60,0,5,58,S1,25.6,0,0,2500,2500,0,0,8000,100,6,0,19,1,T01_DRILL_10MM,100.5,0.0,0.0,5.0,X,3,0,50,0,0,0,0.0,Y,3,0,25,0,0,0,0.0,Z,3,0,0,0,0,0,0.0,C,3,0,0,0,0,0,0.0,A,3,0,0,0,0,1,0.0
26.3,O1234_JOB1,3,10.3,1.2,11.2,11203.0,N60 G01 Z-10.0 F800,60,0,5,58,S1,25.6,0,0,2500,2500,0,0,8000,100,7,0,19,1,T01_DRILL_10MM,100.5,0.0,0.0,5.0,X,3,0,50,0,0,0,0.0,Y,3,0,25,0,0,1,0.0,Z,3,0,0,0,0,0,0.0,C,3,0,0,0,0,2,0.0,A,3,0,0,0,0,1,0.0
26.4,O1234_JOB1,3,10.4,1.2,11.3,11299.0,N60 G01 Z-10.0 F800,60,0,5,58,S1,25.6,0,0,2500,2500,0,0,8000,100,4,0,19,1,T01_DRILL_10MM,100.5,0.0,0.0,5.0,X,3,0,50,0,0,1,0.0,Y,3,0,25,0,0,1,0.0,Z,3,0,0,0,0,0,0.0,C,3,0,0,0,0,2,0.0,A,3,0,0,0,0,0,0.0
26.5,O1234_JOB1,3,10.5,1.2,11.4,11406.0,N60 G01 Z-10.0 F800,60,0,5,58,S1,25.6,0,0,2500,2500,0,0,8000,100,7,0,19,1,T01_DRILL_10MM,100.5,0.0,0.0,5.0,X,3,0,50,0,0,0,0.0,Y,3,0,25,0,0,2,0.0,Z,3,0,0,0,0,2,0.0,C,3,0,0,0,0,2,0.0,A,3,0,0,0,0,1,0.0
26.6,O1234_JOB1,3,10.6,1.2,11.5,11501.0,N60 G01 Z-10.0 F800,60,0,5,58,S1,25.6,0,0,2500,2500,0,0,8000,100,6,0,19,1,T01_DRILL_10MM,100.5,0.0,0.0,5.0,X,3,0,50,0,0,2,0.0,Y,3,0,25,0,0,2,0.0,Z,3,0,0,0,0,1,0.0,C,3,0,0,0,0,0,0.0,A,3,0,0,0,0,0,0.0
26.7,O1234_JOB1,3,10.7,1.2,11.6,11608.0,N60 G01 Z-10.0 F800,60,0,5,58,S1,25.6,0,0,2500,2500,0,0,8000,100,5,0,19,1,T01_DRILL_10MM,100.5,0.0,0.0,5.0,X,3,0,50,0,0,0,0.0,Y,3,0,25,0,0,0,0.0,Z,3,0,0,0,0,1,0.0,C,3,0,0,0,0,1,0.0,A,3,0,0,0,0,2,0.0
26.8,O1234_JOB1,3,10.8,1.2,11.7,11707.0,N60 G01 Z-10.0 F800,60,0,5,58,S1,25.6,0,0,2500,2500,0,0,8000,100,7,0,19,1,T01_DRILL_10MM,100.5,0.0,0.0,5.0,X,3,0,50,0,0,0,0.0,Y,3,0,25,0,0,0,0.0,Z,3,0,0,0,0,0,0.0,C,3,0,0,0,0,2,0.0,A,3,0,0,0,0,0,0.0
26.9,O1234_JOB1,3,10.9,1.2,11.8,11812.0,N60 G01 Z-10.0 F800,60,0,5,58,S1,25.6,0,0,2500,2500,0,0,8000,100,7,0,19,1,T01_DRILL_10MM,100.5,0.0,0.0,5.0,X,3,0,50,0,0,0,0.0,Y,3,0,25,0,0,1,0.0,Z,3,0,0,0,0,1,0.0,C,3,0,0,0,0,1,0.0,A,3,0,0,0,0,2,0.0
27.0,O1234_JOB1,3,11.0,1.2,11.9,11906.0,N60 G01 Z-10.0 F800,60,0,5,58,S1,25.6,0,0,2500,2500,0,0,8000,100,6,0,19,1,T01_DRILL_10MM,100.5,0.0,0.0,5.0,X,3,0,50,0,0,1,0.0,Y,3,0,25,0,0,0,0.0,Z,3,0,0,0,0,2,0.0,C,3,0,0,0,0,1,0.0,A,3,0,0,0,0,0,0.0
27.1,O1234_JOB1,3,11.1,1.2,12.0,12016.0,N60 G01 Z-10.0 F800,60,0,5,58,S1,25.6,0,0,2500,2500,0,0,8000,100,4,0,19,1,T01_DRILL_10MM,100.5,0.0,0.0,5.0,X,3,0,50,0,0,0,0.0,Y,3,0,25,0,0,1,0.0,Z,3,0,0,0,0,2,0.0,C,3,0,0,0,0,2,0.0,A,3,0,0,0,0,2,0.0
27.2,O1234_JOB1,3,11.2,1.3,12.1,12123.0,N70 X150.0,70,0,5,58,S1,25.6,0,0,2500,2500,0,0,8000,100,8,0,19,1,T01_DRILL_10MM,100.5,0.0,0.0,5.0,X,0,100,51,4,70,43,800.0,Y,3,0,25,0,0,2,0.0,Z,3,0,0,0,0,0,0.0,C,3,0,0,0,0,1,0.0,A,3,0,0,0,0,0,0.0
27.3,O1234_JOB1,3,11.3,1.4,12.2,12227.0,N70 X150.0,70,0,5,58,S1,25.7,0,0,2500,2500,0,0,8000,100,29,0,19,1,T01_DRILL_10MM,100.5,0.0,0.0,5.0,X,0,99,53,0,0,23,800.0,Y,3,0,25,0,0,0,0.0,Z,3,0,0,0,0,1,0.0,C,3,0,0,0,0,0,0.0,A,3,0,0,0,0,2,0.0
27.4,O1234_JOB1,3,11.4,1.5,12.3,12326.0,N70 X150.0,70,0,5,58,S1,25.7,0,0,2500,2500,0,0,8000,100,36,0,19,1,T01_DRILL_10MM,100.5,0.0,0.0,5.0,X,0,97,54,0,0,25,800.0,Y,3,0,25,0,0,0,0.0,Z,3,0,0,0,0,1,0.0,C,3,0,0,0,0,0,0.0,A,3,0,0,0,0,2,0.0
27.5,O1234_JOB1,3,11.5,1.6,12.4,12428.0,N70 X150.0,70,0,5,58,S1,25.7,0,0,2500,2500,0,0,8000,100,27,0,19,1,T01_DRILL_10MM,100.5,0.0,0.0,5.0,X,0,96,55,0,0,23,800.0,Y,3,0,25,0,0,1,0.0,Z,3,0,0,0,0,1,0.0,C,3,0,0,0,0,0,0.0,A,3,0,0,0,0,2,0.0
27.6,O1234_JOB1,3,11.6,1.7,12.5,12525.0,N70 X150.0,70,0,5,58,S1,25.7,0,0,2500,2500,0,0,8000,100,29,0,19,1,T01_DRILL_10MM,100.5,0.0,0.0,5.0,X,0,95,57,0,0,25,800.0,Y,3,0,25,0,0,0,0.0,Z,3,0,0,0,0,2,0.0,C,3,0,0,0,0,2,0.0,A,3,0,0,0,0,0,0.0
27.7,O1234_JOB1,3,11.7,1.8,12.6,12619.0,N70 X150.0,70,0,5,58,S1,25.7,0,0,2500,2500,0,0,8000,100,35,0,19,1,T01_DRILL_10MM,100.5,0.0,0.0,5.0,X,0,93,58,0,0,23,800.0,Y,3,0,25,0,0,2,0.0,Z,3,0,0,0,0,1,0.0,C,3,0,0,0,0,1,0.0,A,3,0,0,0,0,1,0.0
27.8,O1234_JOB1,3,11.8,1.9,12.7,12716.0,N70 X150.0,70,0,5,58,S1,25.8,0,0,2500,2500,0,0,8000,100,31,0,19,1,T01_DRILL_10MM,100.5,0.0,0.0,5.0,X,0,92,59,0,0,29,800.0,Y,3,0,25,0,0,2,0.0,Z,3,0,0,0,0,2,0.0,C,3,0,0,0,0,0,0.0,A,3,0,0,0,0,0,0.0
27.9,O1234_JOB1,3,11.9,2.0,12.8,12813.0,N70 X150.0,70,0,5,58,S1,25.8,0,0,2500,2500,0,0,8000,100,29,0,19,1,T01_DRILL_10MM,100.5,0.0,0.0,5.0,X,0,91,61,0,0,25,800.0,Y,3,0,25,0,0,2,0.0,Z,3,0,0,0,0,2,0.0,C,3,0,0,0,0,1,0.0,A,3,0,0,0,0,1,0.0
28.0,O1234_JOB1,3,12.0,2.1,12.9,12913.0,N70 X150.0,70,0,5,58,S1,25.8,0,0,2500,2500,0,0,8000,100,39,0,19,1,T01_DRILL_10MM,100.5,0.0,0.0,5.0,X,0,89,62,0,0,28,800.0,Y,3,0,25,0,0,1,0.0,Z,3,0,0,0,0,0,0.0,C,3,0,0,0,0,2,0.0,A,3,0,0,0,0,1,0.0
28.1,O1234_JOB1,3,12.1,2.2,13.0,13022.0,N70 X150.0,70,0,5,58,S1,25.8,0,0,2500,2500,0,0,8000,100,35,0,19,1,T01_DRILL_10MM,100.5,0.0,0.0,5.0,X,0,88,63,0,0,27,800.0,Y,3,0,25,0,0,0,0.0,Z,3,0,0,0,0,0,0.0,C,3,0,0,0,0,2,0.0,A,3,0,0,0,0,0,0.0
28.2,O1234_JOB1,3,12.2,2.3,13.1,13120.0,N70 X150.0,70,0,5,58,S1,25.8,0,0,2500,2500,0,0,8000,100,33,0,19,1,T01_DRILL_10MM,100.5,0.0,0.0,5.0,X,0,87,65,0,0,24,800.0,Y,3,0,25,0,0,2,0.0,Z,3,0,0,0,0,2,0.0,C,3,0,0,0,0,2,0.0,A,3,0,0,0,0,2,0.0
28.3,O1234_JOB1,3,12.3,2.4,13.2,13217.0,N70 X150.0,70,0,5,58,S1,25.9,0,0,2500,2500,0,0,8000,100,27,0,19,1,T01_DRILL_10MM,100.5,0.0,0.0,5.0,X,0,85,66,0,0,26,800.0,Y,3,0,25,0,0,2,0.0,Z,3,0,0,0,0,0,0.0,C,3,0,0,0,0,1,0.0,A,3,0,0,0,0,2,0.0
28.4,O1234_JOB1,3,12.4,2.5,13.3,13310.0,N70 X150.0,70,0,5,58,S1,25.9,0,0,2500,2500,0,0,8000,100,40,0,19,1,T01_DRILL_10MM,100.5,0.0,0.0,5.0,X,0,84,67,0,0,24,800.0,Y,3,0,25,0,0,2,0.0,Z,3,0,0,0,0,1,0.0,C,3,0,0,0,0,0,0.0,A,3,0,0,0,0,2,0.0
28.5,O1234_JOB1,3,12.5,2.6,13.4,13404.0,N70 X150.0,70,0,5,58,S1,25.9,0,0,2500,2500,0,0,8000,100,36,0,19,1,T01_DRILL_10MM,100.5,0.0,0.0,5.0,X,0,83,69,0,0,21,800.0,Y,3,0,25,0,0,1,0.0,Z,3,0,0,0,0,0,0.0,C,3,0,0,0,0,0,0.0,A,3,0,0,0,0,1,0.0
28.6,O1234_JOB1,3,12.6,2.7,13.5,13513.0,N70 X150.0,70,0,5,58,S1,25.9,0,0,2500,2500,0,0,8000,100,40,0,19,1,T01_DRILL_10MM,100.5,0.0,0.0,5.0,X,0,81,70,0,0,24,800.0,Y,3,0,25,0,0,1,0.0,Z,3,0,0,0,0,2,0.0,C,3,0,0,0,0,2,0.0,A,3,0,0,0,0,0,0.0
28.7,O1234_JOB1,3,12.7,2.8,13.6,13615.0,N70 X150.0,70,0,5,58,S1,25.9,0,0,2500,2500,0,0,8000,100,30,0,19,1,T01_DRILL_10MM,100.5,0.0,0.0,5.0,X,0,80,71,0,0,20,800.0,Y,3,0,25,0,0,0,0.0,Z,3,0,0,0,0,0,0.0,C,3,0,0,0,0,1,0.0,A,3,0,0,0,0,1,0.0
28.8,O1234_JOB1,3,12.8,2.9,13.7,13719.0,N70 X150.0,70,0,5,58,S1,26.0,0,0,2500,2500,0,0,8000,100,38,0,19,1,T01_DRILL_10MM,100.5,0.0,0.0,5.0,X,0,79,73,0,0,27,800.0,Y,3,0,25,0,0,0,0.0,Z,3,0,0,0,0,0,0.0,C,3,0,0,0,0,0,0.0,A,3,0,0,0,0,0,0.0
28.9,O1234_JOB1,3,12.9,3.0,13.8,13825.0,N70 X150.0,70,0,5,58,S1,26.0,0,0,2500,2500,0,0,8000,100,30,0,19,1,T01_DRILL_10MM,100.5,0.0,0.0,5.0,X,0,77,74,0,0,26,800.0,Y,3,0,25,0,0,0,0.0,Z,3,0,0,0,0,0,0.0,C,3,0,0,0,0,0,0.0,A,3,0,0,0,0,0,0.0
29.0,O1234_JOB1,3,13.0,3.1,13.9,13920.0,N70 X150.0,70,0,5,58,S1,26.0,0,0,2500,2500,0,0,8000,100,38,0,19,1,T01_DRILL_10MM,100.5,0.0,0.0,5.0,X,0,76,75,0,0,21,800.0,Y,3,0,25,0,0,0,0.0,Z,3,0,0,0,0,1,0.0,C,3,0,0,0,0,2,0.0,A,3,0,0,0,0,2,0.0
29.1,O1234_JOB1,3,13.1,3.2,14.0,14023.0,N70 X150.0,70,0,5,58,S1,26.0,0,0,2500,2500,0,0,8000,100,30,0,19,1,T01_DRILL_10MM,100.5,0.0,0.0,5.0,X,0,75,77,0,0,25,800.0,Y,3,0,25,0,0,0,0.0,Z,3,0,0,0,0,1,0.0,C,3,0,0,0,0,0,0.0,A,3,0,0,0,0,1,0.0
29.2,O1234_JOB1,3,13.2,3.3,14.1,14125.0,N70 X150.0,70,0,5,58,S1,26.0,0,0,2500,2500,0,0,8000,100,39,0,19,1,T01_DRILL_10MM,100.5,0.0,0.0,5.0,X,0,73,78,0,0,25,800.0,Y,3,0,25,0,0,2,0.0,Z,3,0,0,0,0,2,0.0,C,3,0,0,0,0,1,0.0,A,3,0,0,0,0,0,0.0
29.3,O1234_JOB1,3,13.3,3.4,14.2,14227.0,N70 X150.0,70,0,5,58,S1,26.0,0,0,2500,2500,0,0,8000,100,27,0,19,1,T01_DRILL_10MM,100.5,0.0,0.0,5.0,X,0,72,79,0,0,30,800.0,Y,3,0,25,0,0,2,0.0,Z,3,0,0,0,0,2,0.0,C,3,0,0,0,0,0,0.0,A,3,0,0,0,0,1,0.0
29.4,O1234_JOB1,3,13.4,3.5,14.3,14325.0,N70 X150.0,70,0,5,58,S1,26.1,0,0,2500,2500,0,0,8000,100,36,0,19,1,T01_DRILL_10MM,100.5,0.0,0.0,5.0,X,0,71,81,0,0,34,800.0,Y,3,0,25,0,0,1,0.0,Z,3,0,0,0,0,2,0.0,C,3,0,0,0,0,1,0.0,A,3,0,0,0,0,1,0.0
29.5,O1234_JOB1,3,13.5,3.6,14.4,14422.0,N70 X150.0,70,0,5,58,S1,26.1,0,0,2500,2500,0,0,8000,100,35,0,19,1,T01_DRILL_10MM,100.5,0.0,0.0,5.0,X,0,69,82,0,0,23,800.0,Y,3,0,25,0,0,0,0.0,Z,3,0,0,0,0,0,0.0,C,3,0,0,0,0,2,0.0,A,3,0,0,0,0,2,0.0
29.6,O1234_JOB1,3,13.6,3.7,14.5,14513.0,N70 X150.0,70,0,5,58,S1,26.1,0,0,2500,2500,0,0,8000,100,40,0,19,1,T01_DRILL_10MM,100.5,0.0,0.0,5.0,X,0,68,83,0,0,24,800.0,Y,3,0,25,0,0,2,0.0,Z,3,0,0,0,0,2,0.0,C,3,0,0,0,0,0,0.0,A,3,0,0,0,0,2,0.0
29.7,O1234_JOB1,3,13.7,3.8,14.6,14616.0,N70 X150.0,70,0,5,58,S1,26.1,0,0,2500,2500,0,0,8000,100,35,0,19,1,T01_DRILL_10MM,100.5,0.0,0.0,5.0,X,0,67,85,0,0,25,800.0,Y,3,0,25,0,0,2,0.0,Z,3,0,0,0,0,0,0.0,C,3,0,0,0,0,2,0.0,A,3,0,0,0,0,0,0.0
29.8,O1234_JOB1,3,13.8,3.9,14.7,14722.0,N70 X150.0,70,0,5,58,S1,26.1,0,0,2500,2500,0,0,8000,100,29,0,19,1,T01_DRILL_10MM,100.5,0.0,0.0,5.0,X,0,65,86,0,0,29,800.0,Y,3,0,25,0,0,2,0.0,Z,3,0,0,0,0,0,0.0,C,3,0,0,0,0,1,0.0,A,3,0,0,0,0,0,0.0
29.9,O1234_JOB1,3,13.9,4.0,14.8,14826.0,N70 X150.0,70,0,5,58,S1,26.2,0,0,2500,2500,0,0,8000,100,27,0,19,1,T01_DRILL_10MM,100.5,0.0,0.0,5.0,X,0,64,87,0,0,31,800.0,Y,3,0,25,0,0,2,0.0,Z,3,0,0,0,0,0,0.0,C,3,0,0,0,0,0,0.0,A,3,0,0,0,0,2,0.0
30.0,O1234_JOB1,3,14.0,4.1,14.9,14930.0,N70 X150.0,70,0,5,58,S1,26.2,0,0,2500,2500,0,0,8000,100,26,0,19,1,T01_DRILL_10MM,100.5,0.0,0.0,5.0,X,0,63,89,0,0,32,800.0,Y,3,0,25,0,0,1,0.0,Z,3,0,0,0,0,0,0.0,C,3,0,0,0,0,0,0.0,A,3,0,0,0,0,0,0.0
30.1,O1234_JOB1,3,14.1,4.2,15.0,15032.0,N70 X150.0,70,0,5,58,S1,26.2,0,0,2500,2500,0,0,8000,100,33,0,19,1,T01_DRILL_10MM,100.5,0.0,0.0,5.0,X,0,61,90,0,0,29,800.0,Y,3,0,25,0,0,1,0.0,Z,3,0,0,0,0,0,0.0,C,3,0,0,0,0,1,0.0,A,3,0,0,0,0,0,0.0
30.2,O1234_JOB1,3,14.2,4.3,15.1,15141.0,N70 X150.0,70,0,5,58,S1,26.2,0,0,2500,2500,0,0,8000,100,26,0,19,1,T01_DRILL_10MM,100.5,0.0,0.0,5.0,X,0,60,91,0,0,27,800.0,Y,3,0,25,0,0,0,0.0,Z,3,0,0,0,0,0,0.0,C,3,0,0,0,0,1,0.0,A,3,0,0,0,0,1,0.0
30.3,O1234_JOB1,3,14.3,4.4,15.2,15245.0,N70 X150.0,70,0,5,58,S1,26.2,0,0,2500,2500,0,0,8000,100,38,0,19,1,T01_DRILL_10MM,100.5,0.0,0.0,5.0,X,0,59,93,0,0,32,800.0,Y,3,0,25,0,0,0,0.0,Z,3,0,0,0,0,0,0.0,C,3,0,0,0,0,2,0.0,A,3,0,0,0,0,0,0.0
30.4,O1234_JOB1,3,14.4,4.5,15.3,15336.0,N70 X150.0,70,0,5,58,S1,26.3,0,0,2500,2500,0,0,8000,100,41,0,19,1,T01_DRILL_10MM,100.5,0.0,0.0,5.0,X,0,57,94,0,0,29,800.0,Y,3,0,25,0,0,0,0.0,Z,3,0,0,0,0,0,0.0,C,3,0,0,0,0,2,0.0,A,3,0,0,0,0,1,0.0
30.5,O1234_JOB1,3,14.5,4.6,15.4,15441.0,N70 X150.0,70,0,5,58,S1,26.3,0,0,2500,2500,0,0,8000,100,32,0,19,1,T01_DRILL_10MM,100.5,0.0,0.0,5.0,X,0,56,95,0,0,27,800.0,Y,3,0,25,0,0,1,0.0,Z,3,0,0,0,0,0,0.0,C,3,0,0,0,0,1,0.0,A,3,0,0,0,0,1,0.0
30.6,O1234_JOB1,3,14.6,4.7,15.5,15534.0,N70 X150.0,70,0,5,58,S1,26.3,0,0,2500,2500,0,0,8000,100,40,0,19,1,T01_DRILL_10MM,100.5,0.0,0.0,5.0,X,0,55,97,0,0,27,800.0,Y,3,0,25,0,0,1,0.0,Z,3,0,0,0,0,0,0.0,C,3,0,0,0,0,2,0.0,A,3,0,0,0,0,2,0.0
30.7,O1234_JOB1,3,14.7,4.8,15.6,15625.0,N70 X150.0,70,0,5,58,S1,26.3,0,0,2500,2500,0,0,8000,100,29,0,19,1,T01_DRILL_10MM,100.5,0.0,0.0,5.0,X,0,53,98,0,0,28,800.0,Y,3,0,25,0,0,1,0.0,Z,3,0,0,0,0,0,0.0,C,3,0,0,0,0,1,0.0,A,3,0,0,0,0,0,0.0
30.8,O1234_JOB1,3,14.8,4.9,15.7,15733.0,N70 X150.0,70,0,5,58,S1,26.3,0,0,2500,2500,0,0,8000,100,28,0,19,1,T01_DRILL_10MM,100.5,0.0,0.0,5.0,X,0,52,99,0,0,29,800.0,Y,3,0,25,0,0,2,0.0,Z,3,0,0,0,0,1,0.0,C,3,0,0,0,0,0,0.0,A,3,0,0,0,0,0,0.0
30.9,O1234_JOB1,3,14.9,5.0,15.8,15836.0,N70 X150.0,70,0,5,58,S1,26.3,0,0,2500,2500,0,0,8000,100,36,0,19,1,T01_DRILL_10MM,100.5,0.0,0.0,5.0,X,0,51,101,0,0,30,800.0,Y,3,0,25,0,0,1,0.0,Z,3,0,0,0,0,2,0.0,C,3,0,0,0,0,2,0.0,A,3,0,0,0,0,1,0.0
31.0,O1234_JOB1,3,15.0,5.1,15.9,15934.0,N70 X150.0,70,0,5,58,S1,26.4,0,0,2500,2500,0,0,8000,100,28,0,19,1,T01_DRILL_10MM,100.5,0.0,0.0,5.0,X,0,49,102,0,0,20,800.0,Y,3,0,25,0,0,2,0.0,Z,3,0,0,0,0,2,0.0,C,3,0,0,0,0,1,0.0,A,3,0,0,0,0,2,0.0
31.1,O1234_JOB1,3,15.1,5.2,16.0,16042.0,N70 X150.0,70,0,5,58,S1,26.4,0,0,2500,2500,0,0,8000,100,40,0,19,1,T01_DRILL_10MM,100.5,0.0,0.0,5.0,X,0,48,103,0,0,31,800.0,Y,3,0,25,0,0,2,0.0,Z,3,0,0,0,0,0,0.0,C,3,0,0,0,0,2,0.0,A,3,0,0,0,0,1,0.0
31.2,O1234_JOB1,3,15.2,5.3,16.1,16151.0,N70 X150.0,70,0,5,58,S1,26.4,0,0,2500,2500,0,0,8000,100,32,0,19,1,T01_DRILL_10MM,100.5,0.0,0.0,5.0,X,0,47,105,0,0,22,800.0,Y,3,0,25,0,0,2,0.0,Z,3,0,0,0,0,0,0.0,C,3,0,0,0,0,2,0.0,A,3,0,0,0,0,2,0.0
31.3,O1234_JOB1,3,15.3,5.4,16.2,16256.0,N70 X150.0,70,0,5,58,S1,26.4,0,0,2500,2500,0,0,8000,100,37,0,19,1,T01_DRILL_10MM,100.5,0.0,0.0,5.0,X,0,45,106,0,0,27,800.0,Y,3,0,25,0,0,2,0.0,Z,3,0,0,0,0,2,0.0,C,3,0,0,0,0,0,0.0,A,3,0,0,0,0,1,0.0
31.4,O1234_JOB1,3,15.4,5.5,16.3,16360.0,N70 X150.0,70,0,5,58,S1,26.4,0,0,2500,2500,0,0,8000,100,38,0,19,1,T01_DRILL_10MM,100.5,0.0,0.0,5.0,X,0,44,107,0,0,24,800.0,Y,3,0,25,0,0,0,0.0,Z,3,0,0,0,0,2,0.0,C,3,0,0,0,0,0,0.0,A,3,0,0,0,0,0,0.0
31.5,O1234_JOB1,3,15.5,5.6,16.4,16470.0,N70 X150.0,70,0,5,58,S1,26.5,0,0,2500,2500,0,0,8000,100,34,0,19,1,T01_DRILL_10MM,100.5,0.0,0.0,5.0,X,0,43,109,0,0,25,800.0,Y,3,0,25,0,0,0,0.0,Z,3,0,0,0,0,1,0.0,C,3,0,0,0,0,0,0.0,A,3,0,0,0,0,2,0.0
31.6,O1234_JOB1,3,15.6,5.7,16.5,16569.0,N70 X150.0,70,0,5,58,S1,26.5,0,0,2500,2500,0,0,8000,100,26,0,19,1,T01_DRILL_10MM,100.5,0.0,0.0,5.0,X,0,41,110,0,0,26,800.0,Y,3,0,25,0,0,2,0.0,Z,3,0,0,0,0,0,0.0,C,3,0,0,0,0,2,0.0,A,3,0,0,0,0,0,0.0
31.7,O1234_JOB1,3,15.7,5.8,16.6,16673.0,N70 X150.0,70,0,5,58,S1,26.5,0,0,2500,2500,0,0,8000,100,34,0,19,1,T01_DRILL_10MM,100.5,0.0,0.0,5.0,X,0,40,111,0,0,19,800.0,Y,3,0,25,0,0,1,0.0,Z,3,0,0,0,0,2,0.0,C,3,0,0,0,0,0,0.0,A,3,0,0,0,0,0,0.0
31.8,O1234_JOB1,3,15.8,5.9,16.7,16764.0,N70 X150.0,70,0,5,58,S1,26.5,0,0,2500,2500,0,0,8000,100,31,0,19,1,T01_DRILL_10MM,100.5,0.0,0.0,5.0,X,0,39,113,0,0,28,800.0,Y,3,0,25,0,0,0,0.0,Z,3,0,0,0,0,0,0.0,C,3,0,0,0,0,2,0.0,A,3,0,0,0,0,1,0.0
31.9,O1234_JOB1,3,15.9,6.0,16.8,16863.0,N70 X150.0,70,0,5,58,S1,26.5,0,0,2500,2500,0,0,8000,100,39,0,19,1,T01_DRILL_10MM,100.5,0.0,0.0,5.0,X,0,37,114,0,0,24,800.0,Y,3,0,25,0,0,0,0.0,Z,3,0,0,0,0,1,0.0,C,3,0,0,0,0,0,0.0,A,3,0,0,0,0,2,0.0
32.0,O1234_JOB1,3,16.0,6.1,16.9,16969.0,N70 X150.0,70,0,5,58,S1,26.6,0,0,2500,2500,0,0,8000,100,30,0,19,1,T01_DRILL_10MM,100.5,0.0,0.0,5.0,X,0,36,115,0,0,27,800.0,Y,3,0,25,0,0,2,0.0,Z,3,0,0,0,0,0,0.0,C,3,0,0,0,0,2,0.0,A,3,0,0,0,0,1,0.0
32.1,O1234_JOB1,3,16.1,6.2,17.0,17065.0,N70 X150.0,70,0,5,58,S1,26.6,0,0,2500,2500,0,0,8000,100,34,0,19,1,T01_DRILL_10MM,100.5,0.0,0.0,5.0,X,0,35,117,0,0,27,800.0,Y,3,0,25,0,0,0,0.0,Z,3,0,0,0,0,2,0.0,C,3,0,0,0,0,1,0.0,A,3,0,0,0,0,2,0.0
32.2,O1234_JOB1,3,16.2,6.3,17.1,17171.0,N70 X150.0,70,0,5,58,S1,26.6,0,0,2500,2500,0,0,8000,100,31,0,19,1,T01_DRILL_10MM,100.5,0.0,0.0,5.0,X,0,33,118,0,0,30,800.0,Y,3,0,25,0,0,1,0.0,Z,3,0,0,0,0,1,0.0,C,3,0,0,0,0,1,0.0,A,3,0,0,0,0,2,0.0
32.3,O1234_JOB1,3,16.3,6.4,17.2,17264.0,N70 X150.0,70,0,5,58,S1,26.6,0,0,2500,2500,0,0,8000,100,38,0,19,1,T01_DRILL_10MM,100.5,0.0,0.0,5.0,X,0,32,119,0,0,24,800.0,Y,3,0,25,0,0,0,0.0,Z,3,0,0,0,0,1,0.0,C,3,0,0,0,0,2,0.0,A,3,0,0,0,0,2,0.0
32.4,O1234_JOB1,3,16.4,6.5,17.3,17373.0,N70 X150.0,70,0,5,58,S1,26.6,0,0,2500,2500,0,0,8000,100,39,0,19,1,T01_DRILL_10MM,100.5,0.0,0.0,5.0,X,0,31,121,0,0,25,800.0,Y,3,0,25,0,0,1,0.0,Z,3,0,0,0,0,0,0.0,C,3,0,0,0,0,1,0.0,A,3,0,0,0,0,0,0.0
32.5,O1234_JOB1,3,16.5,6.6,17.4,17475.0,N70 X150.0,70,0,5,58,S1,26.6,0,0,2500,2500,0,0,8000,100,31,0,19,1,T01_DRILL_10MM,100.5,0.0,0.0,5.0,X,0,29,122,0,0,27,800.0,Y,3,0,25,0,0,1,0.0,Z,3,0,0,0,0,1,0.0,C,3,0,0,0,0,2,0.0,A,3,0,0,0,0,1,0.0
32.6,O1234_JOB1,3,16.6,6.7,17.5,17568.0,N70 X150.0,70,0,5,58,S1,26.7,0,0,2500,2500,0,0,8000,100,30,0,19,1,T01_DRILL_10MM,100.5,0.0,0.0,5.0,X,0,28,123,0,0,30,800.0,Y,3,0,25,0,0,0,0.0,Z,3,0,0,0,0,0,0.0,C,3,0,0,0,0,2,0.0,A,3,0,0,0,0,1,0.0
32.7,O1234_JOB1,3,16.7,6.8,17.6,17661.0,N70 X150.0,70,0,5,58,S1,26.7,0,0,2500,2500,0,0,8000,100,28,0,19,1,T01_DRILL_10MM,100.5,0.0,0.0,5.0,X,0,27,125,0,0,30,800.0,Y,3,0,25,0,0,0,0.0,Z,3,0,0,0,0,1,0.0,C,3,0,0,0,0,2,0.0,A,3,0,0,0,0,2,0.0
32.8,O1234_JOB1,3,16.8,6.9,17.7,17763.0,N70 X150.0,70,0,5,58,S1,26.7,0,0,2500,2500,0,0,8000,100,28,0,19,1,T01_DRILL_10MM,100.5,0.0,0.0,5.0,X,0,25,126,0,0,21,800.0,Y,3,0,25,0,0,0,0.0,Z,3,0,0,0,0,0,0.0,C,3,0,0,0,0,0,0.0,A,3,0,0,0,0,0,0.0
32.9,O1234_JOB1,3,16.9,7.0,17.8,17853.0,N70 X150.0,70,0,5,58,S1,26.7,0,0,2500,2500,0,0,8000,100,32,0,19,1,T01_DRILL_10MM,100.5,0.0,0.0,5.0,X,0,24,127,0,0,28,800.0,Y,3,0,25,0,0,0,0.0,Z,3,0,0,0,0,1,0.0,C,3,0,0,0,0,2,0.0,A,3,0,0,0,0,2,0.0
33.0,O1234_JOB1,3,17.0,7.1,17.9,17956.0,N70 X150.0,70,0,5,58,S1,26.7,0,0,2500,2500,0,0,8000,100,36,0,19,1,T01_DRILL_10MM,100.5,0.0,0.0,5.0,X,0,23,129,0,0,24,800.0,Y,3,0,25,0,0,2,0.0,Z,3,0,0,0,0,2,0.0,C,3,0,0,0,0,2,0.0,A,3,0,0,0,0,0,0.0
33.1,O1234_JOB1,3,17.1,7.2,18.0,18048.0,N70 X150.0,70,0,5,58,S1,26.8,0,0,2500,2500,0,0,8000,100,36,0,19,1,T01_DRILL_10MM,100.5,0.0,0.0,5.0,X,0,21,130,0,0,22,800.0,Y,3,0,25,0,0,0,0.0,Z,3,0,0,0,0,2,0.0,C,3,0,0,0,0,2,0.0,A,3,0,0,0,0,2,0.0
33.2,O1234_JOB1,3,17.2,7.3,18.1,18153.0,N70 X150.0,70,0,5,58,S1,26.8,0,0,2500,2500,0,0,8000,100,32,0,19,1,T01_DRILL_10MM,100.5,0.0,0.0,5.0,X,0,20,131,0,-70,51,800.0,Y,3,0,25,0,0,2,0.0,Z,3,0,0,0,0,0,0.0,C,3,0,0,0,0,2,0.0,A,3,0,0,0,0,0,0.0
33.3,O1234_JOB1,3,17.3,7.4,18.2,18244.0,N70 X150.0,70,0,5,58,S1,26.8,0,0,2500,2500,0,0,8000,100,37,0,19,1,T01_DRILL_10MM,100.5,0.0,0.0,5.0,X,0,19,133,0,-70,44,800.0,Y,3,0,25,0,0,0,0.0,Z,3,0,0,0,0,1,0.0,C,3,0,0,0,0,1,0.0,A,3,0,0,0,0,1,0.0
33.4,O1234_JOB1,3,17.4,7.5,18.3,18351.0,N70 X150.0,70,0,5,58,S1,26.8,0,0,2500,2500,0,0,8000,100,31,0,19,1,T01_DRILL_10MM,100.5,0.0,0.0,5.0,X,0,17,134,0,-70,46,800.0,Y,3,0,25,0,0,2,0.0,Z,3,0,0,0,0,2,0.0,C,3,0,0,0,0,0,0.0,A,3,0,0,0,0,1,0.0
33.5,O1234_JOB1,3,17.5,7.6,18.4,18446.0,N70 X150.0,70,0,5,58,S1,26.8,0,0,2500,2500,0,0,8000,100,31,0,19,1,T01_DRILL_10MM,100.5,0.0,0.0,5.0,X,0,16,135,0,-70,47,800.0,Y,3,0,25,0,0,0,0.0,Z,3,0,0,0,0,0,0.0,C,3,0,0,0,0,0,0.0,A,3,0,0,0,0,1,0.0
33.6,O1234_JOB1,3,17.6,7.7,18.5,18555.0,N70 X150.0,70,0,5,58,S1,26.8,0,0,2500,2500,0,0,8000,100,34,0,19,1,T01_DRILL_10MM,100.5,0.0,0.0,5.0,X,0,15,137,0,-70,41,800.0,Y,3,0,25,0,0,0,0.0,Z,3,0,0,0,0,2,0.0,C,3,0,0,0,0,0,0.0,A,3,0,0,0,0,2,0.0
33.7,O1234_JOB1,3,17.7,7.8,18.6,18655.0,N70 X150.0,70,0,5,58,S1,26.9,0,0,2500,2500,0,0,8000,100,33,0,19,1,T01_DRILL_10MM,100.5,0.0,0.0,5.0,X,0,13,138,0,-70,46,800.0,Y,3,0,25,0,0,1,0.0,Z,3,0,0,0,0,0,0.0,C,3,0,0,0,0,1,0.0,A,3,0,0,0,0,2,0.0
33.8,O1234_JOB1,3,17.8,7.9,18.7,18753.0,N70 X150.0,70,0,5,58,S1,26.9,0,0,2500,2500,0,0,8000,100,34,0,19,1,T01_DRILL_10MM,100.5,0.0,0.0,5.0,X,0,12,139,0,-70,49,800.0,Y,3,0,25,0,0,1,0.0,Z,3,0,0,0,0,1,0.0,C,3,0,0,0,0,2,0.0,A,3,0,0,0,0,0,0.0
33.9,O1234_JOB1,3,17.9,8.0,18.8,18843.0,N70 X150.0,70,0,5,58,S1,26.9,0,0,2500,2500,0,0,8000,100,27,0,19,1,T01_DRILL_10MM,100.5,0.0,0.0,5.0,X,0,11,141,0,-70,49,800.0,Y,3,0,25,0,0,2,0.0,Z,3,0,0,0,0,2,0.0,C,3,0,0,0,0,2,0.0,A,3,0,0,0,0,1,0.0
34.0,O1234_JOB1,3,18.0,8.1,18.9,18940.0,N70 X150.0,70,0,5,58,S1,26.9,0,0,2500,2500,0,0,8000,100,41,0,19,1,T01_DRILL_10MM,100.5,0.0,0.0,5.0,X,0,9,142,0,-70,55,800.0,Y,3,0,25,0,0,1,0.0,Z,3,0,0,0,0,2,0.0,C,3,0,0,0,0,2,0.0,A,3,0,0,0,0,1,0.0
34.1,O1234_JOB1,3,18.1,8.2,19.0,19030.0,N70 X150.0,70,0,5,58,S1,26.9,0,0,2500,2500,0,0,8000,100,35,0,19,1,T01_DRILL_10MM,100.5,0.0,0.0,5.0,X,0,8,143,0,-70,51,800.0,Y,3,0,25,0,0,1,0.0,Z,3,0,0,0,0,0,0.0,C,3,0,0,0,0,0,0.0,A,3,0,0,0,0,0,0.0
34.2,O1234_JOB1,3,18.2,8.3,19.1,19137.0,N70 X150.0,70,0,5,58,S1,26.9,0,0,2500,2500,0,0,8000,100,28,0,19,1,T01_DRILL_10MM,100.5,0.0,0.0,5.0,X,0,7,145,0,-70,38,800.0,Y,3,0,25,0,0,2,0.0,Z,3,0,0,0,0,1,0.0,C,3,0,0,0,0,1,0.0,A,3,0,0,0,0,2,0.0
34.3,O1234_JOB1,3,18.3,8.4,19.2,19244.0,N70 X150.0,70,0,5,58,S1,27.0,0,0,2500,2500,0,0,8000,100,37,0,19,1,T01_DRILL_10MM,100.5,0.0,0.0,5.0,X,0,5,146,0,-70,51,800.0,Y,3,0,25,0,0,0,0.0,Z,3,0,0,0,0,2,0.0,C,3,0,0,0,0,1,0.0,A,3,0,0,0,0,0,0.0
34.4,O1234_JOB1,3,18.4,8.5,19.3,19342.0,N70 X150.0,70,0,5,58,S1,27.0,0,0,2500,2500,0,0,8000,100,38,0,19,1,T01_DRILL_10MM,100.5,0.0,0.0,5.0,X,0,4,147,0,-70,49,800.0,Y,3,0,25,0,0,1,0.0,Z,3,0,0,0,0,0,0.0,C,3,0,0,0,0,1,0.0,A,3,0,0,0,0,1,0.0
34.5,O1234_JOB1,3,18.5,8.6,19.4,19451.0,N70 X150.0,70,0,5,58,S1,27.0,0,0,2500,2500,0,0,8000,100,38,0,19,1,T01_DRILL_10MM,100.5,0.0,0.0,5.0,X,0,3,149,0,-70,52,800.0,Y,3,0,25,0,0,2,0.0,Z,3,0,0,0,0,2,0.0,C,3,0,0,0,0,1,0.0,A,3,0,0,0,0,1,0.0
34.6,O1234_JOB1,3,18.6,8.7,19.5,19547.0,N70 X150.0,70,0,5,58,S1,27.0,0,0,2500,2500,0,0,8000,100,36,0,19,1,T01_DRILL_10MM,100.5,0.0,0.0,5.0,X,0,1,150,0,-70,43,800.0,Y,3,0,25,0,0,2,0.0,Z,3,0,0,0,0,1,0.0,C,3,0,0,0,0,1,0.0,A,3,0,0,0,0,1,0.0
34.7,O1234_JOB1,3,18.7,8.7,19.6,19652.0,N70 X150.0,70,0,5,58,S1,27.0,0,0,2500,2500,0,0,8000,100,37,0,19,1,T01_DRILL_10MM,100.5,0.0,0.0,5.0,X,3,0,150,0,0,2,0.0,Y,3,0,25,0,0,1,0.0,Z,3,0,0,0,0,2,0.0,C,3,0,0,0,0,1,0.0,A,3,0,0,0,0,1,0.0
34.8,O1234_JOB1,3,18.8,8.7,19.7,19752.0,N70 X150.0,70,0,5,58,S1,27.1,0,0,2500,2500,0,0,8000,100,6,0,19,1,T01_DRILL_10MM,100.5,0.0,0.0,5.0,X,3,0,150,0,0,0,0.0,Y,3,0,25,0,0,2,0.0,Z,3,0,0,0,0,0,0.0,C,3,0,0,0,0,1,0.0,A,3,0,0,0,0,1,0.0
34.9,O1234_JOB1,3,18.9,8.7,19.8,19844.0,N70 X150.0,70,0,5,58,S1,27.1,0,0,2500,2500,0,0,8000,100,4,0,19,1,T01_DRILL_10MM,100.5,0.0,0.0,5.0,X,3,0,150,0,0,0,0.0,Y,3,0,25,0,0,0,0.0,Z,3,0,0,0,0,0,0.0,C,3,0,0,0,0,0,0.0,A,3,0,0,0,0,1,0.0
35.0,O1234_JOB1,3,19.0,8.7,19.9,19952.0,N70 X150.0,70,0,5,58,S1,27.1,0,0,2500,2500,0,0,8000,100,6,0,19,1,T01_DRILL_10MM,100.5,0.0,0.0,5.0,X,3,0,150,0,0,1,0.0,Y,3,0,25,0,0,2,0.0,Z,3,0,0,0,0,1,0.0,C,3,0,0,0,0,2,0.0,A,3,0,0,0,0,0,0.0
35.1,O1234_JOB1,3,19.1,8.7,20.0,20053.0,N70 X150.0,70,0,5,58,S1,27.1,0,0,2500,2500,0,0,8000,100,6,0,19,1,T01_DRILL_10MM,100.5,0.0,0.0,5.0,X,3,0,150,0,0,2,0.0,Y,3,0,25,0,0,2,0.0,Z,3,0,0,0,0,2,0.0,C,3,0,0,0,0,0,0.0,A,3,0,0,0,0,1,0.0
35.2,O1234_JOB1,3,19.2,8.7,20.1,20159.0,N70 X150.0,70,0,5,58,S1,27.1,0,0,2500,2500,0,0,8000,100,8,0,19,1,T01_DRILL_10MM,100.5,0.0,0.0,5.0,X,3,0,150,0,0,2,0.0,Y,3,0,25,0,0,1,0.0,Z,3,0,0,0,0,1,0.0,C,3,0,0,0,0,2,0.0,A,3,0,0,0,0,2,0.0
35.3,O1234_JOB1,3,19.3,8.8,20.2,20252.0,N80 Y75.0 F600,80,0,5,58,S1,27.1,0,0,2500,2500,0,0,8000,100,4,0,19,1,T01_DRILL_10MM,100.5,0.0,0.0,5.0,X,3,0,150,0,0,0,0.0,Y,0,50,26,4,70,50,600.0,Z,3,0,0,0,0,0,0.0,C,3,0,0,0,0,1,0.0,A,3,0,0,0,0,1,0.0
35.4,O1234_JOB1,3,19.4,8.9,20.3,20359.0,N80 Y75.0 F600,80,0,5,58,S1,27.1,0,0,2500,2500,0,0,8000,100,31,0,19,1,T01_DRILL_10MM,100.5,0.0,0.0,5.0,X,3,0,150,0,0,0,0.0,Y,0,49,27,0,0,27,600.0,Z,3,0,0,0,0,0,0.0,C,3,0,0,0,0,2,0.0,A,3,0,0,0,0,1,0.0
35.5,O1234_JOB1,3,19.5,9.0,20.4,20467.0,N80 Y75.0 F600,80,0,5,58,S1,27.1,0,0,2500,2500,0,0,8000,100,37,0,19,1,T01_DRILL_10MM,100.5,0.0,0.0,5.0,X,3,0,150,0,0,1,0.0,Y,0,48,28,0,0,23,600.0,Z,3,0,0,0,0,2,0.0,C,3,0,0,0,0,0,0.0,A,3,0,0,0,0,0,0.0
35.6,O1234_JOB1,3,19.6,9.1,20.5,20573.0,N80 Y75.0 F600,80,0,5,58,S1,27.1,0,0,2500,2500,0,0,8000,100,29,0,19,1,T01_DRILL_10MM,100.5,0.0,0.0,5.0,X,3,0,150,0,0,2,0.0,Y,0,47,29,0,0,30,600.0,Z,3,0,0,0,0,1,0.0,C,3,0,0,0,0,2,0.0,A,3,0,0,0,0,0,0.0
35.7,O1234_JOB1,3,19.7,9.2,20.6,20679.0,N80 Y75.0 F600,80,0,5,58,S1,27.1,0,0,2500,2500,0,0,8000,100,30,0,19,1,T01_DRILL_10MM,100.5,0.0,0.0,5.0,X,3,0,150,0,0,2,0.0,Y,0,46,30,0,0,30,600.0,Z,3,0,0,0,0,1,0.0,C,3,0,0,0,0,2,0.0,A,3,0,0,0,0,0,0.0
35.8,O1234_JOB1,3,19.8,9.3,20.7,20780.0,N80 Y75.0 F600,80,0,5,58,S1,27.2,0,0,2500,2500,0,0,8000,100,40,0,19,1,T01_DRILL_10MM,100.5,0.0,0.0,5.0,X,3,0,150,0,0,0,0.0,Y,0,45,31,0,0,30,600.0,Z,3,0,0,0,0,2,0.0,C,3,0,0,0,0,1,0.0,A,3,0,0,0,0,1,0.0
35.9,O1234_JOB1,3,19.9,9.4,20.8,20889.0,N80 Y75.0 F600,80,0,5,58,S1,27.2,0,0,2500,2500,0,0,8000,100,26,0,19,1,T01_DRILL_10MM,100.5,0.0,0.0,5.0,X,3,0,150,0,0,0,0.0,Y,0,44,32,0,0,28,600.0,Z,3,0,0,0,0,2,0.0,C,3,0,0,0,0,2,0.0,A,3,0,0,0,0,0,0.0
36.0,O1234_JOB1,3,20.0,9.5,20.9,20988.0,N80 Y75.0 F600,80,0,5,58,S1,27.2,0,0,2500,2500,0,0,8000,100,28,0,19,1,T01_DRILL_10MM,100.5,0.0,0.0,5.0,X,3,0,150,0,0,1,0.0,Y,0,43,33,0,0,28,600.0,Z,3,0,0,0,0,2,0.0,C,3,0,0,0,0,1,0.0,A,3,0,0,0,0,0,0.0
36.1,O1234_JOB1,3,20.1,9.6,21.0,21096.0,N80 Y75.0 F600,80,0,5,58,S1,27.2,0,0,2500,2500,0,0,8000,100,29,0,19,1,T01_DRILL_10MM,100.5,0.0,0.0,5.0,X,3,0,150,0,0,2,0.0,Y,0,42,34,0,0,28,600.0,Z,3,0,0,0,0,2,0.0,C,3,0,0,0,0,1,0.0,A,3,0,0,0,0,0,0.0
36.2,O1234_JOB1,3,20.2,9.7,21.1,21198.0,N80 Y75.0 F600,80,0,5,58,S1,27.2,0,0,2500,2500,0,0,8000,100,25,0,19,1,T01_DRILL_10MM,100.5,0.0,0.0,5.0,X,3,0,150,0,0,0,0.0,Y,0,41,35,0,0,27,600.0,Z,3,0,0,0,0,2,0.0,C,3,0,0,0,0,2,0.0,A,3,0,0,0,0,2,0.0
36.3,O1234_JOB1,3,20.3,9.8,21.2,21289.0,N80 Y75.0 F600,80,0,5,58,S1,27.2,0,0,2500,2500,0,0,8000,100,39,0,19,1,T01_DRILL_10MM,100.5,0.0,0.0,5.0,X,3,0,150,0,0,1,0.0,Y,0,40,36,0,0,30,600.0,Z,3,0,0,0,0,0,0.0,C,3,0,0,0,0,0,0.0,A,3,0,0,0,0,2,0.0
36.4,O1234_JOB1,3,20.4,9.9,21.3,21388.0,N80 Y75.0 F600,80,0,5,58,S1,27.3,0,0,2500,2500,0,0,8000,100,35,0,19,1,T01_DRILL_10MM,100.5,0.0,0.0,5.0,X,3,0,150,0,0,0,0.0,Y,0,39,37,0,0,22,600.0,Z,3,0,0,0,0,0,0.0,C,3,0,0,0,0,2,0.0,A,3,0,0,0,0,1,0.0
36.5,O1234_JOB1,3,20.5,10.0,21.4,21495.0,N80 Y75.0 F600,80,0,5,58,S1,27.3,0,0,2500,2500,0,0,8000,100,36,0,19,1,T01_DRILL_10MM,100.5,0.0,0.0,5.0,X,3,0,150,0,0,2,0.0,Y,0,38,38,0,0,28,600.0,Z,3,0,0,0,0,2,0.0,C,3,0,0,0,0,0,0.0,A,3,0,0,0,0,1,0.0
36.6,O1234_JOB1,3,20.6,10.1,21.5,21588.0,N80 Y75.0 F600,80,0,5,58,S1,27.3,0,0,2500,2500,0,0,8000,100,28,0,19,1,T01_DRILL_10MM,100.5,0.0,0.0,5.0,X,3,0,150,0,0,0,0.0,Y,0,37,39,0,0,32,600.0,Z,3,0,0,0,0,1,0.0,C,3,0,0,0,0,1,0.0,A,3,0,0,0,0,1,0.0
36.7,O1234_JOB1,3,20.7,10.2,21.6,21684.0,N80 Y75.0 F600,80,0,5,58,S1,27.3,0,0,2500,2500,0,0,8000,100,32,0,19,1,T01_DRILL_10MM,100.5,0.0,0.0,5.0,X,3,0,150,0,0,0,0.0,Y,0,36,40,0,0,25,600.0,Z,3,0,0,0,0,0,0.0,C,3,0,0,0,0,0,0.0,A,3,0,0,0,0,1,0.0
36.8,O1234_JOB1,3,20.8,10.3,21.7,21793.0,N80 Y75.0 F600,80,0,5,58,S1,27.3,0,0,2500,2500,0,0,8000,100,31,0,19,1,T01_DRILL_10MM,100.5,0.0,0.0,5.0,X,3,0,150,0,0,1,0.0,Y,0,35,41,0,0,29,600.0,Z,3,0,0,0,0,2,0.0,C,3,0,0,0,0,1,0.0,A,3,0,0,0,0,2,0.0
36.9,O1234_JOB1,3,20.9,10.4,21.8,21901.0,N80 Y75.0 F600,80,0,5,58,S1,27.3,0,0,2500,2500,0,0,8000,100,30,0,19,1,T01_DRILL_10MM,100.5,0.0,0.0,5.0,X,3,0,150,0,0,1,0.0,Y,0,34,42,0,0,24,600.0,Z,3,0,0,0,0,2,0.0,C,3,0,0,0,0,0,0.0,A,3,0,0,0,0,2,0.0
37.0,O1234_JOB1,3,21.0,10.5,21.9,21995.0,N80 Y75.0 F600,80,0,5,58,S1,27.4,0,0,2500,2500,0,0,8000,100,34,0,19,1,T01_DRILL_10MM,100.5,0.0,0.0,5.0,X,3,0,150,0,0,2,0.0,Y,0,33,43,0,0,26,600.0,Z,3,0,0,0,0,0,0.0,C,3,0,0,0,0,1,0.0,A,3,0,0,0,0,0,0.0
37.1,O1234_JOB1,3,21.1,10.6,22.0,22104.0,N80 Y75.0 F600,80,0,5,58,S1,27.4,0,0,2500,2500,0,0,8000,100,28,0,19,1,T01_DRILL_10MM,100.5,0.0,0.0,5.0,X,3,0,150,0,0,2,0.0,Y,0,32,44,0,0,28,600.0,Z,3,0,0,0,0,2,0.0,C,3,0,0,0,0,2,0.0,A,3,0,0,0,0,0,0.0
37.2,O1234_JOB1,3,21.2,10.7,22.1,22207.0,N80 Y75.0 F600,80,0,5,58,S1,27.4,0,0,2500,2500,0,0,8000,100,31,0,19,1,T01_DRILL_10MM,100.5,0.0,0.0,5.0,X,3,0,150,0,0,2,0.0,Y,0,31,45,0,0,30,600.0,Z,3,0,0,0,0,2,0.0,C,3,0,0,0,0,2,0.0,A,3,0,0,0,0,2,0.0
37.3,O1234_JOB1,3,21.3,10.8,22.2,22312.0,N80 Y75.0 F600,80,0,5,58,S1,27.4,0,0,2500,2500,0,0,8000,100,24,0,19,1,T01_DRILL_10MM,100.5,0.0,0.0,5.0,X,3,0,150,0,0,1,0.0,Y,0,30,46,0,0,25,600.0,Z,3,0,0,0,0,2,0.0,C,3,0,0,0,0,2,0.0,A,3,0,0,0,0,2,0.0
37.4,O1234_JOB1,3,21.4,10.9,22.3,22411.0,N80 Y75.0 F600,80,0,5,58,S1,27.4,0,0,2500,2500,0,0,8000,100,29,0,19,1,T01_DRILL_10MM,100.5,0.0,0.0,5.0,X,3,0,150,0,0,0,0.0,Y,0,29,47,0,0,29,600.0,Z,3,0,0,0,0,2,0.0,C,3,0,0,0,0,2,0.0,A,3,0,0,0,0,1,0.0
37.5,O1234_JOB1,3,21.5,11.0,22.4,22504.0,N80 Y75.0 F600,80,0,5,58,S1,27.4,0,0,2500,2500,0,0,8000,100,26,0,19,1,T01_DRILL_10MM,100.5,0.0,0.0,5.0,X,3,0,150,0,0,2,0.0,Y,0,28,48,0,0,25,600.0,Z,3,0,0,0,0,1,0.0,C,3,0,0,0,0,1,0.0,A,3,0,0,0,0,1,0.0
37.6,O1234_JOB1,3,21.6,11.1,22.5,22599.0,N80 Y75.0 F600,80,0,5,58,S1,27.5,0,0,2500,2500,0,0,8000,100,37,0,19,1,T01_DRILL_10MM,100.5,0.0,0.0,5.0,X,3,0,150,0,0,0,0.0,Y,0,27,49,0,0,24,600.0,Z,3,0,0,0,0,1,0.0,C,3,0,0,0,0,1,0.0,A,3,0,0,0,0,1,0.0
37.7,O1234_JOB1,3,21.7,11.2,22.6,22691.0,N80 Y75.0 F600,80,0,5,58,S1,27.5,0,0,2500,2500,0,0,8000,100,34,0,19,1,T01_DRILL_10MM,100.5,0.0,0.0,5.0,X,3,0,150,0,0,1,0.0,Y,0,26,50,0,0,32,600.0,Z,3,0,0,0,0,2,0.0,C,3,0,0,0,0,2,0.0,A,3,0,0,0,0,0,0.0
37.8,O1234_JOB1,3,21.8,11.3,22.7,22790.0,N80 Y75.0 F600,80,0,5,58,S1,27.5,0,0,2500,2500,0,0,8000,100,37,0,19,1,T01_DRILL_10MM,100.5,0.0,0.0,5.0,X,3,0,150,0,0,2,0.0,Y,0,25,51,0,0,32,600.0,Z,3,0,0,0,0,2,0.0,C,3,0,0,0,0,2,0.0,A,3,0,0,0,0,1,0.0
37.9,O1234_JOB1,3,21.9,11.4,22.8,22883.0,N80 Y75.0 F600,80,0,5,58,S1,27.5,0,0,2500,2500,0,0,8000,100,31,0,19,1,T01_DRILL_10MM,100.5,0.0,0.0,5.0,X,3,0,150,0,0,2,0.0,Y,0,24,52,0,0,32,600.0,Z,3,0,0,0,0,0,0.0,C,3,0,0,0,0,1,0.0,A,3,0,0,0,0,0,0.0
38.0,O1234_JOB1,3,22.0,11.5,22.9,22992.0,N80 Y75.0 F600,80,0,5,58,S1,27.5,0,0,2500,2500,0,0,8000,100,33,0,19,1,T01_DRILL_10MM,100.5,0.0,0.0,5.0,X,3,0,150,0,0,1,0.0,Y,0,23,53,0,0,25,600.0,Z,3,0,0,0,0,2,0.0,C,3,0,0,0,0,2,0.0,A,3,0,0,0,0,1,0.0
38.1,O1234_JOB1,3,22.1,11.6,23.0,23096.0,N80 Y75.0 F600,80,0,5,58,S1,27.5,0,0,2500,2500,0,0,8000,100,25,0,19,1,T01_DRILL_10MM,100.5,0.0,0.0,5.0,X,3,0,150,0,0,0,0.0,Y,0,22,54,0,0,22,600.0,Z,3,0,0,0,0,1,0.0,C,3,0,0,0,0,2,0.0,A,3,0,0,0,0,0,0.0
38.2,O1234_JOB1,3,22.2,11.7,23.1,23192.0,N80 Y75.0 F600,80,0,5,58,S1,27.6,0,0,2500,2500,0,0,8000,100,30,0,19,1,T01_DRILL_10MM,100.5,0.0,0.0,5.0,X,3,0,150,0,0,0,0.0,Y,0,21,55,0,0,24,600.0,Z,3,0,0,0,0,0,0.0,C,3,0,0,0,0,0,0.0,A,3,0,0,0,0,1,0.0
38.3,O1234_JOB1,3,22.3,11.8,23.2,23289.0,N80 Y75.0 F600,80,0,5,58,S1,27.6,0,0,2500,2500,0,0,8000,100,31,0,19,1,T01_DRILL_10MM,100.5,0.0,0.0,5.0,X,3,0,150,0,0,0,0.0,Y,0,20,56,0,0,20,600.0,Z,3,0,0,0,0,0,0.0,C,3,0,0,0,0,1,0.0,A,3,0,0,0,0,2,0.0
38.4,O1234_JOB1,3,22.4,11.9,23.3,23384.0,N80 Y75.0 F600,80,0,5,58,S1,27.6,0,0,2500,2500,0,0,8000,100,39,0,19,1,T01_DRILL_10MM,100.5,0.0,0.0,5.0,X,3,0,150,0,0,0,0.0,Y,0,19,57,0,0,32,600.0,Z,3,0,0,0,0,0,0.0,C,3,0,0,0,0,1,0.0,A,3,0,0,0,0,2,0.0
38.5,O1234_JOB1,3,22.5,12.0,23.4,23479.0,N80 Y75.0 F600,80,0,5,58,S1,27.6,0,0,2500,2500,0,0,8000,100,26,0,19,1,T01_DRILL_10MM,100.5,0.0,0.0,5.0,X,3,0,150,0,0,2,0.0,Y,0,18,58,0,0,21,600.0,Z,3,0,0,0,0,1,0.0,C,3,0,0,0,0,0,0.0,A,3,0,0,0,0,0,0.0
38.6,O1234_JOB1,3,22.6,12.1,23.5,23576.0,N80 Y75.0 F600,80,0,5,58,S1,27.6,0,0,2500,2500,0,0,8000,100,33,0,19,1,T01_DRILL_10MM,100.5,0.0,0.0,5.0,X,3,0,150,0,0,2,0.0,Y,0,17,59,0,0,28,600.0,Z,3,0,0,0,0,0,0.0,C,3,0,0,0,0,1,0.0,A,3,0,0,0,0,1,0.0
38.7,O1234_JOB1,3,22.7,12.2,23.6,23677.0,N80 Y75.0 F600,80,0,5,58,S1,27.6,0,0,2500,2500,0,0,8000,100,38,0,19,1,T01_DRILL_10MM,100.5,0.0,0.0,5.0,X,3,0,150,0,0,2,0.0,Y,0,16,60,0,0,31,600.0,Z,3,0,0,0,0,1,0.0,C,3,0,0,0,0,0,0.0,A,3,0,0,0,0,2,0.0
38.8,O1234_JOB1,3,22.8,12.3,23.7,23773.0,N80 Y75.0 F600,80,0,5,58,S1,27.7,0,0,2500,2500,0,0,8000,100,32,0,19,1,T01_DRILL_10MM,100.5,0.0,0.0,5.0,X,3,0,150,0,0,1,0.0,Y,0,15,61,0,0,28,600.0,Z,3,0,0,0,0,2,0.0,C,3,0,0,0,0,2,0.0,A,3,0,0,0,0,1,0.0
38.9,O1234_JOB1,3,22.9,12.4,23.8,23865.0,N80 Y75.0 F600,80,0,5,58,S1,27.7,0,0,2500,2500,0,0,8000,100,39,0,19,1,T01_DRILL_10MM,100.5,0.0,0.0,5.0,X,3,0,150,0,0,2,0.0,Y,0,14,62,0,0,34,600.0,Z,3,0,0,0,0,0,0.0,C,3,0,0,0,0,2,0.0,A,3,0,0,0,0,1,0.0
39.0,O1234_JOB1,3,23.0,12.5,23.9,23974.0,N80 Y75.0 F600,80,0,5,58,S1,27.7,0,0,2500,2500,0,0,8000,100,32,0,19,1,T01_DRILL_10MM,100.5,0.0,0.0,5.0,X,3,0,150,0,0,0,0.0,Y,0,13,63,0,0,26,600.0,Z,3,0,0,0,0,1,0.0,C,3,0,0,0,0,0,0.0,A,3,0,0,0,0,1,0.0
39.1,O1234_JOB1,3,23.1,12.6,24.0,24073.0,N80 Y75.0 F600,80,0,5,58,S1,27.7,0,0,2500,2500,0,0,8000,100,30,0,19,1,T01_DRILL_10MM,100.5,0.0,0.0,5.0,X,3,0,150,0,0,1,0.0,Y,0,12,64,0,-70,49,600.0,Z,3,0,0,0,0,0,0.0,C,3,0,0,0,0,2,0.0,A,3,0,0,0,0,0,0.0
39.2,O1234_JOB1,3,23.2,12.7,24.1,24181.0,N80 Y75.0 F600,80,0,5,58,S1,27.7,0,0,2500,2500,0,0,8000,100,34,0,19,1,T01_DRILL_10MM,100.5,0.0,0.0,5.0,X,3,0,150,0,0,0,0.0,Y,0,11,65,0,-70,44,600.0,Z,3,0,0,0,0,2,0.0,C,3,0,0,0,0,2,0.0,A,3,0,0,0,0,0,0.0
39.3,O1234_JOB1,3,23.3,12.8,24.2,24285.0,N80 Y75.0 F600,80,0,5,58,S1,27.7,0,0,2500,2500,0,0,8000,100,30,0,19,1,T01_DRILL_10MM,100.5,0.0,0.0,5.0,X,3,0,150,0,0,0,0.0,Y,0,10,66,0,-70,47,600.0,Z,3,0,0,0,0,0,0.0,C,3,0,0,0,0,1,0.0,A,3,0,0,0,0,0,0.0
39.4,O1234_JOB1,3,23.4,12.9,24.3,24384.0,N80 Y75.0 F600,80,0,5,58,S1,27.8,0,0,2500,2500,0,0,8000,100,39,0,19,1,T01_DRILL_10MM,100.5,0.0,0.0,5.0,X,3,0,150,0,0,0,0.0,Y,0,9,67,0,-70,51,600.0,Z,3,0,0,0,0,2,0.0,C,3,0,0,0,0,2,0.0,A,3,0,0,0,0,2,0.0
39.5,O1234_JOB1,3,23.5,13.0,24.4,24492.0,N80 Y75.0 F600,80,0,5,58,S1,27.8,0,0,2500,2500,0,0,8000,100,32,0,19,1,T01_DRILL_10MM,100.5,0.0,0.0,5.0,X,3,0,150,0,0,0,0.0,Y,0,8,68,0,-70,50,600.0,Z,3,0,0,0,0,0,0.0,C,3,0,0,0,0,1,0.0,A,3,0,0,0,0,2,0.0
39.6,O1234_JOB1,3,23.6,13.1,24.5,24588.0,N80 Y75.0 F600,80,0,5,58,S1,27.8,0,0,2500,2500,0,0,8000,100,26,0,19,1,T01_DRILL_10MM,100.5,0.0,0.0,5.0,X,3,0,150,0,0,1,0.0,Y,0,7,69,0,-70,44,600.0,Z,3,0,0,0,0,2,0.0,C,3,0,0,0,0,1,0.0,A,3,0,0,0,0,0,0.0
39.7,O1234_JOB1,3,23.7,13.2,24.6,24696.0,N80 Y75.0 F600,80,0,5,58,S1,27.8,0,0,2500,2500,0,0,8000,100,36,0,19,1,T01_DRILL_10MM,100.5,0.0,0.0,5.0,X,3,0,150,0,0,1,0.0,Y,0,6,70,0,-70,47,600.0,Z,3,0,0,0,0,2,0.0,C,3,0,0,0,0,2,0.0,A,3,0,0,0,0,1,0.0
39.8,O1234_JOB1,3,23.8,13.3,24.7,24792.0,N80 Y75.0 F600,80,0,5,58,S1,27.8,0,0,2500,2500,0,0,8000,100,34,0,19,1,T01_DRILL_10MM,100.5,0.0,0.0,5.0,X,3,0,150,0,0,0,0.0,Y,0,5,71,0,-70,52,600.0,Z,3,0,0,0,0,1,0.0,C,3,0,0,0,0,1,0.0,A,3,0,0,0,0,0,0.0
39.9,O1234_JOB1,3,23.9,13.4,24.8,24895.0,N80 Y75.0 F600,80,0,5,58,S1,27.8,0,0,2500,2500,0,0,8000,100,37,0,19,1,T01_DRILL_10MM,100.5,0.0,0.0,5.0,X,3,0,150,0,0,1,0.0,Y,0,4,72,0,-70,45,600.0,Z,3,0,0,0,0,2,0.0,C,3,0,0,0,0,2,0.0,A,3,0,0,0,0,0,0.0
40.0,O1234_JOB1,3,24.0,13.5,24.9,24991.0,N80 Y75.0 F600,80,0,5,58,S1,27.9,0,0,2500,2500,0,0,8000,100,39,0,19,1,T01_DRILL_10MM,100.5,0.0,0.0,5.0,X,3,0,150,0,0,2,0.0,Y,0,3,73,0,-70,54,600.0,Z,3,0,0,0,0,0,0.0,C,3,0,0,0,0,2,0.0,A,3,0,0,0,0,1,0.0
40.1,O1234_JOB1,3,24.1,13.6,25.0,25085.0,N80 Y75.0 F600,80,0,5,58,S1,27.9,0,0,2500,2500,0,0,8000,100,31,0,19,1,T01_DRILL_10MM,100.5,0.0,0.0,5.0,X,3,0,150,0,0,1,0.0,Y,0,2,74,0,-70,45,600.0,Z,3,0,0,0,0,0,0.0,C,3,0,0,0,0,1,0.0,A,3,0,0,0,0,2,0.0
40.2,O1234_JOB1,3,24.2,13.7,25.1,25193.0,N80 Y75.0 F600,80,0,5,58,S1,27.9,0,0,2500,2500,0,0,8000,100,24,0,19,1,T01_DRILL_10MM,100.5,0.0,0.0,5.0,X,3,0,150,0,0,0,0.0,Y,0,1,75,0,-70,46,600.0,Z,3,0,0,0,0,0,0.0,C,3,0,0,0,0,1,0.0,A,3,0,0,0,0,0,0.0
40.3,O1234_JOB1,3,24.3,13.7,25.2,25284.0,N80 Y75.0 F600,80,0,5,58,S1,27.9,0,0,2500,2500,0,0,8000,100,40,0,19,1,T01_DRILL_10MM,100.5,0.0,0.0,5.0,X,3,0,150,0,0,1,0.0,Y,3,0,75,0,0,0,0.0,Z,3,0,0,0,0,0,0.0,C,3,0,0,0,0,2,0.0,A,3,0,0,0,0,1,0.0
40.4,O1234_JOB1,3,24.4,13.7,25.3,25382.0,N80 Y75.0 F600,80,0,5,58,S1,27.9,0,0,2500,2500,0,0,8000,100,5,0,19,1,T01_DRILL_10MM,100.5,0.0,0.0,5.0,X,3,0,150,0,0,2,0.0,Y,3,0,75,0,0,1,0.0,Z,3,0,0,0,0,1,0.0,C,3,0,0,0,0,2,0.0,A,3,0,0,0,0,2,0.0
40.5,O1234_JOB1,3,24.5,13.7,25.4,25472.0,N80 Y75.0 F600,80,0,5,58,S1,27.9,0,0,2500,2500,0,0,8000,100,5,0,19,1,T01_DRILL_10MM,100.5,0.0,0.0,5.0,X,3,0,150,0,0,0,0.0,Y,3,0,75,0,0,2,0.0,Z,3,0,0,0,0,2,0.0,C,3,0,0,0,0,2,0.0,A,3,0,0,0,0,1,0.0
40.6,O1234_JOB1,3,24.6,13.7,25.5,25574.0,N80 Y75.0 F600,80,0,5,58,S1,27.9,0,0,2500,2500,0,0,8000,100,4,0,19,1,T01_DRILL_10MM,100.5,0.0,0.0,5.0,X,3,0,150,0,0,2,0.0,Y,3,0,75,0,0,2,0.0,Z,3,0,0,0,0,0,0.0,C,3,0,0,0,0,1,0.0,A,3,0,0,0,0,2,0.0
40.7,O1234_JOB1,3,24.7,13.7,25.6,25677.0,N80 Y75.0 F600,80,0,5,58,S1,27.9,0,0,2500,2500,0,0,8000,100,8,0,19,1,T01_DRILL_10MM,100.5,0.0,0.0,5.0,X,3,0,150,0,0,1,0.0,Y,3,0,75,0,0,2,0.0,Z,3,0,0,0,0,0,0.0,C,3,0,0,0,0,2,0.0,A,3,0,0,0,0,2,0.0
40.8,O1234_JOB1,3,24.8,13.7,25.7,25771.0,N80 Y75.0 F600,80,0,5,58,S1,27.9,0,0,2500,2500,0,0,8000,100,6,0,19,1,T01_DRILL_10MM,100.5,0.0,0.0,5.0,X,3,0,150,0,0,2,0.0,Y,3,0,75,0,0,1,0.0,Z,3,0,0,0,0,2,0.0,C,3,0,0,0,0,0,0.0,A,3,0,0,0,0,2,0.0
40.9,O1234_JOB1,3,24.9,13.7,25.8,25877.0,N80 Y75.0 F600,80,0,5,58,S1,27.9,0,0,2500,2500,0,0,8000,100,7,0,19,1,T01_DRILL_10MM,100.5,0.0,0.0,5.0,X,3,0,150,0,0,1,0.0,Y,3,0,75,0,0,0,0.0,Z,3,0,0,0,0,1,0.0,C,3,0,0,0,0,2,0.0,A,3,0,0,0,0,2,0.0
41.0,O1234_JOB1,3,25.0,13.7,25.9,25969.0,N80 Y75.0 F600,80,0,5,58,S1,27.9,0,0,2500,2500,0,0,8000,100,6,0,19,1,T01_DRILL_10MM,100.5,0.0,0.0,5.0,X,3,0,150,0,0,0,0.0,Y,3,0,75,0,0,2,0.0,Z,3,0,0,0,0,0,0.0,C,3,0,0,0,0,1,0.0,A,3,0,0,0,0,1,0.0
41.1,O1234_JOB1,3,25.1,13.7,26.0,26066.0,N80 Y75.0 F600,80,0,5,58,S1,27.9,0,0,2500,2500,0,0,8000,100,6,0,19,1,T01_DRILL_10MM,100.5,0.0,0.0,5.0,X,3,0,150,0,0,0,0.0,Y,3,0,75,0,0,1,0.0,Z,3,0,0,0,0,1,0.0,C,3,0,0,0,0,0,0.0,A,3,0,0,0,0,2,0.0
41.2,O1234_JOB1,3,25.2,13.7,26.1,26161.0,N80 Y75.0 F600,80,0,5,58,S1,27.9,0,0,2500,2500,0,0,8000,100,8,0,19,1,T01_DRILL_10MM,100.5,0.0,0.0,5.0,X,3,0,150,0,0,0,0.0,Y,3,0,75,0,0,1,0.0,Z,3,0,0,0,0,2,0.0,C,3,0,0,0,0,0,0.0,A,3,0,0,0,0,2,0.0
41.3,O1234_JOB1,3,25.3,13.7,26.2,26254.0,N80 Y75.0 F600,80,0,5,58,S1,27.9,0,0,2500,2500,0,0,8000,100,6,0,19,1,T01_DRILL_10MM,100.5,0.0,0.0,5.0,X,3,0,150,0,0,1,0.0,Y,3,0,75,0,0,2,0.0,Z,3,0,0,0,0,0,0.0,C,3,0,0,0,0,2,0.0,A,3,0,0,0,0,1,0.0
41.4,O1234_JOB1,3,25.4,13.7,26.3,26359.0,N80 Y75.0 F600,80,0,5,58,S1,28.0,0,0,2500,2500,0,0,8000,100,7,0,19,1,T01_DRILL_10MM,100.5,0.0,0.0,5.0,X,3,0,150,0,0,0,0.0,Y,3,0,75,0,0,2,0.0,Z,3,0,0,0,0,0,0.0,C,3,0,0,0,0,1,0.0,A,3,0,0,0,0,2,0.0
41.5,O1234_JOB1,3,25.5,13.7,26.4,26455.0,N80 Y75.0 F600,80,0,5,58,S1,28.0,0,0,2500,2500,0,0,8000,100,4,0,19,1,T01_DRILL_10MM,100.5,0.0,0.0,5.0,X,3,0,150,0,0,2,0.0,Y,3,0,75,0,0,0,0.0,Z,3,0,0,0,0,2,0.0,C,3,0,0,0,0,0,0.0,A,3,0,0,0,0,2,0.0
41.6,O1234_JOB1,3,25.6,13.7,26.5,26553.0,N80 Y75.0 F600,80,0,5,58,S1,28.0,0,0,2500,2500,0,0,8000,100,4,0,19,1,T01_DRILL_10MM,100.5,0.0,0.0,5.0,X,3,0,150,0,0,2,0.0,Y,3,0,75,0,0,0,0.0,Z,3,0,0,0,0,1,0.0,C,3,0,0,0,0,2,0.0,A,3,0,0,0,0,0,0.0
41.7,O1234_JOB1,3,25.7,13.7,26.6,26652.0,N80 Y75.0 F600,80,0,5,58,S1,28.0,0,0,2500,2500,0,0,8000,100,7,0,19,1,T01_DRILL_10MM,100.5,0.0,0.0,5.0,X,3,0,150,0,0,2,0.0,Y,3,0,75,0,0,0,0.0,Z,3,0,0,0,0,0,0.0,C,3,0,0,0,0,1,0.0,A,3,0,0,0,0,1,0.0
41.8,O1234_JOB1,3,25.8,13.7,26.7,26751.0,N80 Y75.0 F600,80,0,5,58,S1,28.0,0,0,2500,2500,0,0,8000,100,8,0,19,1,T01_DRILL_10MM,100.5,0.0,0.0,5.0,X,3,0,150,0,0,2,0.0,Y,3,0,75,0,0,1,0.0,Z,3,0,0,0,0,0,0.0,C,3,0,0,0,0,0,0.0,A,3,0,0,0,0,0,0.0
41.9,O1234_JOB1,3,25.9,13.7,26.8,26846.0,N80 Y75.0 F600,80,0,5,58,S1,28.0,0,0,2500,2500,0,0,8000,100,6,0,19,1,T01_DRILL_10MM,100.5,0.0,0.0,5.0,X,3,0,150,0,0,0,0.0,Y,3,0,75,0,0,1,0.0,Z,3,0,0,0,0,2,0.0,C,3,0,0,0,0,0,0.0,A,3,0,0,0,0,1,0.0
42.0,O1234_JOB1,3,26.0,13.7,26.9,26950.0,N80 Y75.0 F600,80,0,5,58,S1,28.0,0,0,2500,2500,0,0,8000,100,5,0,19,1,T01_DRILL_10MM,100.5,0.0,0.0,5.0,X,3,0,150,0,0,1,0.0,Y,3,0,75,0,0,1,0.0,Z,3,0,0,0,0,2,0.0,C,3,0,0,0,0,1,0.0,A,3,0,0,0,0,2,0.0
42.1,O1234_JOB1,3,26.1,13.7,27.0,27056.0,N80 Y75.0 F600,80,0,5,58,S1,28.0,0,0,2500,2500,0,0,8000,100,7,0,19,1,T01_DRILL_10MM,100.5,0.0,0.0,5.0,X,3,0,150,0,0,2,0.0,Y,3,0,75,0,0,2,0.0,Z,3,0,0,0,0,2,0.0,C,3,0,0,0,0,0,0.0,A,3,0,0,0,0,0,0.0
42.2,O1234_JOB1,3,26.2,13.7,27.1,27162.0,N80 Y75.0 F600,80,0,5,58,S1,28.0,0,0,2500,2500,0,0,8000,100,6,0,19,1,T01_DRILL_10MM,100.5,0.0,0.0,5.0,X,3,0,150,0,0,1,0.0,Y,3,0,75,0,0,2,0.0,Z,3,0,0,0,0,0,0.0,C,3,0,0,0,0,1,0.0,A,3,0,0,0,0,1,0.0
42.3,O1234_JOB1,3,26.3,13.7,27.2,27266.0,N80 Y75.0 F600,80,0,5,58,S1,28.0,0,0,2500,2500,0,0,8000,100,6,0,19,1,T01_DRILL_10MM,100.5,0.0,0.0,5.0,X,3,0,150,0,0,0,0.0,Y,3,0,75,0,0,1,0.0,Z,3,0,0,0,0,2,0.0,C,3,0,0,0,0,1,0.0,A,3,0,0,0,0,0,0.0
42.4,O1234_JOB1,3,26.4,13.8,27.3,27361.0,N90 X50.0,90,0,5,58,S1,28.0,0,0,2500,2500,0,0,8000,100,6,0,19,1,T01_DRILL_10MM,100.5,0.0,0.0,5.0,X,1,0,149,0,-70,41,600.0,Y,3,0,75,0,0,2,0.0,Z,3,0,0,0,0,1,0.0,C,3,0,0,0,0,2,0.0,A,3,0,0,0,0,0,0.0
42.5,O1234_JOB1,3,26.5,13.9,27.4,27457.0,N90 X50.0,90,0,5,58,S1,28.0,0,0,2500,2500,0,0,8000,100,38,0,19,1,T01_DRILL_10MM,100.5,0.0,0.0,5.0,X,1,0,148,0,0,33,600.0,Y,3,0,75,0,0,0,0.0,Z,3,0,0,0,0,2,0.0,C,3,0,0,0,0,2,0.0,A,3,0,0,0,0,2,0.0
42.6,O1234_JOB1,3,26.6,14.0,27.5,27556.0,N90 X50.0,90,0,5,58,S1,28.0,0,0,2500,2500,0,0,8000,100,31,0,19,1,T01_DRILL_10MM,100.5,0.0,0.0,5.0,X,1,0,147,0,0,30,600.0,Y,3,0,75,0,0,2,0.0,Z,3,0,0,0,0,0,0.0,C,3,0,0,0,0,0,0.0,A,3,0,0,0,0,2,0.0
42.7,O1234_JOB1,3,26.7,14.1,27.6,27651.0,N90 X50.0,90,0,5,58,S1,28.0,0,0,2500,2500,0,0,8000,100,26,0,19,1,T01_DRILL_10MM,100.5,0.0,0.0,5.0,X,1,0,146,0,0,22,600.0,Y,3,0,75,0,0,1,0.0,Z,3,0,0,0,0,0,0.0,C,3,0,0,0,0,2,0.0,A,3,0,0,0,0,1,0.0
42.8,O1234_JOB1,3,26.8,14.2,27.7,27758.0,N90 X50.0,90,0,5,58,S1,28.0,0,0,2500,2500,0,0,8000,100,35,0,19,1,T01_DRILL_10MM,100.5,0.0,0.0,5.0,X,1,0,145,0,0,31,600.0,Y,3,0,75,0,0,0,0.0,Z,3,0,0,0,0,2,0.0,C,3,0,0,0,0,1,0.0,A,3,0,0,0,0,0,0.0
42.9,O1234_JOB1,3,26.9,14.3,27.8,27868.0,N90 X50.0,90,0,5,58,S1,28.1,0,0,2500,2500,0,0,8000,100,25,0,19,1,T01_DRILL_10MM,100.5,0.0,0.0,5.0,X,1,0,144,0,0,26,600.0,Y,3,0,75,0,0,1,0.0,Z,3,0,0,0,0,2,0.0,C,3,0,0,0,0,2,0.0,A,3,0,0,0,0,1,0.0
43.0,O1234_JOB1,3,27.0,14.4,27.9,27967.0,N90 X50.0,90,0,5,58,S1,28.1,0,0,2500,2500,0,0,8000,100,36,0,19,1,T01_DRILL_10MM,100.5,0.0,0.0,5.0,X,1,0,143,0,0,29,600.0,Y,3,0,75,0,0,1,0.0,Z,3,0,0,0,0,0,0.0,C,3,0,0,0,0,1,0.0,A,3,0,0,0,0,1,0.0
43.1,O1234_JOB1,3,27.1,14.5,28.0,28062.0,N90 X50.0,90,0,5,58,S1,28.1,0,0,2500,2500,0,0,8000,100,25,0,19,1,T01_DRILL_10MM,100.5,0.0,0.0,5.0,X,1,0,142,0,0,24,600.0,Y,3,0,75,0,0,2,0.0,Z,3,0,0,0,0,2,0.0,C,3,0,0,0,0,2,0.0,A,3,0,0,0,0,2,0.0
43.2,O1234_JOB1,3,27.2,14.6,28.1,28170.0,N90 X50.0,90,0,5,58,S1,28.1,0,0,2500,2500,0,0,8000,100,30,0,19,1,T01_DRILL_10MM,100.5,0.0,0.0,5.0,X,1,0,141,0,0,24,600.0,Y,3,0,75,0,0,2,0.0,Z,3,0,0,0,0,0,0.0,C,3,0,0,0,0,2,0.0,A,3,0,0,0,0,1,0.0
43.3,O1234_JOB1,3,27.3,14.7,28.2,28279.0,N90 X50.0,90,0,5,58,S1,28.1,0,0,2500,2500,0,0,8000,100,37,0,19,1,T01_DRILL_10MM,100.5,0.0,0.0,5.0,X,1,0,140,0,0,27,600.0,Y,3,0,75,0,0,0,0.0,Z,3,0,0,0,0,0,0.0,C,3,0,0,0,0,0,0.0,A,3,0,0,0,0,2,0.0
43.4,O1234_JOB1,3,27.4,14.8,28.3,28383.0,N90 X50.0,90,0,5,58,S1,28.1,0,0,2500,2500,0,0,8000,100,26,0,19,1,T01_DRILL_10MM,100.5,0.0,0.0,5.0,X,1,0,139,0,0,29,600.0,Y,3,0,75,0,0,1,0.0,Z,3,0,0,0,0,0,0.0,C,3,0,0,0,0,1,0.0,A,3,0,0,0,0,2,0.0
43.5,O1234_JOB1,3,27.5,14.9,28.4,28478.0,N90 X50.0,90,0,5,58,S1,28.2,0,0,2500,2500,0,0,8000,100,30,0,19,1,T01_DRILL_10MM,100.5,0.0,0.0,5.0,X,1,0,138,0,0,26,600.0,Y,3,0,75,0,0,0,0.0,Z,3,0,0,0,0,0,0.0,C,3,0,0,0,0,0,0.0,A,3,0,0,0,0,1,0.0
43.6,O1234_JOB1,3,27.6,15.0,28.5,28578.0,N90 X50.0,90,0,5,58,S1,28.2,0,0,2500,2500,0,0,8000,100,31,0,19,1,T01_DRILL_10MM,100.5,0.0,0.0,5.0,X,1,0,137,0,0,24,600.0,Y,3,0,75,0,0,1,0.0,Z,3,0,0,0,0,2,0.0,C,3,0,0,0,0,2,0.0,A,3,0,0,0,0,0,0.0
43.7,O1234_JOB1,3,27.7,15.1,28.6,28677.0,N90 X50.0,90,0,5,58,S1,28.2,0,0,2500,2500,0,0,8000,100,36,0,19,1,T01_DRILL_10MM,100.5,0.0,0.0,5.0,X,1,0,136,0,0,26,600.0,Y,3,0,75,0,0,2,0.0,Z,3,0,0,0,0,1,0.0,C,3,0,0,0,0,1,0.0,A,3,0,0,0,0,2,0.0
43.8,O1234_JOB1,3,27.8,15.2,28.7,28773.0,N90 X50.0,90,0,5,58,S1,28.2,0,0,2500,2500,0,0,8000,100,35,0,19,1,T01_DRILL_10MM,100.5,0.0,0.0,5.0,X,1,0,135,0,0,25,600.0,Y,3,0,75,0,0,0,0.0,Z,3,0,0,0,0,0,0.0,C,3,0,0,0,0,1,0.0,A,3,0,0,0,0,1,0.0
43.9,O1234_JOB1,3,27.9,15.3,28.8,28876.0,N90 X50.0,90,0,5,58,S1,28.2,0,0,2500,2500,0,0,8000,100,38,0,19,1,T01_DRILL_10MM,100.5,0.0,0.0,5.0,X,1,0,134,0,0,26,600.0,Y,3,0,75,0,0,0,0.0,Z,3,0,0,0,0,2,0.0,C,3,0,0,0,0,2,0.0,A,3,0,0,0,0,2,0.0
44.0,O1234_JOB1,3,28.0,15.4,28.9,28968.0,N90 X50.0,90,0,5,58,S1,28.2,0,0,2500,2500,0,0,8000,100,35,0,19,1,T01_DRILL_10MM,100.5,0.0,0.0,5.0,X,1,0,133,0,0,34,600.0,Y,3,0,75,0,0,0,0.0,Z,3,0,0,0,0,0,0.0,C,3,0,0,0,0,2,0.0,A,3,0,0,0,0,2,0.0
44.1,O1234_JOB1,3,28.1,15.5,29.0,29064.0,N90 X50.0,90,0,5,58,S1,28.3,0,0,2500,2500,0,0,8000,100,40,0,19,1,T01_DRILL_10MM,100.5,0.0,0.0,5.0,X,1,0,132,0,0,27,600.0,Y,3,0,75,0,0,2,0.0,Z,3,0,0,0,0,0,0.0,C,3,0,0,0,0,1,0.0,A,3,0,0,0,0,1,0.0
44.2,O1234_JOB1,3,28.2,15.6,29.1,29173.0,N90 X50.0,90,0,5,58,S1,28.3,0,0,2500,2500,0,0,8000,100,29,0,19,1,T01_DRILL_10MM,100.5,0.0,0.0,5.0,X,1,0,131,0,0,25,600.0,Y,3,0,75,0,0,0,0.0,Z,3,0,0,0,0,0,0.0,C,3,0,0,0,0,2,0.0,A,3,0,0,0,0,2,0.0
44.3,O1234_JOB1,3,28.3,15.7,29.2,29273.0,N90 X50.0,90,0,5,58,S1,28.3,0,0,2500,2500,0,0,8000,100,36,0,19,1,T01_DRILL_10MM,100.5,0.0,0.0,5.0,X,1,0,130,0,0,32,600.0,Y,3,0,75,0,0,0,0.0,Z,3,0,0,0,0,2,0.0,C,3,0,0,0,0,1,0.0,A,3,0,0,0,0,1,0.0
44.4,O1234_JOB1,3,28.4,15.8,29.3,29371.0,N90 X50.0,90,0,5,58,S1,28.3,0,0,2500,2500,0,0,8000,100,25,0,19,1,T01_DRILL_10MM,100.5,0.0,0.0,5.0,X,1,0,129,0,0,21,600.0,Y,3,0,75,0,0,2,0.0,Z,3,0,0,0,0,2,0.0,C,3,0,0,0,0,1,0.0,A,3,0,0,0,0,0,0.0
44.5,O1234_JOB1,3,28.5,15.9,29.4,29468.0,N90 X50.0,90,0,5,58,S1,28.3,0,0,2500,2500,0,0,8000,100,24,0,19,1,T01_DRILL_10MM,100.5,0.0,0.0,5.0,X,1,0,128,0,0,30,600.0,Y,3,0,75,0,0,0,0.0,Z,3,0,0,0,0,2,0.0,C,3,0,0,0,0,0,0.0,A,3,0,0,0,0,1,0.0
44.6,O1234_JOB1,3,28.6,16.0,29.5,29570.0,N90 X50.0,90,0,5,58,S1,28.3,0,0,2500,2500,0,0,8000,100,30,0,19,1,T01_DRILL_10MM,100.5,0.0,0.0,5.0,X,1,0,127,0,0,18,600.0,Y,3,0,75,0,0,2,0.0,Z,3,0,0,0,0,0,0.0,C,3,0,0,0,0,1,0.0,A,3,0,0,0,0,0,0.0
44.7,O1234_JOB1,3,28.7,16.1,29.6,29662.0,N90 X50.0,90,0,5,58,S1,28.4,0,0,2500,2500,0,0,8000,100,37,0,19,1,T01_DRILL_10MM,100.5,0.0,0.0,5.0,X,1,0,126,0,0,29,600.0,Y,3,0,75,0,0,2,0.0,Z,3,0,0,0,0,0,0.0,C,3,0,0,0,0,0,0.0,A,3,0,0,0,0,2,0.0
44.8,O1234_JOB1,3,28.8,16.2,29.7,29756.0,N90 X50.0,90,0,5,58,S1,28.4,0,0,2500,2500,0,0,8000,100,31,0,19,1,T01_DRILL_10MM,100.5,0.0,0.0,5.0,X,1,0,125,0,0,29,600.0,Y,3,0,75,0,0,2,0.0,Z,3,0,0,0,0,2,0.0,C,3,0,0,0,0,1,0.0,A,3,0,0,0,0,0,0.0
44.9,O1234_JOB1,3,28.9,16.3,29.8,29854.0,N90 X50.0,90,0,5,58,S1,28.4,0,0,2500,2500,0,0,8000,100,24,0,19,1,T01_DRILL_10MM,100.5,0.0,0.0,5.0,X,1,0,124,0,0,28,600.0,Y,3,0,75,0,0,0,0.0,Z,3,0,0,0,0,0,0.0,C,3,0,0,0,0,1,0.0,A,3,0,0,0,0,0,0.0
45.0,O1234_JOB1,3,29.0,16.4,29.9,29962.0,N90 X50.0,90,0,5,58,S1,28.4,0,0,2500,2500,0,0,8000,100,29,0,19,1,T01_DRILL_10MM,100.5,0.0,0.0,5.0,X,1,0,123,0,0,30,600.0,Y,3,0,75,0,0,1,0.0,Z,3,0,0,0,0,0,0.0,C,3,0,0,0,0,0,0.0,A,3,0,0,0,0,1,0.0
45.1,O1234_JOB1,3,29.1,16.5,30.0,30055.0,N90 X50.0,90,0,5,58,S1,28.4,0,0,2500,2500,0,0,8000,100,37,0,19,1,T01_DRILL_10MM,100.5,0.0,0.0,5.0,X,1,0,122,0,0,33,600.0,Y,3,0,75,0,0,2,0.0,Z,3,0,0,0,0,0,0.0,C,3,0,0,0,0,2,0.0,A,3,0,0,0,0,0,0.0
45.2,O1234_JOB1,3,29.2,16.6,30.1,30152.0,N90 X50.0,90,0,5,58,S1,28.4,0,0,2500,2500,0,0,8000,100,28,0,19,1,T01_DRILL_10MM,100.5,0.0,0.0,5.0,X,1,0,121,0,0,21,600.0,Y,3,0,75,0,0,1,0.0,Z,3,0,0,0,0,1,0.0,C,3,0,0,0,0,0,0.0,A,3,0,0,0,0,1,0.0
45.3,O1234_JOB1,3,29.3,16.7,30.2,30257.0,N90 X50.0,90,0,5,58,S1,28.4,0,0,2500,2500,0,0,8000,100,35,0,19,1,T01_DRILL_10MM,100.5,0.0,0.0,5.0,X,1,0,120,0,0,30,600.0,Y,3,0,75,0,0,2,0.0,Z,3,0,0,0,0,1,0.0,C,3,0,0,0,0,0,0.0,A,3,0,0,0,0,0,0.0
45.4,O1234_JOB1,3,29.4,16.8,30.3,30350.0,N90 X50.0,90,0,5,58,S1,28.5,0,0,2500,2500,0,0,8000,100,36,0,19,1,T01_DRILL_10MM,100.5,0.0,0.0,5.0,X,1,0,119,0,0,34,600.0,Y,3,0,75,0,0,2,0.0,Z,3,0,0,0,0,1,0.0,C,3,0,0,0,0,2,0.0,A,3,0,0,0,0,1,0.0
45.5,O1234_JOB1,3,29.5,16.9,30.4,30452.0,N90 X50.0,90,0,5,58,S1,28.5,0,0,2500,2500,0,0,8000,100,29,0,19,1,T01_DRILL_10MM,100.5,0.0,0.0,5.0,X,1,0,118,0,0,32,600.0,Y,3,0,75,0,0,1,0.0,Z,3,0,0,0,0,0,0.0,C,3,0,0,0,0,2,0.0,A,3,0,0,0,0,2,0.0
45.6,O1234_JOB1,3,29.6,17.0,30.5,30543.0,N90 X50.0,90,0,5,58,S1,28.5,0,0,2500,2500,0,0,8000,100,40,0,19,1,T01_DRILL_10MM,100.5,0.0,0.0,5.0,X,1,0,117,0,0,31,600.0,Y,3,0,75,0,0,0,0.0,Z,3,0,0,0,0,0,0.0,C,3,0,0,0,0,2,0.0,A,3,0,0,0,0,2,0.0
45.7,O1234_JOB1,3,29.7,17.1,30.6,30634.0,N90 X50.0,90,0,5,58,S1,28.5,0,0,2500,2500,0,0,8000,100,25,0,19,1,T01_DRILL_10MM,100.5,0.0,0.0,5.0,X,1,0,116,0,0,26,600.0,Y,3,0,75,0,0,2,0.0,Z,3,0,0,0,0,0,0.0,C,3,0,0,0,0,2,0.0,A,3,0,0,0,0,1,0.0
45.8,O1234_JOB1,3,29.8,17.2,30.7,30739.0,N90 X50.0,90,0,5,58,S1,28.5,0,0,2500,2500,0,0,8000,100,39,0,19,1,T01_DRILL_10MM,100.5,0.0,0.0,5.0,X,1,0,115,0,0,25,600.0,Y,3,0,75,0,0,2,0.0,Z,3,0,0,0,0,1,0.0,C,3,0,0,0,0,2,0.0,A,3,0,0,0,0,1,0.0
45.9,O1234_JOB1,3,29.9,17.3,30.8,30836.0,N90 X50.0,90,0,5,58,S1,28.5,0,0,2500,2500,0,0,8000,100,33,0,19,1,T01_DRILL_10MM,100.5,0.0,0.0,5.0,X,1,0,114,0,0,22,600.0,Y,3,0,75,0,0,0,0.0,Z,3,0,0,0,0,2,0.0,C,3,0,0,0,0,2,0.0,A,3,0,0,0,0,0,0.0
46.0,O1234_JOB1,3,30.0,17.4,30.9,30926.0,N90 X50.0,90,0,5,58,S1,28.6,0,0,2500,2500,0,0,8000,100,23,0,19,1,T01_DRILL_10MM,100.5,0.0,0.0,5.0,X,1,0,113,0,0,26,600.0,Y,3,0,75,0,0,2,0.0,Z,3,0,0,0,0,1,0.0,C,3,0,0,0,0,1,0.0,A,3,0,0,0,0,0,0.0
46.1,O1234_JOB1,3,30.1,17.5,31.0,31024.0,N90 X50.0,90,0,5,58,S1,28.6,0,0,2500,2500,0,0,8000,100,34,0,19,1,T01_DRILL_10MM,100.5,0.0,0.0,5.0,X,1,0,112,0,0,28,600.0,Y,3,0,75,0,0,2,0.0,Z,3,0,0,0,0,1,0.0,C,3,0,0,0,0,1,0.0,A,3,0,0,0,0,1,0.0
46.2,O1234_JOB1,3,30.2,17.6,31.1,31115.0,N90 X50.0,90,0,5,58,S1,28.6,0,0,2500,2500,0,0,8000,100,24,0,19,1,T01_DRILL_10MM,100.5,0.0,0.0,5.0,X,1,0,111,0,0,27,600.0,Y,3,0,75,0,0,1,0.0,Z,3,0,0,0,0,0,0.0,C,3,0,0,0,0,1,0.0,A,3,0,0,0,0,2,0.0
46.3,O1234_JOB1,3,30.3,17.7,31.2,31210.0,N90 X50.0,90,0,5,58,S1,28.6,0,0,2500,2500,0,0,8000,100,31,0,19,1,T01_DRILL_10MM,100.5,0.0,0.0,5.0,X,1,0,110,0,0,27,600.0,Y,3,0,75,0,0,2,0.0,Z,3,0,0,0,0,1,0.0,C,3,0,0,0,0,2,0.0,A,3,0,0,0,0,0,0.0
46.4,O1234_JOB1,3,30.4,17.8,31.3,31302.0,N90 X50.0,90,0,5,58,S1,28.6,0,0,2500,2500,0,0,8000,100,26,0,19,1,T01_DRILL_10MM,100.5,0.0,0.0,5.0,X,1,0,109,0,0,31,600.0,Y,3,0,75,0,0,0,0.0,Z,3,0,0,0,0,2,0.0,C,3,0,0,0,0,1,0.0,A,3,0,0,0,0,0,0.0
46.5,O1234_JOB1,3,30.5,17.9,31.4,31408.0,N90 X50.0,90,0,5,58,S1,28.6,0,0,2500,2500,0,0,8000,100,32,0,19,1,T01_DRILL_10MM,100.5,0.0,0.0,5.0,X,1,0,108,0,0,31,600.0,Y,3,0,75,0,0,0,0.0,Z,3,0,0,0,0,0,0.0,C,3,0,0,0,0,0,0.0,A,3,0,0,0,0,0,0.0
46.6,O1234_JOB1,3,30.6,18.0,31.5,31506.0,N90 X50.0,90,0,5,58,S1,28.6,0,0,2500,2500,0,0,8000,100,27,0,19,1,T01_DRILL_10MM,100.5,0.0,0.0,5.0,X,1,0,107,0,0,28,600.0,Y,3,0,75,0,0,0,0.0,Z,3,0,0,0,0,0,0.0,C,3,0,0,0,0,0,0.0,A,3,0,0,0,0,1,0.0
46.7,O1234_JOB1,3,30.7,18.1,31.6,31614.0,N90 X50.0,90,0,5,58,S1,28.7,0,0,2500,2500,0,0,8000,100,38,0,19,1,T01_DRILL_10MM,100.5,0.0,0.0,5.0,X,1,0,106,0,0,30,600.0,Y,3,0,75,0,0,1,0.0,Z,3,0,0,0,0,1,0.0,C,3,0,0,0,0,1,0.0,A,3,0,0,0,0,2,0.0
46.8,O1234_JOB1,3,30.8,18.2,31.7,31723.0,N90 X50.0,90,0,5,58,S1,28.7,0,0,2500,2500,0,0,8000,100,30,0,19,1,T01_DRILL_10MM,100.5,0.0,0.0,5.0,X,1,0,105,0,0,30,600.0,Y,3,0,75,0,0,0,0.0,Z,3,0,0,0,0,2,0.0,C,3,0,0,0,0,0,0.0,A,3,0,0,0,0,1,0.0
46.9,O1234_JOB1,3,30.9,18.3,31.8,31827.0,N90 X50.0,90,0,5,58,S1,28.7,0,0,2500,2500,0,0,8000,100,36,0,19,1,T01_DRILL_10MM,100.5,0.0,0.0,5.0,X,1,0,104,0,0,25,600.0,Y,3,0,75,0,0,2,0.0,Z,3,0,0,0,0,1,0.0,C,3,0,0,0,0,2,0.0,A,3,0,0,0,0,2,0.0
47.0,O1234_JOB1,3,31.0,18.4,31.9,31917.0,N90 X50.0,90,0,5,58,S1,28.7,0,0,2500,2500,0,0,8000,100,27,0,19,1,T01_DRILL_10MM,100.5,0.0,0.0,5.0,X,1,0,103,0,0,27,600.0,Y,3,0,75,0,0,0,0.0,Z,3,0,0,0,0,2,0.0,C,3,0,0,0,0,0,0.0,A,3,0,0,0,0,1,0.0
47.1,O1234_JOB1,3,31.1,18.5,32.0,32008.0,N90 X50.0,90,0,5,58,S1,28.7,0,0,2500,2500,0,0,8000,100,27,0,19,1,T01_DRILL_10MM,100.5,0.0,0.0,5.0,X,1,0,102,0,0,22,600.0,Y,3,0,75,0,0,1,0.0,Z,3,0,0,0,0,1,0.0,C,3,0,0,0,0,0,0.0,A,3,0,0,0,0,1,0.0
47.2,O1234_JOB1,3,31.2,18.6,32.1,32104.0,N90 X50.0,90,0,5,58,S1,28.7,0,0,2500,2500,0,0,8000,100,38,0,19,1,T01_DRILL_10MM,100.5,0.0,0.0,5.0,X,1,0,101,0,0,35,600.0,Y,3,0,75,0,0,1,0.0,Z,3,0,0,0,0,1,0.0,C,3,0,0,0,0,2,0.0,A,3,0,0,0,0,0,0.0
47.3,O1234_JOB1,3,31.3,18.7,32.2,32195.0,N90 X50.0,90,0,5,58,S1,28.7,0,0,2500,2500,0,0,8000,100,29,0,19,1,T01_DRILL_10MM,100.5,0.0,0.0,5.0,X,1,0,100,0,0,27,600.0,Y,3,0,75,0,0,2,0.0,Z,3,0,0,0,0,1,0.0,C,3,0,0,0,0,1,0.0,A,3,0,0,0,0,1,0.0
47.4,O1234_JOB1,3,31.4,18.8,32.3,32298.0,N90 X50.0,90,0,5,58,S1,28.8,0,0,2500,2500,0,0,8000,100,28,0,19,1,T01_DRILL_10MM,100.5,0.0,0.0,5.0,X,1,0,99,0,0,24,600.0,Y,3,0,75,0,0,2,0.0,Z,3,0,0,0,0,0,0.0,C,3,0,0,0,0,2,0.0,A,3,0,0,0,0,0,0.0
47.5,O1234_JOB1,3,31.5,18.9,32.4,32403.0,N90 X50.0,90,0,5,58,S1,28.8,0,0,2500,2500,0,0,8000,100,32,0,19,1,T01_DRILL_10MM,100.5,0.0,0.0,5.0,X,1,0,98,0,0,27,600.0,Y,3,0,75,0,0,1,0.0,Z,3,0,0,0,0,2,0.0,C,3,0,0,0,0,0,0.0,A,3,0,0,0,0,2,0.0
47.6,O1234_JOB1,3,31.6,19.0,32.5,32508.0,N90 X50.0,90,0,5,58,S1,28.8,0,0,2500,2500,0,0,8000,100,37,0,19,1,T01_DRILL_10MM,100.5,0.0,0.0,5.0,X,1,0,97,0,0,30,600.0,Y,3,0,75,0,0,2,0.0,Z,3,0,0,0,0,1,0.0,C,3,0,0,0,0,1,0.0,A,3,0,0,0,0,2,0.0
47.7,O1234_JOB1,3,31.7,19.1,32.6,32602.0,N90 X50.0,90,0,5,58,S1,28.8,0,0,2500,2500,0,0,8000,100,27,0,19,1,T01_DRILL_10MM,100.5,0.0,0.0,5.0,X,1,0,96,0,0,31,600.0,Y,3,0,75,0,0,2,0.0,Z,3,0,0,0,0,0,0.0,C,3,0,0,0,0,1,0.0,A,3,0,0,0,0,2,0.0
47.8,O1234_JOB1,3,31.8,19.2,32.7,32698.0,N90 X50.0,90,0,5,58,S1,28.8,0,0,2500,2500,0,0,8000,100,30,0,19,1,T01_DRILL_10MM,100.5,0.0,0.0,5.0,X,1,0,95,0,0,30,600.0,Y,3,0,75,0,0,1,0.0,Z,3,0,0,0,0,1,0.0,C,3,0,0,0,0,1,0.0,A,3,0,0,0,0,2,0.0
47.9,O1234_JOB1,3,31.9,19.3,32.8,32803.0,N90 X50.0,90,0,5,58,S1,28.8,0,0,2500,2500,0,0,8000,100,31,0,19,1,T01_DRILL_10MM,100.5,0.0,0.0,5.0,X,1,0,94,0,0,27,600.0,Y,3,0,75,0,0,1,0.0,Z,3,0,0,0,0,1,0.0,C,3,0,0,0,0,0,0.0,A,3,0,0,0,0,2,0.0
48.0,O1234_JOB1,3,32.0,19.4,32.9,32909.0,N90 X50.0,90,0,5,58,S1,28.9,0,0,2500,2500,0,0,8000,100,32,0,19,1,T01_DRILL_10MM,100.5,0.0,0.0,5.0,X,1,0,93,0,0,25,600.0,Y,3,0,75,0,0,1,0.0,Z,3,0,0,0,0,0,0.0,C,3,0,0,0,0,2,0.0,A,3,0,0,0,0,1,0.0
48.1,O1234_JOB1,3,32.1,19.5,33.0,33003.0,N90 X50.0,90,0,5,58,S1,28.9,0,0,2500,2500,0,0,8000,100,25,0,19,1,T01_DRILL_10MM,100.5,0.0,0.0,5.0,X,1,0,92,0,0,24,600.0,Y,3,0,75,0,0,1,0.0,Z,3,0,0,0,0,0,0.0,C,3,0,0,0,0,1,0.0,A,3,0,0,0,0,1,0.0
48.2,O1234_JOB1,3,32.2,19.6,33.1,33095.0,N90 X50.0,90,0,5,58,S1,28.9,0,0,2500,2500,0,0,8000,100,27,0,19,1,T01_DRILL_10MM,100.5,0.0,0.0,5.0,X,1,0,91,0,0,30,600.0,Y,3,0,75,0,0,1,0.0,Z,3,0,0,0,0,0,0.0,C,3,0,0,0,0,2,0.0,A,3,0,0,0,0,0,0.0
48.3,O1234_JOB1,3,32.3,19.7,33.2,33190.0,N90 X50.0,90,0,5,58,S1,28.9,0,0,2500,2500,0,0,8000,100,23,0,19,1,T01_DRILL_10MM,100.5,0.0,0.0,5.0,X,1,0,90,0,0,23,600.0,Y,3,0,75,0,0,2,0.0,Z,3,0,0,0,0,0,0.0,C,3,0,0,0,0,2,0.0,A,3,0,0,0,0,0,0.0
48.4,O1234_JOB1,3,32.4,19.8,33.3,33286.0,N90 X50.0,90,0,5,58,S1,28.9,0,0,2500,2500,0,0,8000,100,28,0,19,1,T01_DRILL_10MM,100.5,0.0,0.0,5.0,X,1,0,89,0,0,23,600.0,Y,3,0,75,0,0,0,0.0,Z,3,0,0,0,0,0,0.0,C,3,0,0,0,0,0,0.0,A,3,0,0,0,0,2,0.0
48.5,O1234_JOB1,3,32.5,19.9,33.4,33388.0,N90 X50.0,90,0,5,58,S1,28.9,0,0,2500,2500,0,0,8000,100,26,0,19,1,T01_DRILL_10MM,100.5,0.0,0.0,5.0,X,1,0,88,0,0,26,600.0,Y,3,0,75,0,0,1,0.0,Z,3,0,0,0,0,1,0.0,C,3,0,0,0,0,1,0.0,A,3,0,0,0,0,2,0.0
48.6,O1234_JOB1,3,32.6,20.0,33.5,33478.0,N90 X50.0,90,0,5,58,S1,28.9,0,0,2500,2500,0,0,8000,100,30,0,19,1,T01_DRILL_10MM,100.5,0.0,0.0,5.0,X,1,0,87,0,0,26,600.0,Y,3,0,75,0,0,0,0.0,Z,3,0,0,0,0,1,0.0,C,3,0,0,0,0,1,0.0,A,3,0,0,0,0,0,0.0
48.7,O1234_JOB1,3,32.7,20.1,33.6,33572.0,N90 X50.0,90,0,5,58,S1,28.9,0,0,2500,2500,0,0,8000,100,40,0,19,1,T01_DRILL_10MM,100.5,0.0,0.0,5.0,X,1,0,86,0,0,26,600.0,Y,3,0,75,0,0,0,0.0,Z,3,0,0,0,0,0,0.0,C,3,0,0,0,0,2,0.0,A,3,0,0,0,0,1,0.0
48.8,O1234_JOB1,3,32.8,20.2,33.7,33682.0,N90 X50.0,90,0,5,58,S1,29.0,0,0,2500,2500,0,0,8000,100,24,0,19,1,T01_DRILL_10MM,100.5,0.0,0.0,5.0,X,1,0,85,0,0,24,600.0,Y,3,0,75,0,0,1,0.0,Z,3,0,0,0,0,0,0.0,C,3,0,0,0,0,0,0.0,A,3,0,0,0,0,2,0.0
48.9,O1234_JOB1,3,32.9,20.3,33.8,33775.0,N90 X50.0,90,0,5,58,S1,29.0,0,0,2500,2500,0,0,8000,100,41,0,19,1,T01_DRILL_10MM,100.5,0.0,0.0,5.0,X,1,0,84,0,0,28,600.0,Y,3,0,75,0,0,0,0.0,Z,3,0,0,0,0,0,0.0,C,3,0,0,0,0,2,0.0,A,3,0,0,0,0,0,0.0
49.0,O1234_JOB1,3,33.0,20.4,33.9,33868.0,N90 X50.0,90,0,5,58,S1,29.0,0,0,2500,2500,0,0,8000,100,38,0,19,1,T01_DRILL_10MM,100.5,0.0,0.0,5.0,X,1,0,83,0,0,29,600.0,Y,3,0,75,0,0,0,0.0,Z,3,0,0,0,0,1,0.0,C,3,0,0,0,0,0,0.0,A,3,0,0,0,0,2,0.0
49.1,O1234_JOB1,3,33.1,20.5,34.0,33976.0,N90 X50.0,90,0,5,58,S1,29.0,0,0,2500,2500,0,0,8000,100,38,0,19,1,T01_DRILL_10MM,100.5,0.0,0.0,5.0,X,1,0,82,0,0,23,600.0,Y,3,0,75,0,0,0,0.0,Z,3,0,0,0,0,2,0.0,C,3,0,0,0,0,0,0.0,A,3,0,0,0,0,1,0.0
49.2,O1234_JOB1,3,33.2,20.6,34.1,34075.0,N90 X50.0,90,0,5,58,S1,29.0,0,0,2500,2500,0,0,8000,100,35,0,19,1,T01_DRILL_10MM,100.5,0.0,0.0,5.0,X,1,0,81,0,0,26,600.0,Y,3,0,75,0,0,2,0.0,Z,3,0,0,0,0,2,0.0,C,3,0,0,0,0,2,0.0,A,3,0,0,0,0,0,0.0
49.3,O1234_JOB1,3,33.3,20.7,34.2,34170.0,N90 X50.0,90,0,5,58,S1,29.0,0,0,2500,2500,0,0,8000,100,25,0,19,1,T01_DRILL_10MM,100.5,0.0,0.0,5.0,X,1,0,80,0,0,25,600.0,Y,3,0,75,0,0,0,0.0,Z,3,0,0,0,0,1,0.0,C,3,0,0,0,0,1,0.0,A,3,0,0,0,0,1,0.0
49.4,O1234_JOB1,3,33.4,20.8,34.3,34264.0,N90 X50.0,90,0,5,58,S1,29.1,0,0,2500,2500,0,0,8000,100,36,0,19,1,T01_DRILL_10MM,100.5,0.0,0.0,5.0,X,1,0,79,0,0,28,600.0,Y,3,0,75,0,0,0,0.0,Z,3,0,0,0,0,2,0.0,C,3,0,0,0,0,1,0.0,A,3,0,0,0,0,1,0.0
49.5,O1234_JOB1,3,33.5,20.9,34.4,34363.0,N90 X50.0,90,0,5,58,S1,29.1,0,0,2500,2500,0,0,8000,100,31,0,19,1,T01_DRILL_10MM,100.5,0.0,0.0,5.0,X,1,0,78,0,0,24,600.0,Y,3,0,75,0,0,0,0.0,Z,3,0,0,0,0,2,0.0,C,3,0,0,0,0,0,0.0,A,3,0,0,0,0,0,0.0
49.6,O1234_JOB1,3,33.6,21.0,34.5,34460.0,N90 X50.0,90,0,5,58,S1,29.1,0,0,2500,2500,0,0,8000,100,25,0,19,1,T01_DRILL_10MM,100.5,0.0,0.0,5.0,X,1,0,77,0,0,22,600.0,Y,3,0,75,0,0,2,0.0,Z,3,0,0,0,0,1,0.0,C,3,0,0,0,0,0,0.0,A,3,0,0,0,0,1,0.0
49.7,O1234_JOB1,3,33.7,21.1,34.6,34554.0,N90 X50.0,90,0,5,58,S1,29.1,0,0,2500,2500,0,0,8000,100,29,0,19,1,T01_DRILL_10MM,100.5,0.0,0.0,5.0,X,1,0,76,0,0,27,600.0,Y,3,0,75,0,0,0,0.0,Z,3,0,0,0,0,0,0.0,C,3,0,0,0,0,1,0.0,A,3,0,0,0,0,2,0.0
49.8,O1234_JOB1,3,33.8,21.2,34.7,34644.0,N90 X50.0,90,0,5,58,S1,29.1,0,0,2500,2500,0,0,8000,100,31,0,19,1,T01_DRILL_10MM,100.5,0.0,0.0,5.0,X,1,0,75,0,0,25,600.0,Y,3,0,75,0,0,0,0.0,Z,3,0,0,0,0,1,0.0,C,3,0,0,0,0,0,0.0,A,3,0,0,0,0,1,0.0
49.9,O1234_JOB1,3,33.9,21.3,34.8,34742.0,N90 X50.0,90,0,5,58,S1,29.1,0,0,2500,2500,0,0,8000,100,23,0,19,1,T01_DRILL_10MM,100.5,0.0,0.0,5.0,X,1,0,74,0,0,28,600.0,Y,3,0,75,0,0,1,0.0,Z,3,0,0,0,0,1,0.0,C,3,0,0,0,0,0,0.0,A,3,0,0,0,0,1,0.0
50.0,O1234_JOB1,3,34.0,21.4,34.9,34837.0,N90 X50.0,90,0,5,58,S1,29.1,0,0,2500,2500,0,0,8000,100,37,0,19,1,T01_DRILL_10MM,100.5,0.0,0.0,5.0,X,1,0,73,0,0,23,600.0,Y,3,0,75,0,0,2,0.0,Z,3,0,0,0,0,1,0.0,C,3,0,0,0,0,1,0.0,A,3,0,0,0,0,1,0.0
50.1,O1234_JOB1,3,34.1,21.5,35.0,34929.0,N90 X50.0,90,0,5,58,S1,29.2,0,0,2500,2500,0,0,8000,100,24,0,19,1,T01_DRILL_10MM,100.5,0.0,0.0,5.0,X,1,0,72,0,0,25,600.0,Y,3,0,75,0,0,0,0.0,Z,3,0,0,0,0,2,0.0,C,3,0,0,0,0,2,0.0,A,3,0,0,0,0,0,0.0
50.2,O1234_JOB1,3,34.2,21.6,35.1,35021.0,N90 X50.0,90,0,5,58,S1,29.2,0,0,2500,2500,0,0,8000,100,40,0,19,1,T01_DRILL_10MM,100.5,0.0,0.0,5.0,X,1,0,71,0,0,33,600.0,Y,3,0,75,0,0,1,0.0,Z,3,0,0,0,0,0,0.0,C,3,0,0,0,0,2,0.0,A,3,0,0,0,0,1,0.0
50.3,O1234_JOB1,3,34.3,21.7,35.2,35116.0,N90 X50.0,90,0,5,58,S1,29.2,0,0,2500,2500,0,0,8000,100,38,0,19,1,T01_DRILL_10MM,100.5,0.0,0.0,5.0,X,1,0,70,0,0,25,600.0,Y,3,0,75,0,0,2,0.0,Z,3,0,0,0,0,0,0.0,C,3,0,0,0,0,2,0.0,A,3,0,0,0,0,0,0.0
50.4,O1234_JOB1,3,34.4,21.8,35.3,35224.0,N90 X50.0,90,0,5,58,S1,29.2,0,0,2500,2500,0,0,8000,100,34,0,19,1,T01_DRILL_10MM,100.5,0.0,0.0,5.0,X,1,0,69,0,0,24,600.0,Y,3,0,75,0,0,0,0.0,Z,3,0,0,0,0,1,0.0,C,3,0,0,0,0,2,0.0,A,3,0,0,0,0,0,0.0
50.5,O1234_JOB1,3,34.5,21.8,35.4,35317.0,N100 G00 Z100.0,100,0,5,58,S1,29.2,0,0,2500,2500,0,0,8000,100,29,0,19,1,T01_DRILL_10MM,100.5,0.0,0.0,5.0,X,1,0,50,0,-70,39,11400.0,Y,3,0,75,0,0,0,0.0,Z,0,110,23,3,70,46,20000.0,C,3,0,0,0,0,0,0.0,A,3,0,0,0,0,2,0.0
50.6,O1234_JOB1,3,34.6,21.8,35.5,35415.0,N100 G00 Z100.0,100,0,5,58,S1,29.2,0,0,2500,2500,0,0,8000,100,7,0,19,1,T01_DRILL_10MM,100.5,0.0,0.0,5.0,X,3,0,50,0,0,1,0.0,Y,3,0,75,0,0,0,0.0,Z,0,77,57,0,-70,48,20000.0,C,3,0,0,0,0,1,0.0,A,3,0,0,0,0,0,0.0
50.7,O1234_JOB1,3,34.7,21.8,35.6,35521.0,N100 G00 Z100.0,100,0,5,58,S1,29.2,0,0,2500,2500,0,0,8000,100,7,0,19,1,T01_DRILL_10MM,100.5,0.0,0.0,5.0,X,3,0,50,0,0,2,0.0,Y,3,0,75,0,0,0,0.0,Z,0,43,90,0,-70,46,20000.0,C,3,0,0,0,0,2,0.0,A,3,0,0,0,0,2,0.0
50.8,O1234_JOB1,3,34.8,21.8,35.7,35619.0,N100 G00 Z100.0,100,0,5,58,S1,29.2,0,0,2500,2500,0,0,8000,100,6,0,19,1,T01_DRILL_10MM,100.5,0.0,0.0,5.0,X,3,0,50,0,0,0,0.0,Y,3,0,75,0,0,0,0.0,Z,0,10,100,0,-70,33,6000.0,C,3,0,0,0,0,1,0.0,A,3,0,0,0,0,2,0.0
50.9,O1234_JOB1,3,34.9,21.8,35.8,35709.0,N100 G00 Z100.0,100,0,5,58,S1,29.2,0,0,2500,2500,0,0,8000,100,5,0,19,1,T01_DRILL_10MM,100.5,0.0,0.0,5.0,X,3,0,50,0,0,0,0.0,Y,3,0,75,0,0,2,0.0,Z,3,0,100,0,0,0,0.0,C,3,0,0,0,0,1,0.0,A,3,0,0,0,0,1,0.0
51.0,O1234_JOB1,3,35.0,21.8,35.9,35814.0,N100 G00 Z100.0,100,0,5,58,S1,29.2,0,0,2500,2500,0,0,8000,100,6,0,19,1,T01_DRILL_10MM,100.5,0.0,0.0,5.0,X,3,0,50,0,0,2,0.0,Y,3,0,75,0,0,0,0.0,Z,3,0,100,0,0,2,0.0,C,3,0,0,0,0,1,0.0,A,3,0,0,0,0,1,0.0
51.1,O1234_JOB1,3,35.1,21.8,36.0,35920.0,N100 G00 Z100.0,100,0,5,58,S1,29.2,0,0,2500,2500,0,0,8000,100,4,0,19,1,T01_DRILL_10MM,100.5,0.0,0.0,5.0,X,3,0,50,0,0,0,0.0,Y,3,0,75,0,0,1,0.0,Z,3,0,100,0,0,0,0.0,C,3,0,0,0,0,1,0.0,A,3,0,0,0,0,2,0.0
51.2,O1234_JOB1,3,35.2,21.8,36.1,36014.0,N100 G00 Z100.0,100,0,5,58,S1,29.2,0,0,2500,2500,0,0,8000,100,6,0,19,1,T01_DRILL_10MM,100.5,0.0,0.0,5.0,X,3,0,50,0,0,2,0.0,Y,3,0,75,0,0,0,0.0,Z,3,0,100,0,0,0,0.0,C,3,0,0,0,0,1,0.0,A,3,0,0,0,0,0,0.0
51.3,O1234_JOB1,3,35.3,21.8,36.2,36109.0,N100 G00 Z100.0,100,0,5,58,S1,29.2,0,0,2500,2500,0,0,8000,100,8,0,19,1,T01_DRILL_10MM,100.5,0.0,0.0,5.0,X,3,0,50,0,0,0,0.0,Y,3,0,75,0,0,2,0.0,Z,3,0,100,0,0,0,0.0,C,3,0,0,0,0,1,0.0,A,3,0,0,0,0,2,0.0
51.4,O1234_JOB1,3,35.4,21.8,36.3,36206.0,N100 G00 Z100.0,100,0,5,58,S1,29.2,0,0,2500,2500,0,0,8000,100,4,0,19,1,T01_DRILL_10MM,100.5,0.0,0.0,5.0,X,3,0,50,0,0,2,0.0,Y,3,0,75,0,0,1,0.0,Z,3,0,100,0,0,2,0.0,C,3,0,0,0,0,2,0.0,A,3,0,0,0,0,1,0.0
51.5,O1234_JOB1,3,35.5,21.8,36.4,36316.0,N100 G00 Z100.0,100,0,5,58,S1,29.2,0,0,2500,2500,0,0,8000,100,8,0,19,1,T01_DRILL_10MM,100.5,0.0,0.0,5.0,X,3,0,50,0,0,2,0.0,Y,3,0,75,0,0,2,0.0,Z,3,0,100,0,0,2,0.0,C,3,0,0,0,0,2,0.0,A,3,0,0,0,0,2,0.0
51.6,O1234_JOB1,3,35.6,21.8,36.5,36416.0,N100 G00 Z100.0,100,0,5,58,S1,29.2,0,0,2500,2500,0,0,8000,100,7,0,19,1,T01_DRILL_10MM,100.5,0.0,0.0,5.0,X,3,0,50,0,0,1,0.0,Y,3,0,75,0,0,1,0.0,Z,3,0,100,0,0,0,0.0,C,3,0,0,0,0,0,0.0,A,3,0,0,0,0,2,0.0
51.7,O1234_JOB1,3,35.7,21.8,36.6,36524.0,N100 G00 Z100.0,100,0,5,58,S1,29.2,0,0,2500,2500,0,0,8000,100,7,0,19,1,T01_DRILL_10MM,100.5,0.0,0.0,5.0,X,3,0,50,0,0,1,0.0,Y,3,0,75,0,0,2,0.0,Z,3,0,100,0,0,1,0.0,C,3,0,0,0,0,2,0.0,A,3,0,0,0,0,1,0.0
51.8,O1234_JOB1,3,35.8,21.8,36.7,36618.0,N100 G00 Z100.0,100,0,5,58,S1,29.3,0,0,2500,2500,0,0,8000,100,7,0,19,1,T01_DRILL_10MM,100.5,0.0,0.0,5.0,X,3,0,50,0,0,1,0.0,Y,3,0,75,0,0,2,0.0,Z,3,0,100,0,0,2,0.0,C,3,0,0,0,0,1,0.0,A,3,0,0,0,0,1,0.0
51.9,O1234_JOB1,3,35.9,21.8,36.8,36724.0,N100 G00 Z100.0,100,0,5,58,S1,29.3,0,0,2500,2500,0,0,8000,100,6,0,19,1,T01_DRILL_10MM,100.5,0.0,0.0,5.0,X,3,0,50,0,0,1,0.0,Y,3,0,75,0,0,0,0.0,Z,3,0,100,0,0,2,0.0,C,3,0,0,0,0,2,0.0,A,3,0,0,0,0,2,0.0
52.0,O1234_JOB1,3,36.0,21.8,36.9,36828.0,N100 G00 Z100.0,100,0,5,58,S1,29.3,0,0,2500,2500,0,0,8000,100,5,0,19,1,T01_DRILL_10MM,100.5,0.0,0.0,5.0,X,3,0,50,0,0,2,0.0,Y,3,0,75,0,0,1,0.0,Z,3,0,100,0,0,1,0.0,C,3,0,0,0,0,2,0.0,A,3,0,0,0,0,2,0.0
52.1,O1234_JOB1,3,36.1,21.8,37.0,36935.0,N100 G00 Z100.0,100,0,5,58,S1,29.3,0,0,2500,2500,0,0,8000,100,7,0,19,1,T01_DRILL_10MM,100.5,0.0,0.0,5.0,X,3,0,50,0,0,2,0.0,Y,3,0,75,0,0,0,0.0,Z,3,0,100,0,0,0,0.0,C,3,0,0,0,0,2,0.0,A,3,0,0,0,0,1,0.0
52.2,O1234_JOB1,3,36.2,21.8,37.1,37043.0,N100 G00 Z100.0,100,0,5,58,S1,29.3,0,0,2500,2500,0,0,8000,100,5,0,19,1,T01_DRILL_10MM,100.5,0.0,0.0,5.0,X,3,0,50,0,0,0,0.0,Y,3,0,75,0,0,0,0.0,Z,3,0,100,0,0,0,0.0,C,3,0,0,0,0,1,0.0,A,3,0,0,0,0,1,0.0
52.3,O1234_JOB1,3,36.3,21.8,37.2,37143.0,N100 G00 Z100.0,100,0,5,58,S1,29.3,0,0,2500,2500,0,0,8000,100,5,0,19,1,T01_DRILL_10MM,100.5,0.0,0.0,5.0,X,3,0,50,0,0,1,0.0,Y,3,0,75,0,0,2,0.0,Z,3,0,100,0,0,1,0.0,C,3,0,0,0,0,0,0.0,A,3,0,0,0,0,0,0.0
52.4,O1234_JOB1,3,36.4,21.8,37.3,37248.0,N100 G00 Z100.0,100,0,5,58,S1,29.3,0,0,2500,2500,0,0,8000,100,7,0,19,1,T01_DRILL_10MM,100.5,0.0,0.0,5.0,X,3,0,50,0,0,1,0.0,Y,3,0,75,0,0,2,0.0,Z,3,0,100,0,0,0,0.0,C,3,0,0,0,0,0,0.0,A,3,0,0,0,0,2,0.0
52.5,O1234_JOB1,3,36.5,21.8,37.4,37338.0,N100 G00 Z100.0,100,0,5,58,S1,29.3,0,0,2500,2500,0,0,8000,100,4,0,19,1,T01_DRILL_10MM,100.5,0.0,0.0,5.0,X,3,0,50,0,0,1,0.0,Y,3,0,75,0,0,0,0.0,Z,3,0,100,0,0,0,0.0,C,3,0,0,0,0,0,0.0,A,3,0,0,0,0,0,0.0
52.6,O1234_JOB1,3,36.6,21.8,37.5,37442.0,N100 G00 Z100.0,100,0,5,58,S1,29.3,0,0,2500,2500,0,0,8000,100,6,0,19,1,T01_DRILL_10MM,100.5,0.0,0.0,5.0,X,3,0,50,0,0,0,0.0,Y,3,0,75,0,0,0,0.0,Z,3,0,100,0,0,1,0.0,C,3,0,0,0,0,1,0.0,A,3,0,0,0,0,1,0.0
52.7,O1234_JOB1,3,36.7,21.8,37.6,37551.0,N100 G00 Z100.0,100,0,5,58,S1,29.3,0,0,2500,2500,0,0,8000,100,4,0,19,1,T01_DRILL_10MM,100.5,0.0,0.0,5.0,X,3,0,50,0,0,2,0.0,Y,3,0,75,0,0,2,0.0,Z,3,0,100,0,0,2,0.0,C,3,0,0,0,0,2,0.0,A,3,0,0,0,0,2,0.0
52.8,O1234_JOB1,3,36.8,21.8,37.7,37658.0,N100 G00 Z100.0,100,0,5,58,S1,29.3,0,0,2500,2500,0,0,8000,100,6,0,19,1,T01_DRILL_10MM,100.5,0.0,0.0,5.0,X,3,0,50,0,0,1,0.0,Y,3,0,75,0,0,0,0.0,Z,3,0,100,0,0,1,0.0,C,3,0,0,0,0,1,0.0,A,3,0,0,0,0,1,0.0
52.9,O1234_JOB1,3,36.9,21.8,37.8,37759.0,N100 G00 Z100.0,100,0,5,58,S1,29.3,0,0,2500,2500,0,0,8000,100,7,0,19,1,T01_DRILL_10MM,100.5,0.0,0.0,5.0,X,3,0,50,0,0,1,0.0,Y,3,0,75,0,0,1,0.0,Z,3,0,100,0,0,0,0.0,C,3,0,0,0,0,0,0.0,A,3,0,0,0,0,2,0.0
53.0,O1234_JOB1,3,37.0,21.8,37.9,37857.0,N100 G00 Z100.0,100,0,5,58,S1,29.3,0,0,2500,2500,0,0,8000,100,5,0,19,1,T01_DRILL_10MM,100.5,0.0,0.0,5.0,X,3,0,50,0,0,1,0.0,Y,3,0,75,0,0,0,0.0,Z,3,0,100,0,0,0,0.0,C,3,0,0,0,0,1,0.0,A,3,0,0,0,0,0,0.0
53.1,O1234_JOB1,3,37.1,21.8,38.0,37961.0,N100 G00 Z100.0,100,0,5,58,S1,29.3,0,0,2500,2500,0,0,8000,100,7,0,19,1,T01_DRILL_10MM,100.5,0.0,0.0,5.0,X,3,0,50,0,0,1,0.0,Y,3,0,75,0,0,1,0.0,Z,3,0,100,0,0,0,0.0,C,3,0,0,0,0,0,0.0,A,3,0,0,0,0,1,0.0
53.2,O1234_JOB1,3,37.2,21.8,38.1,38068.0,N100 G00 Z100.0,100,0,5,58,S1,29.3,0,0,2500,2500,0,0,8000,100,5,0,19,1,T01_DRILL_10MM,100.5,0.0,0.0,5.0,X,3,0,50,0,0,2,0.0,Y,3,0,75,0,0,0,0.0,Z,3,0,100,0,0,0,0.0,C,3,0,0,0,0,1,0.0,A,3,0,0,0,0,1,0.0
53.3,O1234_JOB1,3,37.3,21.8,38.2,38167.0,N100 G00 Z100.0,100,0,5,58,S1,29.3,0,0,2500,2500,0,0,8000,100,5,0,19,1,T01_DRILL_10MM,100.5,0.0,0.0,5.0,X,3,0,50,0,0,1,0.0,Y,3,0,75,0,0,0,0.0,Z,3,0,100,0,0,0,0.0,C,3,0,0,0,0,1,0.0,A,3,0,0,0,0,1,0.0
53.4,O1234_JOB1,3,37.4,21.8,38.3,38261.0,N100 G00 Z100.0,100,0,5,58,S1,29.3,0,0,2500,2500,0,0,8000,100,6,0,19,1,T01_DRILL_10MM,100.5,0.0,0.0,5.0,X,3,0,50,0,0,2,0.0,Y,3,0,75,0,0,2,0.0,Z,3,0,100,0,0,0,0.0,C,3,0,0,0,0,1,0.0,A,3,0,0,0,0,0,0.0
53.5,O1234_JOB1,3,37.4,21.8,38.4,38356.0,N110 M5,110,0,5,58,S1,29.3,0,0,0,2100,0,0,8000,100,2,0,19,1,T01_DRILL_10MM,100.5,0.0,0.0,5.0,X,3,0,50,0,0,1,0.0,Y,3,0,75,0,0,0,0.0,Z,3,0,100,0,0,2,0.0,C,3,0,0,0,0,0,0.0,A,3,0,0,0,0,0,0.0
53.6,O1234_JOB1,3,37.4,21.8,38.5,38456.0,N110 M5,110,0,5,58,S1,29.3,0,0,0,1700,0,0,8000,100,1,0,19,1,T01_DRILL_10MM,100.5,0.0,0.0,5.0,X,3,0,50,0,0,0,0.0,Y,3,0,75,0,0,1,0.0,Z,3,0,100,0,0,2,0.0,C,3,0,0,0,0,2,0.0,A,3,0,0,0,0,0,0.0
53.7,O1234_JOB1,3,37.4,21.8,38.6,38564.0,N110 M5,110,0,5,58,S1,29.3,0,0,0,1300,0,0,8000,100,0,0,19,1,T01_DRILL_10MM,100.5,0.0,0.0,5.0,X,3,0,50,0,0,0,0.0,Y,3,0,75,0,0,2,0.0,Z,3,0,100,0,0,2,0.0,C,3,0,0,0,0,1,0.0,A,3,0,0,0,0,1,0.0
53.8,O1234_JOB1,3,37.4,21.8,38.7,38654.0,N110 M5,110,0,5,58,S1,29.3,0,0,0,900,0,0,8000,100,2,0,19,1,T01_DRILL_10MM,100.5,0.0,0.0,5.0,X,3,0,50,0,0,0,0.0,Y,3,0,75,0,0,2,0.0,Z,3,0,100,0,0,0,0.0,C,3,0,0,0,0,2,0.0,A,3,0,0,0,0,1,0.0
53.9,O1234_JOB1,3,37.4,21.8,38.8,38760.0,N110 M5,110,0,5,58,S1,29.2,0,0,0,500,0,0,8000,100,0,0,19,1,T01_DRILL_10MM,100.5,0.0,0.0,5.0,X,3,0,50,0,0,2,0.0,Y,3,0,75,0,0,2,0.0,Z,3,0,100,0,0,2,0.0,C,3,0,0,0,0,0,0.0,A,3,0,0,0,0,0,0.0
54.0,O1234_JOB1,3,37.4,21.8,38.9,38858.0,N110 M5,110,0,5,58,S1,29.2,0,0,0,100,0,0,8000,100,3,0,19,1,T01_DRILL_10MM,100.5,0.0,0.0,5.0,X,3,0,50,0,0,2,0.0,Y,3,0,75,0,0,2,0.0,Z,3,0,100,0,0,0,0.0,C,3,0,0,0,0,2,0.0,A,3,0,0,0,0,1,0.0
54.1,O1234_JOB1,3,37.4,21.8,39.0,38958.0,N110 M5,110,0,5,58,S1,29.2,0,0,0,0,2,0,8000,100,2,0,19,1,T01_DRILL_10MM,100.5,0.0,0.0,5.0,X,3,0,50,0,0,0,0.0,Y,3,0,75,0,0,1,0.0,Z,3,0,100,0,0,2,0.0,C,3,0,0,0,0,1,0.0,A,3,0,0,0,0,2,0.0
54.2,O1234_JOB1,3,37.4,21.8,39.1,39055.0,N110 M5,110,0,5,58,S1,29.2,0,0,0,0,2,0,8000,100,1,0,19,1,T01_DRILL_10MM,100.5,0.0,0.0,5.0,X,3,0,50,0,0,1,0.0,Y,3,0,75,0,0,1,0.0,Z,3,0,100,0,0,0,0.0,C,3,0,0,0,0,0,0.0,A,3,0,0,0,0,1,0.0
54.3,O1234_JOB1,3,37.4,21.8,39.2,39145.0,N110 M5,110,0,5,58,S1,29.2,0,0,0,0,2,0,8000,100,3,0,19,1,T01_DRILL_10MM,100.5,0.0,0.0,5.0,X,3,0,50,0,0,1,0.0,Y,3,0,75,0,0,2,0.0,Z,3,0,100,0,0,1,0.0,C,3,0,0,0,0,1,0.0,A,3,0,0,0,0,2,0.0
54.4,O1234_JOB1,3,37.4,21.8,39.3,39242.0,N110 M5,110,0,5,58,S1,29.2,0,0,0,0,2,0,8000,100,0,0,19,1,T01_DRILL_10MM,100.5,0.0,0.0,5.0,X,3,0,50,0,0,2,0.0,Y,3,0,75,0,0,2,0.0,Z,3,0,100,0,0,2,0.0,C,3,0,0,0,0,2,0.0,A,3,0,0,0,0,0,0.0
54.5,O1234_JOB1,3,37.4,21.8,39.4,39336.0,N110 M5,110,0,5,58,S1,29.2,0,0,0,0,2,0,8000,100,2,0,19,1,T01_DRILL_10MM,100.5,0.0,0.0,5.0,X,3,0,50,0,0,2,0.0,Y,3,0,75,0,0,2,0.0,Z,3,0,100,0,0,1,0.0,C,3,0,0,0,0,0,0.0,A,3,0,0,0,0,2,0.0
54.6,O1234_JOB1,3,37.4,21.8,39.5,39434.0,N110 M5,110,0,5,58,S1,29.2,0,0,0,0,2,0,8000,100,2,0,19,1,T01_DRILL_10MM,100.5,0.0,0.0,5.0,X,3,0,50,0,0,0,0.0,Y,3,0,75,0,0,0,0.0,Z,3,0,100,0,0,0,0.0,C,3,0,0,0,0,2,0.0,A,3,0,0,0,0,2,0.0
54.7,O1234_JOB1,3,37.4,21.8,39.6,39541.0,N110 M5,110,0,5,58,S1,29.2,0,0,0,0,2,0,8000,100,1,0,19,1,T01_DRILL_10MM,100.5,0.0,0.0,5.0,X,3,0,50,0,0,1,0.0,Y,3,0,75,0,0,0,0.0,Z,3,0,100,0,0,2,0.0,C,3,0,0,0,0,1,0.0,A,3,0,0,0,0,0,0.0
54.8,O1234_JOB1,3,37.4,21.8,39.7,39644.0,N110 M5,110,0,5,58,S1,29.2,0,0,0,0,2,0,8000,100,1,0,19,1,T01_DRILL_10MM,100.5,0.0,0.0,5.0,X,3,0,50,0,0,0,0.0,Y,3,0,75,0,0,2,0.0,Z,3,0,100,0,0,1,0.0,C,3,0,0,0,0,1,0.0,A,3,0,0,0,0,0,0.0
54.9,O1234_JOB1,3,37.4,21.8,39.8,39750.0,N110 M5,110,0,5,58,S1,29.2,0,0,0,0,2,0,8000,100,1,0,19,1,T01_DRILL_10MM,100.5,0.0,0.0,5.0,X,3,0,50,0,0,0,0.0,Y,3,0,75,0,0,2,0.0,Z,3,0,100,0,0,2,0.0,C,3,0,0,0,0,0,0.0,A,3,0,0,0,0,1,0.0
55.0,O1234_JOB1,3,37.4,21.8,39.9,39841.0,N110 M5,110,0,5,58,S1,29.2,0,0,0,0,2,0,8000,100,3,0,19,1,T01_DRILL_10MM,100.5,0.0,0.0,5.0,X,3,0,50,0,0,1,0.0,Y,3,0,75,0,0,1,0.0,Z,3,0,100,0,0,0,0.0,C,3,0,0,0,0,1,0.0,A,3,0,0,0,0,1,0.0
55.1,O1234_JOB1,3,37.4,21.8,40.0,39934.0,N110 M5,110,0,5,58,S1,29.2,0,0,0,0,2,0,8000,100,2,0,19,1,T01_DRILL_10MM,100.5,0.0,0.0,5.0,X,3,0,50,0,0,2,0.0,Y,3,0,75,0,0,2,0.0,Z,3,0,100,0,0,0,0.0,C,3,0,0,0,0,1,0.0,A,3,0,0,0,0,0,0.0
55.2,O1234_JOB1,3,37.4,21.8,40.1,40025.0,N110 M5,110,0,5,58,S1,29.1,0,0,0,0,2,0,8000,100,1,0,19,1,T01_DRILL_10MM,100.5,0.0,0.0,5.0,X,3,0,50,0,0,1,0.0,Y,3,0,75,0,0,2,0.0,Z,3,0,100,0,0,0,0.0,C,3,0,0,0,0,0,0.0,A,3,0,0,0,0,0,0.0
55.3,O1234_JOB1,3,37.4,21.8,40.2,40129.0,N110 M5,110,0,5,58,S1,29.1,0,0,0,0,2,0,8000,100,0,0,19,1,T01_DRILL_10MM,100.5,0.0,0.0,5.0,X,3,0,50,0,0,1,0.0,Y,3,0,75,0,0,1,0.0,Z,3,0,100,0,0,2,0.0,C,3,0,0,0,0,2,0.0,A,3,0,0,0,0,1,0.0
55.4,O1234_JOB1,3,37.4,21.8,40.3,40223.0,N110 M5,110,0,5,58,S1,29.1,0,0,0,0,2,0,8000,100,1,0,19,1,T01_DRILL_10MM,100.5,0.0,0.0,5.0,X,3,0,50,0,0,0,0.0,Y,3,0,75,0,0,1,0.0,Z,3,0,100,0,0,2,0.0,C,3,0,0,0,0,0,0.0,A,3,0,0,0,0,0,0.0
55.5,O1234_JOB1,3,37.4,21.8,40.4,40314.0,N120 M30,120,0,5,58,S1,29.1,0,0,0,0,2,0,8000,100,1,0,19,1,T01_DRILL_10MM,100.5,0.0,0.0,5.0,X,3,0,50,0,0,1,0.0,Y,3,0,75,0,0,0,0.0,Z,3,0,100,0,0,0,0.0,C,3,0,0,0,0,0,0.0,A,3,0,0,0,0,2,0.0
55.6,O1234_JOB1,3,37.4,21.8,40.5,40412.0,N120 M30,120,0,5,58,S1,29.1,0,0,0,0,2,0,8000,100,2,0,19,1,T01_DRILL_10MM,100.5,0.0,0.0,5.0,X,3,0,50,0,0,1,0.0,Y,3,0,75,0,0,0,0.0,Z,3,0,100,0,0,2,0.0,C,3,0,0,0,0,1,0.0,A,3,0,0,0,0,2,0.0
55.7,O1234_JOB1,3,37.4,21.8,40.6,40506.0,N120 M30,120,0,5,58,S1,29.1,0,0,0,0,2,0,8000,100,3,0,19,1,T01_DRILL_10MM,100.5,0.0,0.0,5.0,X,3,0,50,0,0,0,0.0,Y,3,0,75,0,0,2,0.0,Z,3,0,100,0,0,0,0.0,C,3,0,0,0,0,0,0.0,A,3,0,0,0,0,2,0.0
55.8,O1234_JOB1,3,37.4,21.8,40.7,40597.0,N120 M30,120,0,5,58,S1,29.1,0,0,0,0,2,0,8000,100,2,0,19,1,T01_DRILL_10MM,100.5,0.0,0.0,5.0,X,3,0,50,0,0,2,0.0,Y,3,0,75,0,0,0,0.0,Z,3,0,100,0,0,1,0.0,C,3,0,0,0,0,1,0.0,A,3,0,0,0,0,2,0.0
55.9,O1234_JOB1,3,37.4,21.8,40.8,40696.0,N120 M30,120,0,5,58,S1,29.1,0,0,0,0,2,0,8000,100,0,0,19,1,T01_DRILL_10MM,100.5,0.0,0.0,5.0,X,3,0,50,0,0,2,0.0,Y,3,0,75,0,0,0,0.0,Z,3,0,100,0,0,1,0.0,C,3,0,0,0,0,0,0.0,A,3,0,0,0,0,2,0.0
56.0,O1234_JOB1,3,37.4,21.8,40.9,40796.0,N120 M30,120,0,5,58,S1,29.1,0,0,0,0,2,0,8000,100,1,0,19,1,T01_DRILL_10MM,100.5,0.0,0.0,5.0,X,3,0,50,0,0,0,0.0,Y,3,0,75,0,0,1,0.0,Z,3,0,100,0,0,0,0.0,C,3,0,0,0,0,2,0.0,A,3,0,0,0,0,1,0.0
56.1,O1234_JOB1,3,37.4,21.8,41.0,40904.0,N120 M30,120,0,5,58,S1,29.1,0,0,0,0,2,0,8000,100,2,0,19,1,T01_DRILL_10MM,100.5,0.0,0.0,5.0,X,3,0,50,0,0,1,0.0,Y,3,0,75,0,0,2,0.0,Z,3,0,100,0,0,2,0.0,C,3,0,0,0,0,0,0.0,A,3,0,0,0,0,1,0.0
56.2,O1234_JOB1,3,37.4,21.8,41.1,41003.0,N120 M30,120,0,5,58,S1,29.1,0,0,0,0,2,0,8000,100,0,0,19,1,T01_DRILL_10MM,100.5,0.0,0.0,5.0,X,3,0,50,0,0,1,0.0,Y,3,0,75,0,0,2,0.0,Z,3,0,100,0,0,2,0.0,C,3,0,0,0,0,1,0.0,A,3,0,0,0,0,1,0.0
56.3,O1234_JOB1,3,37.4,21.8,41.2,41100.0,N120 M30,120,0,5,58,S1,29.1,0,0,0,0,2,0,8000,100,2,0,19,1,T01_DRILL_10MM,100.5,0.0,0.0,5.0,X,3,0,50,0,0,2,0.0,Y,3,0,75,0,0,2,0.0,Z,3,0,100,0,0,2,0.0,C,3,0,0,0,0,2,0.0,A,3,0,0,0,0,1,0.0
56.4,O1234_JOB1,3,37.4,21.8,41.3,41190.0,N120 M30,120,0,5,58,S1,29.1,0,0,0,0,2,0,8000,100,3,0,19,1,T01_DRILL_10MM,100.5,0.0,0.0,5.0,X,3,0,50,0,0,0,0.0,Y,3,0,75,0,0,2,0.0,Z,3,0,100,0,0,0,0.0,C,3,0,0,0,0,1,0.0,A,3,0,0,0,0,2,0.0
56.5,O1234_JOB1,3,37.4,21.8,41.4,41287.0,N120 M30,120,0,5,58,S1,29.1,0,0,0,0,2,0,8000,100,0,0,19,1,T01_DRILL_10MM,100.5,0.0,0.0,5.0,X,3,0,50,0,0,1,0.0,Y,3,0,75,0,0,1,0.0,Z,3,0,100,0,0,0,0.0,C,3,0,0,0,0,2,0.0,A,3,0,0,0,0,2,0.0
56.6,O1234_JOB1,3,37.4,21.8,41.5,41395.0,N120 M30,120,0,5,58,S1,29.1,0,0,0,0,2,0,8000,100,2,0,19,1,T01_DRILL_10MM,100.5,0.0,0.0,5.0,X,3,0,50,0,0,2,0.0,Y,3,0,75,0,0,2,0.0,Z,3,0,100,0,0,1,0.0,C,3,0,0,0,0,0,0.0,A,3,0,0,0,0,2,0.0
56.7,O1234_JOB1,3,37.4,21.8,41.6,41500.0,N120 M30,120,0,5,58,S1,29.0,0,0,0,0,2,0,8000,100,3,0,19,1,T01_DRILL_10MM,100.5,0.0,0.0,5.0,X,3,0,50,0,0,0,0.0,Y,3,0,75,0,0,2,0.0,Z,3,0,100,0,0,0,0.0,C,3,0,0,0,0,2,0.0,A,3,0,0,0,0,2,0.0
56.8,O1234_JOB1,3,37.4,21.8,41.7,41606.0,N120 M30,120,0,5,58,S1,29.0,0,0,0,0,2,0,8000,100,3,0,19,1,T01_DRILL_10MM,100.5,0.0,0.0,5.0,X,3,0,50,0,0,1,0.0,Y,3,0,75,0,0,1,0.0,Z,3,0,100,0,0,1,0.0,C,3,0,0,0,0,2,0.0,A,3,0,0,0,0,0,0.0
56.9,O1234_JOB1,3,37.4,21.8,41.8,41713.0,N120 M30,120,0,5,58,S1,29.0,0,0,0,0,2,0,8000,100,2,0,19,1,T01_DRILL_10MM,100.5,0.0,0.0,5.0,X,3,0,50,0,0,0,0.0,Y,3,0,75,0,0,1,0.0,Z,3,0,100,0,0,2,0.0,C,3,0,0,0,0,0,0.0,A,3,0,0,0,0,0,0.0
57.0,O1234_JOB1,3,37.4,21.8,41.9,41805.0,N120 M30,120,0,5,58,S1,29.0,0,0,0,0,2,0,8000,100,2,0,19,1,T01_DRILL_10MM,100.5,0.0,0.0,5.0,X,3,0,50,0,0,1,0.0,Y,3,0,75,0,0,1,0.0,Z,3,0,100,0,0,0,0.0,C,3,0,0,0,0,1,0.0,A,3,0,0,0,0,0,0.0
57.1,O1234_JOB1,3,37.4,21.8,42.0,41904.0,N120 M30,120,0,5,58,S1,29.0,0,0,0,0,2,0,8000,100,1,0,19,1,T01_DRILL_10MM,100.5,0.0,0.0,5.0,X,3,0,50,0,0,1,0.0,Y,3,0,75,0,0,1,0.0,Z,3,0,100,0,0,1,0.0,C,3,0,0,0,0,0,0.0,A,3,0,0,0,0,2,0.0
57.2,O1234_JOB1,3,37.4,21.8,42.1,41996.0,N120 M30,120,0,5,58,S1,29.0,0,0,0,0,2,0,8000,100,1,0,19,1,T01_DRILL_10MM,100.5,0.0,0.0,5.0,X,3,0,50,0,0,1,0.0,Y,3,0,75,0,0,0,0.0,Z,3,0,100,0,0,1,0.0,C,3,0,0,0,0,0,0.0,A,3,0,0,0,0,2,0.0
57.3,O1234_JOB1,3,37.4,21.8,42.2,42104.0,N120 M30,120,0,5,58,S1,29.0,0,0,0,0,2,0,8000,100,0,0,19,1,T01_DRILL_10MM,100.5,0.0,0.0,5.0,X,3,0,50,0,0,2,0.0,Y,3,0,75,0,0,0,0.0,Z,3,0,100,0,0,1,0.0,C,3,0,0,0,0,0,0.0,A,3,0,0,0,0,1,0.0
57.4,O1234_JOB1,3,37.4,21.8,42.3,42207.0,N120 M30,120,0,5,58,S1,29.0,0,0,0,0,2,0,8000,100,0,0,19,1,T01_DRILL_10MM,100.5,0.0,0.0,5.0,X,3,0,50,0,0,0,0.0,Y,3,0,75,0,0,2,0.0,Z,3,0,100,0,0,1,0.0,C,3,0,0,0,0,1,0.0,A,3,0,0,0,0,1,0.0
57.5,O1234_JOB1,3,37.4,21.8,42.4,42314.0,N120 M30,120,0,5,58,S1,29.0,0,0,0,0,2,0,8000,100,3,0,19,1,T01_DRILL_10MM,100.5,0.0,0.0,5.0,X,3,0,50,0,0,0,0.0,Y,3,0,75,0,0,1,0.0,Z,3,0,100,0,0,0,0.0,C,3,0,0,0,0,2,0.0,A,3,0,0,0,0,0,0.0
57.6,O1234_JOB1,2,37.4,21.8,42.4,42314.0,M30,120,1,5,59,S1,29.0,0,0,0,0,2,0,8000,100,2,0,19,1,T01_DRILL_10MM,100.5,0.0,0.0,5.0,X,3,0,50,0,0,1,0.0,Y,3,0,75,0,0,1,0.0,Z,3,0,100,0,0,0,0.0,C,3,0,0,0,0,2,0.0,A,3,0,0,0,0,2,0.0
57.7,O1234_JOB1,2,37.4,21.8,42.4,42314.0,M30,120,2,5,60,S1,29.0,0,0,0,0,2,0,8000,100,3,0,19,1,T01_DRILL_10MM,100.5,0.0,0.0,5.0,X,3,0,50,0,0,1,0.0,Y,3,0,75,0,0,2,0.0,Z,3,0,100,0,0,0,0.0,C,3,0,0,0,0,1,0.0,A,3,0,0,0,0,2,0.0
57.8,O1234_JOB1,2,37.4,21.8,42.4,42314.0,M30,120,3,5,61,S1,29.0,0,0,0,0,2,0,8000,100,3,0,19,1,T01_DRILL_10MM,100.5,0.0,0.0,5.0,X,3,0,50,0,0,2,0.0,Y,3,0,75,0,0,1,0.0,Z,3,0,100,0,0,1,0.0,C,3,0,0,0,0,0,0.0,A,3,0,0,0,0,0,0.0
57.9,O1234_JOB1,2,37.4,21.8,42.4,42314.0,M30,120,4,5,62,S1,29.0,0,0,0,0,2,0,8000,100,3,0,19,1,T01_DRILL_10MM,100.5,0.0,0.0,5.0,X,3,0,50,0,0,2,0.0,Y,3,0,75,0,0,1,0.0,Z,3,0,100,0,0,0,0.0,C,3,0,0,0,0,2,0.0,A,3,0,0,0,0,0,0.0
58.0,O1234_JOB1,2,37.4,21.8,42.4,42314.0,M30,120,0,5,63,S1,29.0,0,0,0,0,2,0,8000,100,1,0,19,1,T01_DRILL_10MM,100.5,0.0,0.0,5.0,X,3,0,50,0,0,2,0.0,Y,3,0,75,0,0,1,0.0,Z,3,0,100,0,0,0,0.0,C,3,0,0,0,0,0,0.0,A,3,0,0,0,0,1,0.0
58.1,O1234_JOB1,2,37.4,21.8,42.4,42314.0,M30,120,1,5,64,S1,28.9,0,0,0,0,2,0,8000,100,0,0,19,1,T01_DRILL_10MM,100.5,0.0,0.0,5.0,X,3,0,50,0,0,1,0.0,Y,3,0,75,0,0,1,0.0,Z,3,0,100,0,0,1,0.0,C,3,0,0,0,0,0,0.0,A,3,0,0,0,0,0,0.0
58.2,O1234_JOB1,2,37.4,21.8,42.4,42314.0,M30,120,2,5,65,S1,28.9,0,0,0,0,2,0,8000,100,3,0,19,1,T01_DRILL_10MM,100.5,0.0,0.0,5.0,X,3,0,50,0,0,2,0.0,Y,3,0,75,0,0,2,0.0,Z,3,0,100,0,0,2,0.0,C,3,0,0,0,0,1,0.0,A,3,0,0,0,0,0,0.0
58.3,O1234_JOB1,2,37.4,21.8,42.4,42314.0,M30,120,3,5,66,S1,28.9,0,0,0,0,2,0,8000,100,2,0,19,1,T01_DRILL_10MM,100.5,0.0,0.0,5.0,X,3,0,50,0,0,0,0.0,Y,3,0,75,0,0,2,0.0,Z,3,0,100,0,0,0,0.0,C,3,0,0,0,0,2,0.0,A,3,0,0,0,0,2,0.0
58.4,O1234_JOB1,2,37.4,21.8,42.4,42314.0,M30,120,4,5,67,S1,28.9,0,0,0,0,2,0,8000,100,3,0,19,1,T01_DRILL_10MM,100.5,0.0,0.0,5.0,X,3,0,50,0,0,2,0.0,Y,3,0,75,0,0,1,0.0,Z,3,0,100,0,0,2,0.0,C,3,0,0,0,0,1,0.0,A,3,0,0,0,0,1,0.0
58.5,O1234_JOB1,2,37.4,21.8,42.4,42314.0,,0,4,5,67,S1,28.9,0,0,0,0,2,0,8000,100,2,0,19,1,T01_DRILL_10MM,100.5,0.0,0.0,5.0,X,3,0,50,0,0,1,0.0,Y,3,0,75,0,0,2,0.0,Z,3,0,100,0,0,0,0.0,C,3,0,0,0,0,0,0.0,A,3,0,0,0,0,1,0.0
58.6,O1234_JOB1,2,37.4,21.8,42.4,42314.0,,0,4,5,67,S1,28.9,0,0,0,0,2,0,8000,100,0,0,19,1,T01_DRILL_10MM,100.5,0.0,0.0,5.0,X,3,0,50,0,0,0,0.0,Y,3,0,75,0,0,1,0.0,Z,3,0,100,0,0,0,0.0,C,3,0,0,0,0,2,0.0,A,3,0,0,0,0,1,0.0
58.7,O1234_JOB1,2,37.4,21.8,42.4,42314.0,,0,4,5,67,S1,28.9,0,0,0,0,2,0,8000,100,3,0,19,1,T01_DRILL_10MM,100.5,0.0,0.0,5.0,X,3,0,50,0,0,0,0.0,Y,3,0,75,0,0,1,0.0,Z,3,0,100,0,0,0,0.0,C,3,0,0,0,0,1,0.0,A,3,0,0,0,0,0,0.0
58.8,O1234_JOB1,2,37.4,21.8,42.4,42314.0,,0,4,5,67,S1,28.9,0,0,0,0,2,0,8000,100,0,0,19,1,T01_DRILL_10MM,100.5,0.0,0.0,5.0,X,3,0,50,0,0,0,0.0,Y,3,0,75,0,0,0,0.0,Z,3,0,100,0,0,2,0.0,C,3,0,0,0,0,2,0.0,A,3,0,0,0,0,1,0.0
58.9,O1234_JOB1,2,37.4,21.8,42.4,42314.0,,0,4,5,67,S1,28.9,0,0,0,0,2,0,8000,100,0,0,19,1,T01_DRILL_10MM,100.5,0.0,0.0,5.0,X,3,0,50,0,0,0,0.0,Y,3,0,75,0,0,1,0.0,Z,3,0,100,0,0,2,0.0,C,3,0,0,0,0,0,0.0,A,3,0,0,0,0,0,0.0
59.0,O1234_JOB1,2,37.4,21.8,42.4,42314.0,,0,4,5,67,S1,28.9,0,0,0,0,2,0,8000,100,2,0,19,1,T01_DRILL_10MM,100.5,0.0,0.0,5.0,X,3,0,50,0,0,2,0.0,Y,3,0,75,0,0,1,0.0,Z,3,0,100,0,0,2,0.0,C,3,0,0,0,0,1,0.0,A,3,0,0,0,0,0,0.0
59.1,O1234_JOB1,2,37.4,21.8,42.4,42314.0,,0,4,5,67,S1,28.9,0,0,0,0,2,0,8000,100,2,0,19,1,T01_DRILL_10MM,100.5,0.0,0.0,5.0,X,3,0,50,0,0,2,0.0,Y,3,0,75,0,0,2,0.0,Z,3,0,100,0,0,2,0.0,C,3,0,0,0,0,2,0.0,A,3,0,0,0,0,1,0.0
59.2,O1234_JOB1,2,37.4,21.8,42.4,42314.0,,0,4,5,67,S1,28.9,0,0,0,0,2,0,8000,100,2,0,19,1,T01_DRILL_10MM,100.5,0.0,0.0,5.0,X,3,0,50,0,0,2,0.0,Y,3,0,75,0,0,2,0.0,Z,3,0,100,0,0,1,0.0,C,3,0,0,0,0,2,0.0,A,3,0,0,0,0,1,0.0
59.3,O1234_JOB1,2,37.4,21.8,42.4,42314.0,,0,4,5,67,S1,28.9,0,0,0,0,2,0,8000,100,0,0,19,1,T01_DRILL_10MM,100.5,0.0,0.0,5.0,X,3,0,50,0,0,0,0.0,Y,3,0,75,0,0,1,0.0,Z,3,0,100,0,0,1,0.0,C,3,0,0,0,0,1,0.0,A,3,0,0,0,0,0,0.0
59.4,O1234_JOB1,2,37.4,21.8,42.4,42314.0,,0,4,5,67,S1,28.9,0,0,0,0,2,0,8000,100,1,0,19,1,T01_DRILL_10MM,100.5,0.0,0.0,5.0,X,3,0,50,0,0,2,0.0,Y,3,0,75,0,0,1,0.0,Z,3,0,100,0,0,1,0.0,C,3,0,0,0,0,2,0.0,A,3,0,0,0,0,0,0.0
59.5,O1234_JOB1,2,37.4,21.8,42.4,42314.0,,0,4,5,67,S1,28.8,0,0,0,0,2,0,8000,100,0,0,19,1,T01_DRILL_10MM,100.5,0.0,0.0,5.0,X,3,0,50,0,0,1,0.0,Y,3,0,75,0,0,1,0.0,Z,3,0,100,0,0,1,0.0,C,3,0,0,0,0,0,0.0,A,3,0,0,0,0,0,0.0
59.6,O1234_JOB1,2,37.4,21.8,42.4,42314.0,,0,4,5,67,S1,28.8,0,0,0,0,2,0,8000,100,2,0,19,1,T01_DRILL_10MM,100.5,0.0,0.0,5.0,X,3,0,50,0,0,1,0.0,Y,3,0,75,0,0,2,0.0,Z,3,0,100,0,0,1,0.0,C,3,0,0,0,0,2,0.0,A,3,0,0,0,0,0,0.0
59.7,O1234_JOB1,2,37.4,21.8,42.4,42314.0,,0,4,5,67,S1,28.8,0,0,0,0,2,0,8000,100,1,0,19,1,T01_DRILL_10MM,100.5,0.0,0.0,5.0,X,3,0,50,0,0,0,0.0,Y,3,0,75,0,0,0,0.0,Z,3,0,100,0,0,2,0.0,C,3,0,0,0,0,1,0.0,A,3,0,0,0,0,0,0.0
59.8,O1234_JOB1,2,37.4,21.8,42.4,42314.0,,0,4,5,67,S1,28.8,0,0,0,0,2,0,8000,100,0,0,19,1,T01_DRILL_10MM,100.5,0.0,0.0,5.0,X,3,0,50,0,0,0,0.0,Y,3,0,75,0,0,0,0.0,Z,3,0,100,0,0,0,0.0,C,3,0,0,0,0,2,0.0,A,3,0,0,0,0,2,0.0
59.9,O1234_JOB1,2,37.4,21.8,42.4,42314.0,,0,4,5,67,S1,28.8,0,0,0,0,2,0,8000,100,1,0,19,1,T01_DRILL_10MM,100.5,0.0,0.0,5.0,X,3,0,50,0,0,1,0.0,Y,3,0,75,0,0,0,0.0,Z,3,0,100,0,0,1,0.0,C,3,0,0,0,0,0,0.0,A,3,0,0,0,0,1,0.0
60.0,O1234_JOB1,2,37.4,21.8,42.4,42314.0,,0,4,5,67,S1,28.8,0,0,0,0,2,0,8000,100,2,0,19,1,T01_DRILL_10MM,100.5,0.0,0.0,5.0,X,3,0,50,0,0,1,0.0,Y,3,0,75,0,0,1,0.0,Z,3,0,100,0,0,2,0.0,C,3,0,0,0,0,0,0.0,A,3,0,0,0,0,1,0.0
60.1,O1234_JOB1,2,37.4,21.8,42.4,42314.0,,0,4,5,67,S1,28.8,0,0,0,0,2,0,8000,100,0,0,19,1,T01_DRILL_10MM,100.5,0.0,0.0,5.0,X,3,0,50,0,0,0,0.0,Y,3,0,75,0,0,0,0.0,Z,3,0,100,0,0,1,0.0,C,3,0,0,0,0,2,0.0,A,3,0,0,0,0,0,0.0
60.2,O1234_JOB1,2,37.4,21.8,42.4,42314.0,,0,4,5,67,S1,28.8,0,0,0,0,2,0,8000,100,0,0,19,1,T01_DRILL_10MM,100.5,0.0,0.0,5.0,X,3,0,50,0,0,1,0.0,Y,3,0,75,0,0,1,0.0,Z,3,0,100,0,0,0,0.0,C,3,0,0,0,0,0,0.0,A,3,0,0,0,0,0,0.0
60.3,O1234_JOB1,2,37.4,21.8,42.4,42314.0,,0,4,5,67,S1,28.8,0,0,0,0,2,0,8000,100,1,0,19,1,T01_DRILL_10MM,100.5,0.0,0.0,5.0,X,3,0,50,0,0,1,0.0,Y,3,0,75,0,0,0,0.0,Z,3,0,100,0,0,0,0.0,C,3,0,0,0,0,2,0.0,A,3,0,0,0,0,0,0.0
60.4,O1234_JOB1,2,37.4,21.8,42.4,42314.0,,0,4,5,67,S1,28.8,0,0,0,0,2,0,8000,100,1,0,19,1,T01_DRILL_10MM,100.5,0.0,0.0,5.0,X,3,0,50,0,0,0,0.0,Y,3,0,75,0,0,1,0.0,Z,3,0,100,0,0,1,0.0,C,3,0,0,0,0,2,0.0,A,3,0,0,0,0,1,0.0
60.5,O1234_JOB1,2,37.4,21.8,42.4,42314.0,,0,4,5,67,S1,28.8,0,0,0,0,2,0,8000,100,1,0,19,1,T01_DRILL_10MM,100.5,0.0,0.0,5.0,X,3,0,50,0,0,1,0.0,Y,3,0,75,0,0,2,0.0,Z,3,0,100,0,0,1,0.0,C,3,0,0,0,0,0,0.0,A,3,0,0,0,0,1,0.0
60.6,O1234_JOB1,2,37.4,21.8,42.4,42314.0,,0,4,5,67,S1,28.8,0,0,0,0,2,0,8000,100,2,0,19,1,T01_DRILL_10MM,100.5,0.0,0.0,5.0,X,3,0,50,0,0,0,0.0,Y,3,0,75,0,0,0,0.0,Z,3,0,100,0,0,2,0.0,C,3,0,0,0,0,0,0.0,A,3,0,0,0,0,0,0.0
60.7,O1234_JOB1,2,37.4,21.8,42.4,42314.0,,0,4,5,67,S1,28.8,0,0,0,0,2,0,8000,100,1,0,19,1,T01_DRILL_10MM,100.5,0.0,0.0,5.0,X,3,0,50,0,0,1,0.0,Y,3,0,75,0,0,2,0.0,Z,3,0,100,0,0,2,0.0,C,3,0,0,0,0,1,0.0,A,3,0,0,0,0,0,0.0
60.8,O1234_JOB1,2,37.4,21.8,42.4,42314.0,,0,4,5,67,S1,28.8,0,0,0,0,2,0,8000,100,3,0,19,1,T01_DRILL_10MM,100.5,0.0,0.0,5.0,X,3,0,50,0,0,1,0.0,Y,3,0,75,0,0,2,0.0,Z,3,0,100,0,0,1,0.0,C,3,0,0,0,0,0,0.0,A,3,0,0,0,0,2,0.0
60.9,O1234_JOB1,2,37.4,21.8,42.4,42314.0,,0,4,5,67,S1,28.8,0,0,0,0,2,0,8000,100,2,0,19,1,T01_DRILL_10MM,100.5,0.0,0.0,5.0,X,3,0,50,0,0,2,0.0,Y,3,0,75,0,0,1,0.0,Z,3,0,100,0,0,0,0.0,C,3,0,0,0,0,2,0.0,A,3,0,0,0,0,0,0.0
61.0,O1234_JOB1,2,37.4,21.8,42.4,42314.0,,0,4,5,67,S1,28.7,0,0,0,0,2,0,8000,100,0,0,19,1,T01_DRILL_10MM,100.5,0.0,0.0,5.0,X,3,0,50,0,0,2,0.0,Y,3,0,75,0,0,1,0.0,Z,3,0,100,0,0,0,0.0,C,3,0,0,0,0,2,0.0,A,3,0,0,0,0,1,0.0
61.1,O1234_JOB1,2,37.4,21.8,42.4,42314.0,,0,4,5,67,S1,28.7,0,0,0,0,2,0,8000,100,2,0,19,1,T01_DRILL_10MM,100.5,0.0,0.0,5.0,X,3,0,50,0,0,0,0.0,Y,3,0,75,0,0,1,0.0,Z,3,0,100,0,0,1,0.0,C,3,0,0,0,0,1,0.0,A,3,0,0,0,0,1,0.0
61.2,O1234_JOB1,2,37.4,21.8,42.4,42314.0,,0,4,5,67,S1,28.7,0,0,0,0,2,0,8000,100,0,0,19,1,T01_DRILL_10MM,100.5,0.0,0.0,5.0,X,3,0,50,0,0,0,0.0,Y,3,0,75,0,0,1,0.0,Z,3,0,100,0,0,0,0.0,C,3,0,0,0,0,1,0.0,A,3,0,0,0,0,1,0.0
61.3,O1234_JOB1,2,37.4,21.8,42.4,42314.0,,0,4,5,67,S1,28.7,0,0,0,0,2,0,8000,100,2,0,19,1,T01_DRILL_10MM,100.5,0.0,0.0,5.0,X,3,0,50,0,0,1,0.0,Y,3,0,75,0,0,2,0.0,Z,3,0,100,0,0,2,0.0,C,3,0,0,0,0,1,0.0,A,3,0,0,0,0,2,0.0
61.4,O1234_JOB1,2,37.4,21.8,42.4,42314.0,,0,4,5,67,S1,28.7,0,0,0,0,2,0,8000,100,2,0,19,1,T01_DRILL_10MM,100.5,0.0,0.0,5.0,X,3,0,50,0,0,1,0.0,Y,3,0,75,0,0,1,0.0,Z,3,0,100,0,0,1,0.0,C,3,0,0,0,0,2,0.0,A,3,0,0,0,0,2,0.0
61.5,O1234_JOB1,2,37.4,21.8,42.4,42314.0,,0,4,5,67,S1,28.7,0,0,0,0,2,0,8000,100,0,0,19,1,T01_DRILL_10MM,100.5,0.0,0.0,5.0,X,3,0,50,0,0,1,0.0,Y,3,0,75,0,0,1,0.0,Z,3,0,100,0,0,1,0.0,C,3,0,0,0,0,1,0.0,A,3,0,0,0,0,0,0.0
61.6,O1234_JOB1,2,37.4,21.8,42.4,42314.0,,0,4,5,67,S1,28.7,0,0,0,0,2,0,8000,100,2,0,19,1,T01_DRILL_10MM,100.5,0.0,0.0,5.0,X,3,0,50,0,0,2,0.0,Y,3,0,75,0,0,2,0.0,Z,3,0,100,0,0,0,0.0,C,3,0,0,0,0,1,0.0,A,3,0,0,0,0,1,0.0
61.7,O1234_JOB1,2,37.4,21.8,42.4,42314.0,,0,4,5,67,S1,28.7,0,0,0,0,2,0,8000,100,0,0,19,1,T01_DRILL_10MM,100.5,0.0,0.0,5.0,X,3,0,50,0,0,1,0.0,Y,3,0,75,0,0,2,0.0,Z,3,0,100,0,0,1,0.0,C,3,0,0,0,0,2,0.0,A,3,0,0,0,0,1,0.0
61.8,O1234_JOB1,2,37.4,21.8,42.4,42314.0,,0,4,5,67,S1,28.7,0,0,0,0,2,0,8000,100,3,0,19,1,T01_DRILL_10MM,100.5,0.0,0.0,5.0,X,3,0,50,0,0,2,0.0,Y,3,0,75,0,0,0,0.0,Z,3,0,100,0,0,1,0.0,C,3,0,0,0,0,2,0.0,A,3,0,0,0,0,0,0.0
61.9,O1234_JOB1,2,37.4,21.8,42.4,42314.0,,0,4,5,67,S1,28.7,0,0,0,0,2,0,8000,100,3,0,19,1,T01_DRILL_10MM,100.5,0.0,0.0,5.0,X,3,0,50,0,0,0,0.0,Y,3,0,75,0,0,1,0.0,Z,3,0,100,0,0,0,0.0,C,3,0,0,0,0,2,0.0,A,3,0,0,0,0,1,0.0
62.0,O1234_JOB1,2,37.4,21.8,42.4,42314.0,,0,4,5,67,S1,28.7,0,0,0,0,2,0,8000,100,3,0,19,1,T01_DRILL_10MM,100.5,0.0,0.0,5.0,X,3,0,50,0,0,1,0.0,Y,3,0,75,0,0,1,0.0,Z,3,0,100,0,0,1,0.0,C,3,0,0,0,0,1,0.0,A,3,0,0,0,0,2,0.0
62.1,O1234_JOB1,2,37.4,21.8,42.4,42314.0,,0,4,5,67,S1,28.7,0,0,0,0,2,0,8000,100,1,0,19,1,T01_DRILL_10MM,100.5,0.0,0.0,5.0,X,3,0,50,0,0,2,0.0,Y,3,0,75,0,0,0,0.0,Z,3,0,100,0,0,0,0.0,C,3,0,0,0,0,0,0.0,A,3,0,0,0,0,0,0.0
62.2,O1234_JOB1,2,37.4,21.8,42.4,42314.0,,0,4,5,67,S1,28.7,0,0,0,0,2,0,8000,100,0,0,19,1,T01_DRILL_10MM,100.5,0.0,0.0,5.0,X,3,0,50,0,0,1,0.0,Y,3,0,75,0,0,1,0.0,Z,3,0,100,0,0,2,0.0,C,3,0,0,0,0,1,0.0,A,3,0,0,0,0,2,0.0
62.3,O1234_JOB1,2,37.4,21.8,42.4,42314.0,,0,4,5,67,S1,28.7,0,0,0,0,2,0,8000,100,1,0,19,1,T01_DRILL_10MM,100.5,0.0,0.0,5.0,X,3,0,50,0,0,2,0.0,Y,3,0,75,0,0,0,0.0,Z,3,0,100,0,0,2,0.0,C,3,0,0,0,0,2,0.0,A,3,0,0,0,0,2,0.0
62.4,O1234_JOB1,2,37.4,21.8,42.4,42314.0,,0,4,5,67,S1,28.7,0,0,0,0,2,0,8000,100,2,0,19,1,T01_DRILL_10MM,100.5,0.0,0.0,5.0,X,3,0,50,0,0,2,0.0,Y,3,0,75,0,0,2,0.0,Z,3,0,100,0,0,0,0.0,C,3,0,0,0,0,0,0.0,A,3,0,0,0,0,1,0.0
62.5,O1234_JOB1,2,37.4,21.8,42.4,42314.0,,0,4,5,67,S1,28.6,0,0,0,0,2,0,8000,100,0,0,19,1,T01_DRILL_10MM,100.5,0.0,0.0,5.0,X,3,0,50,0,0,0,0.0,Y,3,0,75,0,0,1,0.0,Z,3,0,100,0,0,2,0.0,C,3,0,0,0,0,2,0.0,A,3,0,0,0,0,0,0.0
62.6,O1234_JOB1,2,37.4,21.8,42.4,42314.0,,0,4,5,67,S1,28.6,0,0,0,0,2,0,8000,100,1,0,19,1,T01_DRILL_10MM,100.5,0.0,0.0,5.0,X,3,0,50,0,0,1,0.0,Y,3,0,75,0,0,2,0.0,Z,3,0,100,0,0,0,0.0,C,3,0,0,0,0,2,0.0,A,3,0,0,0,0,0,0.0
62.7,O1234_JOB1,2,37.4,21.8,42.4,42314.0,,0,4,5,67,S1,28.6,0,0,0,0,2,0,8000,100,0,0,19,1,T01_DRILL_10MM,100.5,0.0,0.0,5.0,X,3,0,50,0,0,1,0.0,Y,3,0,75,0,0,1,0.0,Z,3,0,100,0,0,0,0.0,C,3,0,0,0,0,2,0.0,A,3,0,0,0,0,0,0.0
62.8,O1234_JOB1,2,37.4,21.8,42.4,42314.0,,0,4,5,67,S1,28.6,0,0,0,0,2,0,8000,100,1,0,19,1,T01_DRILL_10MM,100.5,0.0,0.0,5.0,X,3,0,50,0,0,0,0.0,Y,3,0,75,0,0,2,0.0,Z,3,0,100,0,0,2,0.0,C,3,0,0,0,0,0,0.0,A,3,0,0,0,0,1,0.0
62.9,O1234_JOB1,2,37.4,21.8,42.4,42314.0,,0,4,5,67,S1,28.6,0,0,0,0,2,0,8000,100,3,0,19,1,T01_DRILL_10MM,100.5,0.0,0.0,5.0,X,3,0,50,0,0,2,0.0,Y,3,0,75,0,0,0,0.0,Z,3,0,100,0,0,0,0.0,C,3,0,0,0,0,1,0.0,A,3,0,0,0,0,0,0.0
63.0,O1234_JOB1,2,37.4,21.8,42.4,42314.0,,0,4,5,67,S1,28.6,0,0,0,0,2,0,8000,100,1,0,19,1,T01_DRILL_10MM,100.5,0.0,0.0,5.0,X,3,0,50,0,0,1,0.0,Y,3,0,75,0,0,0,0.0,Z,3,0,100,0,0,2,0.0,C,3,0,0,0,0,1,0.0,A,3,0,0,0,0,2,0.0
63.1,O1234_JOB1,2,37.4,21.8,42.4,42314.0,,0,4,5,67,S1,28.6,0,0,0,0,2,0,8000,100,1,0,19,1,T01_DRILL_10MM,100.5,0.0,0.0,5.0,X,3,0,50,0,0,1,0.0,Y,3,0,75,0,0,1,0.0,Z,3,0,100,0,0,2,0.0,C,3,0,0,0,0,0,0.0,A,3,0,0,0,0,2,0.0
63.2,O1234_JOB1,2,37.4,21.8,42.4,42314.0,,0,4,5,67,S1,28.6,0,0,0,0,2,0,8000,100,0,0,19,1,T01_DRILL_10MM,100.5,0.0,0.0,5.0,X,3,0,50,0,0,2,0.0,Y,3,0,75,0,0,2,0.0,Z,3,0,100,0,0,1,0.0,C,3,0,0,0,0,2,0.0,A,3,0,0,0,0,0,0.0
63.3,O1234_JOB1,2,37.4,21.8,42.4,42314.0,,0,4,5,67,S1,28.6,0,0,0,0,2,0,8000,100,0,0,19,1,T01_DRILL_10MM,100.5,0.0,0.0,5.0,X,3,0,50,0,0,2,0.0,Y,3,0,75,0,0,0,0.0,Z,3,0,100,0,0,0,0.0,C,3,0,0,0,0,1,0.0,A,3,0,0,0,0,0,0.0
63.4,O1234_JOB1,2,37.4,21.8,42.4,42314.0,,0,4,5,67,S1,28.6,0,0,0,0,2,0,8000,100,1,0,19,1,T01_DRILL_10MM,100.5,0.0,0.0,5.0,X,3,0,50,0,0,0,0.0,Y,3,0,75,0,0,1,0.0,Z,3,0,100,0,0,0,0.0,C,3,0,0,0,0,2,0.0,A,3,0,0,0,0,2,0.0
63.5,O1234_JOB1,2,37.4,21.8,42.4,42314.0,,0,4,5,67,S1,28.6,0,0,0,0,2,0,8000,100,0,0,19,1,T01_DRILL_10MM,100.5,0.0,0.0,5.0,X,3,0,50,0,0,1,0.0,Y,3,0,75,0,0,0,0.0,Z,3,0,100,0,0,2,0.0,C,3,0,0,0,0,2,0.0,A,3,0,0,0,0,1,0.0
63.6,O5678_JOB2,4,0.0,21.8,42.4,42314.0,N10 G90 G54 G17,10,4,3,67,S1,28.6,0,0,0,0,2,0,8000,100,2,0,19,1,T01_DRILL_10MM,100.5,0.0,0.0,5.0,X,3,0,50,0,0,0,0.0,Y,3,0,75,0,0,0,0.0,Z,3,0,100,0,0,1,0.0,C,3,0,0,0,0,0,0.0,A,3,0,0,0,0,2,0.0
63.7,O5678_JOB2,4,0.0,21.8,42.4,42314.0,N10 G90 G54 G17,10,4,3,67,S1,28.6,0,0,0,0,2,0,8000,100,0,0,19,1,T01_DRILL_10MM,100.5,0.0,0.0,5.0,X,3,0,50,0,0,2,0.0,Y,3,0,75,0,0,2,0.0,Z,3,0,100,0,0,0,0.0,C,3,0,0,0,0,0,0.0,A,3,0,0,0,0,0,0.0
63.8,O5678_JOB2,4,0.0,21.8,42.4,42314.0,N10 G90 G54 G17,10,4,3,67,S1,28.6,0,0,0,0,2,0,8000,100,3,0,19,1,T01_DRILL_10MM,100.5,0.0,0.0,5.0,X,3,0,50,0,0,0,0.0,Y,3,0,75,0,0,1,0.0,Z,3,0,100,0,0,0,0.0,C,3,0,0,0,0,0,0.0,A,3,0,0,0,0,2,0.0
63.9,O5678_JOB2,4,0.0,21.8,42.4,42314.0,N10 G90 G54 G17,10,4,3,67,S1,28.6,0,0,0,0,2,0,8000,100,2,0,19,1,T01_DRILL_10MM,100.5,0.0,0.0,5.0,X,3,0,50,0,0,0,0.0,Y,3,0,75,0,0,1,0.0,Z,3,0,100,0,0,1,0.0,C,3,0,0,0,0,0,0.0,A,3,0,0,0,0,1,0.0
64.0,O5678_JOB2,4,0.0,21.8,42.4,42314.0,N10 G90 G54 G17,10,4,3,67,S1,28.5,0,0,0,0,2,0,8000,100,1,0,19,1,T01_DRILL_10MM,100.5,0.0,0.0,5.0,X,3,0,50,0,0,0,0.0,Y,3,0,75,0,0,1,0.0,Z,3,0,100,0,0,0,0.0,C,3,0,0,0,0,1,0.0,A,3,0,0,0,0,1,0.0
64.1,O5678_JOB2,4,0.0,21.8,42.4,42314.0,N10 G90 G54 G17,10,4,3,67,S1,28.5,0,0,0,0,2,0,8000,100,3,0,19,1,T01_DRILL_10MM,100.5,0.0,0.0,5.0,X,3,0,50,0,0,2,0.0,Y,3,0,75,0,0,1,0.0,Z,3,0,100,0,0,2,0.0,C,3,0,0,0,0,2,0.0,A,3,0,0,0,0,2,0.0
64.2,O5678_JOB2,4,0.0,21.8,42.4,42314.0,N10 G90 G54 G17,10,4,3,67,S1,28.5,0,0,0,0,2,0,8000,100,0,0,19,1,T01_DRILL_10MM,100.5,0.0,0.0,5.0,X,3,0,50,0,0,1,0.0,Y,3,0,75,0,0,2,0.0,Z,3,0,100,0,0,2,0.0,C,3,0,0,0,0,2,0.0,A,3,0,0,0,0,1,0.0
64.3,O5678_JOB2,4,0.0,21.8,42.4,42314.0,N10 G90 G54 G17,10,4,3,67,S1,28.5,0,0,0,0,2,0,8000,100,3,0,19,1,T01_DRILL_10MM,100.5,0.0,0.0,5.0,X,3,0,50,0,0,2,0.0,Y,3,0,75,0,0,0,0.0,Z,3,0,100,0,0,0,0.0,C,3,0,0,0,0,1,0.0,A,3,0,0,0,0,0,0.0
64.4,O5678_JOB2,4,0.0,21.8,42.4,42314.0,N10 G90 G54 G17,10,4,3,67,S1,28.5,0,0,0,0,2,0,8000,100,0,0,19,1,T01_DRILL_10MM,100.5,0.0,0.0,5.0,X,3,0,50,0,0,0,0.0,Y,3,0,75,0,0,2,0.0,Z,3,0,100,0,0,2,0.0,C,3,0,0,0,0,0,0.0,A,3,0,0,0,0,0,0.0
64.5,O5678_JOB2,4,0.0,21.8,42.4,42314.0,N10 G90 G54 G17,10,4,3,67,S1,28.5,0,0,0,0,2,0,8000,100,0,0,19,1,T01_DRILL_10MM,100.5,0.0,0.0,5.0,X,3,0,50,0,0,0,0.0,Y,3,0,75,0,0,1,0.0,Z,3,0,100,0,0,1,0.0,C,3,0,0,0,0,1,0.0,A,3,0,0,0,0,1,0.0
64.6,O5678_JOB2,4,0.0,21.8,42.4,42314.0,N10 G90 G54 G17,10,4,3,67,S1,28.5,0,0,0,0,2,0,8000,100,2,0,19,1,T01_DRILL_10MM,100.5,0.0,0.0,5.0,X,3,0,50,0,0,0,0.0,Y,3,0,75,0,0,2,0.0,Z,3,0,100,0,0,0,0.0,C,3,0,0,0,0,1,0.0,A,3,0,0,0,0,2,0.0
64.7,O5678_JOB2,3,0.0,21.8,42.5,42419.0,N10 G90 G54 G17,10,4,3,67,S1,28.5,0,0,0,0,2,0,8000,100,1,0,19,1,T01_DRILL_10MM,100.5,0.0,0.0,5.0,X,3,0,50,0,0,1,0.0,Y,3,0,75,0,0,2,0.0,Z,3,0,100,0,0,2,0.0,C,3,0,0,0,0,2,0.0,A,3,0,0,0,0,1,0.0
64.8,O5678_JOB2,3,0.0,21.8,42.6,42522.0,N10 G90 G54 G17,10,4,3,67,S1,28.5,0,0,0,0,2,0,8000,100,3,0,19,1,T01_DRILL_10MM,100.5,0.0,0.0,5.0,X,3,0,50,0,0,1,0.0,Y,3,0,75,0,0,1,0.0,Z,3,0,100,0,0,0,0.0,C,3,0,0,0,0,0,0.0,A,3,0,0,0,0,2,0.0
64.9,O5678_JOB2,3,0.0,21.8,42.7,42628.0,N10 G90 G54 G17,10,4,3,67,S1,28.5,0,0,0,0,2,0,8000,100,0,0,19,1,T01_DRILL_10MM,100.5,0.0,0.0,5.0,X,3,0,50,0,0,2,0.0,Y,3,0,75,0,0,1,0.0,Z,3,0,100,0,0,1,0.0,C,3,0,0,0,0,2,0.0,A,3,0,0,0,0,0,0.0
65.0,O5678_JOB2,3,0.0,21.8,42.8,42722.0,N10 G90 G54 G17,10,4,3,67,S1,28.5,0,0,0,0,2,0,8000,100,0,0,19,1,T01_DRILL_10MM,100.5,0.0,0.0,5.0,X,3,0,50,0,0,1,0.0,Y,3,0,75,0,0,0,0.0,Z,3,0,100,0,0,0,0.0,C,3,0,0,0,0,1,0.0,A,3,0,0,0,0,2,0.0
65.1,O5678_JOB2,3,0.0,21.8,42.9,42823.0,N10 G90 G54 G17,10,4,3,67,S1,28.5,0,0,0,0,2,0,8000,100,2,0,19,1,T01_DRILL_10MM,100.5,0.0,0.0,5.0,X,3,0,50,0,0,1,0.0,Y,3,0,75,0,0,1,0.0,Z,3,0,100,0,0,0,0.0,C,3,0,0,0,0,1,0.0,A,3,0,0,0,0,0,0.0
65.2,O5678_JOB2,3,0.0,21.8,43.0,42925.0,N10 G90 G54 G17,10,4,3,67,S1,28.5,0,0,0,0,2,0,8000,100,3,0,19,1,T01_DRILL_10MM,100.5,0.0,0.0,5.0,X,3,0,50,0,0,0,0.0,Y,3,0,75,0,0,0,0.0,Z,3,0,100,0,0,0,0.0,C,3,0,0,0,0,1,0.0,A,3,0,0,0,0,1,0.0
65.3,O5678_JOB2,3,0.0,21.8,43.1,43020.0,N10 G90 G54 G17,10,4,3,67,S1,28.5,0,0,0,0,2,0,8000,100,3,0,19,1,T01_DRILL_10MM,100.5,0.0,0.0,5.0,X,3,0,50,0,0,0,0.0,Y,3,0,75,0,0,2,0.0,Z,3,0,100,0,0,1,0.0,C,3,0,0,0,0,2,0.0,A,3,0,0,0,0,1,0.0
65.4,O5678_JOB2,3,0.0,21.8,43.2,43125.0,N10 G90 G54 G17,10,4,3,67,S1,28.5,0,0,0,0,2,0,8000,100,2,0,19,1,T01_DRILL_10MM,100.5,0.0,0.0,5.0,X,3,0,50,0,0,0,0.0,Y,3,0,75,0,0,0,0.0,Z,3,0,100,0,0,0,0.0,C,3,0,0,0,0,1,0.0,A,3,0,0,0,0,1,0.0
65.5,O5678_JOB2,3,0.0,21.8,43.3,43225.0,N10 G90 G54 G17,10,4,3,67,S1,28.4,0,0,0,0,2,0,8000,100,3,0,19,1,T01_DRILL_10MM,100.5,0.0,0.0,5.0,X,3,0,50,0,0,0,0.0,Y,3,0,75,0,0,0,0.0,Z,3,0,100,0,0,2,0.0,C,3,0,0,0,0,0,0.0,A,3,0,0,0,0,1,0.0
65.6,O5678_JOB2,4,0.0,21.8,43.3,43225.0,N20 T2 M6,20,4,3,67,S1,28.4,2,0,0,0,2,0,8000,100,2,0,19,1,T01_DRILL_10MM,100.5,0.0,0.0,5.0,X,3,0,50,0,0,0,0.0,Y,3,0,75,0,0,0,0.0,Z,3,0,100,0,0,0,0.0,C,3,0,0,0,0,1,0.0,A,3,0,0,0,0,1,0.0
65.7,O5678_JOB2,4,0.0,21.8,43.3,43225.0,N20 T2 M6,20,4,3,67,S1,28.4,2,0,0,0,2,0,8000,100,1,0,19,1,T01_DRILL_10MM,100.5,0.0,0.0,5.0,X,3,0,50,0,0,0,0.0,Y,3,0,75,0,0,0,0.0,Z,3,0,100,0,0,2,0.0,C,3,0,0,0,0,1,0.0,A,3,0,0,0,0,2,0.0
65.8,O5678_JOB2,4,0.0,21.8,43.3,43225.0,N20 T2 M6,20,4,3,67,S1,28.4,2,0,0,0,2,0,8000,100,3,0,19,1,T01_DRILL_10MM,100.5,0.0,0.0,5.0,X,3,0,50,0,0,0,0.0,Y,3,0,75,0,0,1,0.0,Z,3,0,100,0,0,0,0.0,C,3,0,0,0,0,2,0.0,A,3,0,0,0,0,2,0.0
65.9,O5678_JOB2,4,0.0,21.8,43.3,43225.0,N20 T2 M6,20,4,3,67,S1,28.4,2,0,0,0,2,0,8000,100,1,0,19,1,T01_DRILL_10MM,100.5,0.0,0.0,5.0,X,3,0,50,0,0,2,0.0,Y,3,0,75,0,0,0,0.0,Z,3,0,100,0,0,2,0.0,C,3,0,0,0,0,0,0.0,A,3,0,0,0,0,0,0.0
66.0,O5678_JOB2,4,0.0,21.8,43.3,43225.0,N20 T2 M6,20,4,3,67,S1,28.4,2,0,0,0,2,0,8000,100,0,0,19,1,T01_DRILL_10MM,100.5,0.0,0.0,5.0,X,3,0,50,0,0,2,0.0,Y,3,0,75,0,0,0,0.0,Z,3,0,100,0,0,2,0.0,C,3,0,0,0,0,0,0.0,A,3,0,0,0,0,0,0.0
66.1,O5678_JOB2,4,0.0,21.8,43.3,43225.0,N20 T2 M6,20,4,3,67,S1,28.4,2,0,0,0,2,0,8000,100,3,0,19,1,T01_DRILL_10MM,100.5,0.0,0.0,5.0,X,3,0,50,0,0,1,0.0,Y,3,0,75,0,0,1,0.0,Z,3,0,100,0,0,0,0.0,C,3,0,0,0,0,2,0.0,A,3,0,0,0,0,2,0.0
66.2,O5678_JOB2,4,0.0,21.8,43.3,43225.0,N20 T2 M6,20,4,3,67,S1,28.4,2,0,0,0,2,0,8000,100,0,0,19,1,T01_DRILL_10MM,100.5,0.0,0.0,5.0,X,3,0,50,0,0,1,0.0,Y,3,0,75,0,0,2,0.0,Z,3,0,100,0,0,2,0.0,C,3,0,0,0,0,2,0.0,A,3,0,0,0,0,1,0.0
66.3,O5678_JOB2,4,0.0,21.8,43.3,43225.0,N20 T2 M6,20,4,3,67,S1,28.4,2,0,0,0,2,0,8000,100,3,0,19,1,T01_DRILL_10MM,100.5,0.0,0.0,5.0,X,3,0,50,0,0,2,0.0,Y,3,0,75,0,0,2,0.0,Z,3,0,100,0,0,1,0.0,C,3,0,0,0,0,2,0.0,A,3,0,0,0,0,1,0.0
66.4,O5678_JOB2,4,0.0,21.8,43.3,43225.0,N20 T2 M6,20,4,3,67,S1,28.4,2,0,0,0,2,0,8000,100,2,0,19,1,T01_DRILL_10MM,100.5,0.0,0.0,5.0,X,3,0,50,0,0,2,0.0,Y,3,0,75,0,0,0,0.0,Z,3,0,100,0,0,2,0.0,C,3,0,0,0,0,2,0.0,A,3,0,0,0,0,2,0.0
66.5,O5678_JOB2,4,0.0,21.8,43.3,43225.0,N20 T2 M6,20,4,3,67,S1,28.4,2,0,0,0,2,0,8000,100,0,0,19,1,T01_DRILL_10MM,100.5,0.0,0.0,5.0,X,3,0,50,0,0,1,0.0,Y,3,0,75,0,0,1,0.0,Z,3,0,100,0,0,0,0.0,C,3,0,0,0,0,1,0.0,A,3,0,0,0,0,2,0.0
66.6,O5678_JOB2,4,0.0,21.8,43.3,43225.0,N20 T2 M6,20,4,3,67,S1,28.4,2,0,0,0,2,0,8000,100,2,0,19,1,T01_DRILL_10MM,100.5,0.0,0.0,5.0,X,3,0,50,0,0,2,0.0,Y,3,0,75,0,0,1,0.0,Z,3,0,100,0,0,0,0.0,C,3,0,0,0,0,0,0.0,A,3,0,0,0,0,0,0.0
66.7,O5678_JOB2,4,0.0,21.8,43.3,43225.0,N20 T2 M6,20,4,3,67,S1,28.4,2,0,0,0,2,0,8000,100,2,0,19,1,T01_DRILL_10MM,100.5,0.0,0.0,5.0,X,3,0,50,0,0,1,0.0,Y,3,0,75,0,0,2,0.0,Z,3,0,100,0,0,2,0.0,C,3,0,0,0,0,1,0.0,A,3,0,0,0,0,1,0.0
66.8,O5678_JOB2,4,0.0,21.8,43.3,43225.0,N20 T2 M6,20,4,3,67,S1,28.4,2,0,0,0,2,0,8000,100,3,0,19,1,T01_DRILL_10MM,100.5,0.0,0.0,5.0,X,3,0,50,0,0,0,0.0,Y,3,0,75,0,0,1,0.0,Z,3,0,100,0,0,1,0.0,C,3,0,0,0,0,2,0.0,A,3,0,0,0,0,0,0.0
66.9,O5678_JOB2,4,0.0,21.8,43.3,43225.0,N20 T2 M6,20,4,3,67,S1,28.4,2,0,0,0,2,0,8000,100,1,0,19,1,T01_DRILL_10MM,100.5,0.0,0.0,5.0,X,3,0,50,0,0,1,0.0,Y,3,0,75,0,0,0,0.0,Z,3,0,100,0,0,2,0.0,C,3,0,0,0,0,0,0.0,A,3,0,0,0,0,1,0.0
67.0,O5678_JOB2,4,0.0,21.8,43.3,43225.0,N20 T2 M6,20,4,3,67,S1,28.4,2,0,0,0,2,0,8000,100,3,0,19,1,T01_DRILL_10MM,100.5,0.0,0.0,5.0,X,3,0,50,0,0,0,0.0,Y,3,0,75,0,0,2,0.0,Z,3,0,100,0,0,2,0.0,C,3,0,0,0,0,2,0.0,A,3,0,0,0,0,0,0.0
67.1,O5678_JOB2,4,0.0,21.8,43.3,43225.0,N20 T2 M6,20,4,3,67,S1,28.3,2,0,0,0,2,0,8000,100,3,0,19,1,T01_DRILL_10MM,100.5,0.0,0.0,5.0,X,3,0,50,0,0,2,0.0,Y,3,0,75,0,0,0,0.0,Z,3,0,100,0,0,1,0.0,C,3,0,0,0,0,2,0.0,A,3,0,0,0,0,1,0.0
67.2,O5678_JOB2,4,0.0,21.8,43.3,43225.0,N20 T2 M6,20,4,3,67,S1,28.3,2,0,0,0,2,0,8000,100,0,0,19,1,T01_DRILL_10MM,100.5,0.0,0.0,5.0,X,3,0,50,0,0,1,0.0,Y,3,0,75,0,0,2,0.0,Z,3,0,100,0,0,1,0.0,C,3,0,0,0,0,2,0.0,A,3,0,0,0,0,2,0.0
67.3,O5678_JOB2,4,0.0,21.8,43.3,43225.0,N20 T2 M6,20,4,3,67,S1,28.3,2,0,0,0,2,0,8000,100,1,0,19,1,T01_DRILL_10MM,100.5,0.0,0.0,5.0,X,3,0,50,0,0,1,0.0,Y,3,0,75,0,0,1,0.0,Z,3,0,100,0,0,2,0.0,C,3,0,0,0,0,0,0.0,A,3,0,0,0,0,2,0.0
67.4,O5678_JOB2,4,0.0,21.8,43.3,43225.0,N20 T2 M6,20,4,3,67,S1,28.3,2,0,0,0,2,0,8000,100,0,0,19,1,T01_DRILL_10MM,100.5,0.0,0.0,5.0,X,3,0,50,0,0,2,0.0,Y,3,0,75,0,0,0,0.0,Z,3,0,100,0,0,1,0.0,C,3,0,0,0,0,0,0.0,A,3,0,0,0,0,0,0.0
67.5,O5678_JOB2,4,0.0,21.8,43.3,43225.0,N20 T2 M6,20,4,3,67,S1,28.3,2,0,0,0,2,0,8000,100,0,0,19,1,T01_DRILL_10MM,100.5,0.0,0.0,5.0,X,3,0,50,0,0,0,0.0,Y,3,0,75,0,0,1,0.0,Z,3,0,100,0,0,1,0.0,C,3,0,0,0,0,0,0.0,A,3,0,0,0,0,0,0.0
67.6,O5678_JOB2,4,0.0,21.8,43.3,43225.0,N20 T2 M6,20,4,3,67,S1,28.3,2,0,0,0,2,0,8000,100,1,0,19,1,T01_DRILL_10MM,100.5,0.0,0.0,5.0,X,3,0,50,0,0,1,0.0,Y,3,0,75,0,0,1,0.0,Z,3,0,100,0,0,1,0.0,C,3,0,0,0,0,2,0.0,A,3,0,0,0,0,0,0.0
67.7,O5678_JOB2,4,0.0,21.8,43.3,43225.0,N20 T2 M6,20,4,3,67,S1,28.3,2,0,0,0,2,0,8000,100,3,0,19,1,T01_DRILL_10MM,100.5,0.0,0.0,5.0,X,3,0,50,0,0,1,0.0,Y,3,0,75,0,0,2,0.0,Z,3,0,100,0,0,2,0.0,C,3,0,0,0,0,0,0.0,A,3,0,0,0,0,1,0.0
67.8,O5678_JOB2,4,0.0,21.8,43.3,43225.0,N20 T2 M6,20,4,3,67,S1,28.3,2,0,0,0,2,0,8000,100,2,0,19,1,T01_DRILL_10MM,100.5,0.0,0.0,5.0,X,3,0,50,0,0,0,0.0,Y,3,0,75,0,0,0,0.0,Z,3,0,100,0,0,0,0.0,C,3,0,0,0,0,0,0.0,A,3,0,0,0,0,2,0.0
67.9,O5678_JOB2,4,0.0,21.8,43.3,43225.0,N20 T2 M6,20,4,3,67,S1,28.3,2,0,0,0,2,0,8000,100,0,0,19,1,T01_DRILL_10MM,100.5,0.0,0.0,5.0,X,3,0,50,0,0,2,0.0,Y,3,0,75,0,0,1,0.0,Z,3,0,100,0,0,2,0.0,C,3,0,0,0,0,0,0.0,A,3,0,0,0,0,1,0.0
68.0,O5678_JOB2,4,0.0,21.8,43.3,43225.0,N20 T2 M6,20,4,3,67,S1,28.3,2,0,0,0,2,0,8000,100,1,0,19,1,T01_DRILL_10MM,100.5,0.0,0.0,5.0,X,3,0,50,0,0,0,0.0,Y,3,0,75,0,0,0,0.0,Z,3,0,100,0,0,1,0.0,C,3,0,0,0,0,2,0.0,A,3,0,0,0,0,1,0.0
68.1,O5678_JOB2,4,0.0,21.8,43.3,43225.0,N20 T2 M6,20,4,3,67,S1,28.3,2,0,0,0,2,0,8000,100,1,0,19,2,T02_ENDMILL_6MM,120.25,0.0,0.0,3.0,X,3,0,50,0,0,0,0.0,Y,3,0,75,0,0,1,0.0,Z,3,0,100,0,0,2,0.0,C,3,0,0,0,0,1,0.0,A,3,0,0,0,0,1,0.0
68.2,O5678_JOB2,4,0.0,21.8,43.3,43225.0,N20 T2 M6,20,4,3,67,S1,28.3,2,0,0,0,2,0,8000,100,0,0,19,2,T02_ENDMILL_6MM,120.25,0.0,0.0,3.0,X,3,0,50,0,0,0,0.0,Y,3,0,75,0,0,2,0.0,Z,3,0,100,0,0,1,0.0,C,3,0,0,0,0,2,0.0,A,3,0,0,0,0,1,0.0
68.3,O5678_JOB2,4,0.0,21.8,43.3,43225.0,N20 T2 M6,20,4,3,67,S1,28.3,2,0,0,0,2,0,8000,100,2,0,19,2,T02_ENDMILL_6MM,120.25,0.0,0.0,3.0,X,3,0,50,0,0,1,0.0,Y,3,0,75,0,0,2,0.0,Z,3,0,100,0,0,0,0.0,C,3,0,0,0,0,0,0.0,A,3,0,0,0,0,1,0.0
68.4,O5678_JOB2,4,0.0,21.8,43.3,43225.0,N20 T2 M6,20,4,3,67,S1,28.3,2,0,0,0,2,0,8000,100,2,0,19,2,T02_ENDMILL_6MM,120.25,0.0,0.0,3.0,X,3,0,50,0,0,1,0.0,Y,3,0,75,0,0,0,0.0,Z,3,0,100,0,0,2,0.0,C,3,0,0,0,0,0,0.0,A,3,0,0,0,0,1,0.0
68.5,O5678_JOB2,4,0.0,21.8,43.3,43225.0,N20 T2 M6,20,4,3,67,S1,28.3,2,0,0,0,2,0,8000,100,0,0,19,2,T02_ENDMILL_6MM,120.25,0.0,0.0,3.0,X,3,0,50,0,0,2,0.0,Y,3,0,75,0,0,2,0.0,Z,3,0,100,0,0,1,0.0,C,3,0,0,0,0,0,0.0,A,3,0,0,0,0,2,0.0
68.6,O5678_JOB2,4,0.0,21.8,43.3,43225.0,N20 T2 M6,20,4,3,67,S1,28.3,2,0,0,0,2,0,8000,100,3,0,19,2,T02_ENDMILL_6MM,120.25,0.0,0.0,3.0,X,3,0,50,0,0,2,0.0,Y,3,0,75,0,0,1,0.0,Z,3,0,100,0,0,2,0.0,C,3,0,0,0,0,1,0.0,A,3,0,0,0,0,0,0.0
68.7,O5678_JOB2,4,0.0,21.8,43.3,43225.0,N20 T2 M6,20,4,3,67,S1,28.2,2,0,0,0,2,0,8000,100,0,0,19,2,T02_ENDMILL_6MM,120.25,0.0,0.0,3.0,X,3,0,50,0,0,0,0.0,Y,3,0,75,0,0,2,0.0,Z,3,0,100,0,0,2,0.0,C,3,0,0,0,0,1,0.0,A,3,0,0,0,0,0,0.0
68.8,O5678_JOB2,4,0.0,21.8,43.3,43225.0,N20 T2 M6,20,4,3,67,S1,28.2,2,0,0,0,2,0,8000,100,0,0,19,2,T02_ENDMILL_6MM,120.25,0.0,0.0,3.0,X,3,0,50,0,0,2,0.0,Y,3,0,75,0,0,0,0.0,Z,3,0,100,0,0,0,0.0,C,3,0,0,0,0,1,0.0,A,3,0,0,0,0,0,0.0
68.9,O5678_JOB2,4,0.0,21.8,43.3,43225.0,N20 T2 M6,20,4,3,67,S1,28.2,2,0,0,0,2,0,8000,100,2,0,19,2,T02_ENDMILL_6MM,120.25,0.0,0.0,3.0,X,3,0,50,0,0,0,0.0,Y,3,0,75,0,0,2,0.0,Z,3,0,100,0,0,1,0.0,C,3,0,0,0,0,0,0.0,A,3,0,0,0,0,0,0.0
69.0,O5678_JOB2,4,0.0,21.8,43.3,43225.0,N20 T2 M6,20,4,3,67,S1,28.2,2,0,0,0,2,0,8000,100,2,0,19,2,T02_ENDMILL_6MM,120.25,0.0,0.0,3.0,X,3,0,50,0,0,0,0.0,Y,3,0,75,0,0,0,0.0,Z,3,0,100,0,0,0,0.0,C,3,0,0,0,0,1,0.0,A,3,0,0,0,0,2,0.0
69.1,O5678_JOB2,4,0.0,21.8,43.3,43225.0,N20 T2 M6,20,4,3,67,S1,28.2,2,0,0,0,2,0,8000,100,1,0,19,2,T02_ENDMILL_6MM,120.25,0.0,0.0,3.0,X,3,0,50,0,0,2,0.0,Y,3,0,75,0,0,1,0.0,Z,3,0,100,0,0,1,0.0,C,3,0,0,0,0,0,0.0,A,3,0,0,0,0,0,0.0
69.2,O5678_JOB2,4,0.0,21.8,43.3,43225.0,N20 T2 M6,20,4,3,67,S1,28.2,2,0,0,0,2,0,8000,100,3,0,19,2,T02_ENDMILL_6MM,120.25,0.0,0.0,3.0,X,3,0,50,0,0,0,0.0,Y,3,0,75,0,0,2,0.0,Z,3,0,100,0,0,2,0.0,C,3,0,0,0,0,2,0.0,A,3,0,0,0,0,1,0.0
69.3,O5678_JOB2,4,0.0,21.8,43.3,43225.0,N20 T2 M6,20,4,3,67,S1,28.2,2,0,0,0,2,0,8000,100,3,0,19,2,T02_ENDMILL_6MM,120.25,0.0,0.0,3.0,X,3,0,50,0,0,0,0.0,Y,3,0,75,0,0,2,0.0,Z,3,0,100,0,0,1,0.0,C,3,0,0,0,0,2,0.0,A,3,0,0,0,0,2,0.0
69.4,O5678_JOB2,4,0.0,21.8,43.3,43225.0,N20 T2 M6,20,4,3,67,S1,28.2,2,0,0,0,2,0,8000,100,1,0,19,2,T02_ENDMILL_6MM,120.25,0.0,0.0,3.0,X,3,0,50,0,0,0,0.0,Y,3,0,75,0,0,2,0.0,Z,3,0,100,0,0,1,0.0,C,3,0,0,0,0,2,0.0,A,3,0,0,0,0,0,0.0
69.5,O5678_JOB2,4,0.0,21.8,43.3,43225.0,N20 T2 M6,20,4,3,67,S1,28.2,2,0,0,0,2,0,8000,100,3,0,19,2,T02_ENDMILL_6MM,120.25,0.0,0.0,3.0,X,3,0,50,0,0,1,0.0,Y,3,0,75,0,0,1,0.0,Z,3,0,100,0,0,2,0.0,C,3,0,0,0,0,0,0.0,A,3,0,0,0,0,2,0.0
69.6,O5678_JOB2,4,0.0,21.8,43.3,43225.0,N20 T2 M6,20,4,3,67,S1,28.2,0,0,0,0,2,0,8000,100,3,0,19,2,T02_ENDMILL_6MM,120.25,0.0,0.0,3.0,X,3,0,50,0,0,1,0.0,Y,3,0,75,0,0,2,0.0,Z,3,0,100,0,0,2,0.0,C,3,0,0,0,0,1,0.0,A,3,0,0,0,0,2,0.0
69.7,O5678_JOB2,4,0.0,21.8,43.3,43225.0,N20 T2 M6,20,4,3,67,S1,28.2,0,0,0,0,2,0,8000,100,1,0,19,2,T02_ENDMILL_6MM,120.25,0.0,0.0,3.0,X,3,0,50,0,0,1,0.0,Y,3,0,75,0,0,0,0.0,Z,3,0,100,0,0,0,0.0,C,3,0,0,0,0,0,0.0,A,3,0,0,0,0,0,0.0
69.8,O5678_JOB2,4,0.0,21.8,43.3,43225.0,N20 T2 M6,20,4,3,67,S1,28.2,0,0,0,0,2,0,8000,100,3,0,19,2,T02_ENDMILL_6MM,120.25,0.0,0.0,3.0,X,3,0,50,0,0,0,0.0,Y,3,0,75,0,0,0,0.0,Z,3,0,100,0,0,0,0.0,C,3,0,0,0,0,0,0.0,A,3,0,0,0,0,1,0.0
69.9,O5678_JOB2,4,0.0,21.8,43.3,43225.0,N20 T2 M6,20,4,3,67,S1,28.2,0,0,0,0,2,0,8000,100,0,0,19,2,T02_ENDMILL_6MM,120.25,0.0,0.0,3.0,X,3,0,50,0,0,0,0.0,Y,3,0,75,0,0,0,0.0,Z,3,0,100,0,0,2,0.0,C,3,0,0,0,0,2,0.0,A,3,0,0,0,0,2,0.0
70.0,O5678_JOB2,4,0.0,21.8,43.3,43225.0,N20 T2 M6,20,4,3,67,S1,28.2,0,0,0,0,2,0,8000,100,1,0,19,2,T02_ENDMILL_6MM,120.25,0.0,0.0,3.0,X,3,0,50,0,0,0,0.0,Y,3,0,75,0,0,2,0.0,Z,3,0,100,0,0,1,0.0,C,3,0,0,0,0,2,0.0,A,3,0,0,0,0,2,0.0
70.1,O5678_JOB2,4,0.0,21.8,43.3,43225.0,N20 T2 M6,20,4,3,67,S1,28.2,0,0,0,0,2,0,8000,100,0,0,19,2,T02_ENDMILL_6MM,120.25,0.0,0.0,3.0,X,3,0,50,0,0,2,0.0,Y,3,0,75,0,0,1,0.0,Z,3,0,100,0,0,2,0.0,C,3,0,0,0,0,0,0.0,A,3,0,0,0,0,2,0.0
70.2,O5678_JOB2,4,0.0,21.8,43.3,43225.0,N20 T2 M6,20,4,3,67,S1,28.2,0,0,0,0,2,0,8000,100,0,0,19,2,T02_ENDMILL_6MM,120.25,0.0,0.0,3.0,X,3,0,50,0,0,0,0.0,Y,3,0,75,0,0,2,0.0,Z,3,0,100,0,0,2,0.0,C,3,0,0,0,0,2,0.0,A,3,0,0,0,0,2,0.0
70.3,O5678_JOB2,4,0.0,21.8,43.3,43225.0,N20 T2 M6,20,4,3,67,S1,28.1,0,0,0,0,2,0,8000,100,2,0,19,2,T02_ENDMILL_6MM,120.25,0.0,0.0,3.0,X,3,0,50,0,0,1,0.0,Y,3,0,75,0,0,1,0.0,Z,3,0,100,0,0,2,0.0,C,3,0,0,0,0,2,0.0,A,3,0,0,0,0,2,0.0
70.4,O5678_JOB2,4,0.0,21.8,43.3,43225.0,N20 T2 M6,20,4,3,67,S1,28.1,0,0,0,0,2,0,8000,100,2,0,19,2,T02_ENDMILL_6MM,120.25,0.0,0.0,3.0,X,3,0,50,0,0,1,0.0,Y,3,0,75,0,0,1,0.0,Z,3,0,100,0,0,0,0.0,C,3,0,0,0,0,0,0.0,A,3,0,0,0,0,2,0.0
70.5,O5678_JOB2,4,0.0,21.8,43.3,43225.0,N20 T2 M6,20,4,3,67,S1,28.1,0,0,0,0,2,0,8000,100,0,0,19,2,T02_ENDMILL_6MM,120.25,0.0,0.0,3.0,X,3,0,50,0,0,1,0.0,Y,3,0,75,0,0,2,0.0,Z,3,0,100,0,0,1,0.0,C,3,0,0,0,0,1,0.0,A,3,0,0,0,0,2,0.0
70.6,O5678_JOB2,4,0.0,21.8,43.3,43225.0,N20 T2 M6,20,4,3,67,S1,28.1,0,0,0,0,2,0,8000,100,3,0,19,2,T02_ENDMILL_6MM,120.25,0.0,0.0,3.0,X,3,0,50,0,0,1,0.0,Y,3,0,75,0,0,1,0.0,Z,3,0,100,0,0,1,0.0,C,3,0,0,0,0,2,0.0,A,3,0,0,0,0,2,0.0
70.7,O5678_JOB2,4,0.0,21.8,43.3,43225.0,N30 S1800 M4,30,4,3,67,S1,28.1,0,0,1800,400,1,0,8000,100,7,0,19,2,T02_ENDMILL_6MM,120.25,0.0,0.0,3.0,X,3,0,50,0,0,1,0.0,Y,3,0,75,0,0,2,0.0,Z,3,0,100,0,0,1,0.0,C,3,0,0,0,0,2,0.0,A,3,0,0,0,0,0,0.0
70.8,O5678_JOB2,4,0.0,21.8,43.3,43225.0,N30 S1800 M4,30,4,3,67,S1,28.1,0,0,1800,800,1,0,8000,100,5,0,19,2,T02_ENDMILL_6MM,120.25,0.0,0.0,3.0,X,3,0,50,0,0,1,0.0,Y,3,0,75,0,0,0,0.0,Z,3,0,100,0,0,1,0.0,C,3,0,0,0,0,2,0.0,A,3,0,0,0,0,2,0.0
70.9,O5678_JOB2,4,0.0,21.8,43.3,43225.0,N30 S1800 M4,30,4,3,67,S1,28.1,0,0,1800,1200,1,0,8000,100,5,0,19,2,T02_ENDMILL_6MM,120.25,0.0,0.0,3.0,X,3,0,50,0,0,0,0.0,Y,3,0,75,0,0,0,0.0,Z,3,0,100,0,0,1,0.0,C,3,0,0,0,0,1,0.0,A,3,0,0,0,0,1,0.0
71.0,O5678_JOB2,4,0.0,21.8,43.3,43225.0,N30 S1800 M4,30,4,3,67,S1,28.1,0,0,1800,1600,1,0,8000,100,5,0,19,2,T02_ENDMILL_6MM,120.25,0.0,0.0,3.0,X,3,0,50,0,0,2,0.0,Y,3,0,75,0,0,2,0.0,Z,3,0,100,0,0,0,0.0,C,3,0,0,0,0,2,0.0,A,3,0,0,0,0,0,0.0
71.1,O5678_JOB2,4,0.0,21.8,43.3,43225.0,N30 S1800 M4,30,4,3,67,S1,28.1,0,0,1800,1800,1,0,8000,100,5,0,19,2,T02_ENDMILL_6MM,120.25,0.0,0.0,3.0,X,3,0,50,0,0,0,0.0,Y,3,0,75,0,0,1,0.0,Z,3,0,100,0,0,0,0.0,C,3,0,0,0,0,2,0.0,A,3,0,0,0,0,2,0.0
71.2,O5678_JOB2,4,0.0,21.8,43.3,43225.0,N30 S1800 M4,30,4,3,67,S1,28.1,0,0,1800,1800,1,0,8000,100,4,0,19,2,T02_ENDMILL_6MM,120.25,0.0,0.0,3.0,X,3,0,50,0,0,2,0.0,Y,3,0,75,0,0,0,0.0,Z,3,0,100,0,0,2,0.0,C,3,0,0,0,0,1,0.0,A,3,0,0,0,0,1,0.0
71.3,O5678_JOB2,4,0.0,21.8,43.3,43225.0,N30 S1800 M4,30,4,3,67,S1,28.1,0,0,1800,1800,1,0,8000,100,4,0,19,2,T02_ENDMILL_6MM,120.25,0.0,0.0,3.0,X,3,0,50,0,0,2,0.0,Y,3,0,75,0,0,0,0.0,Z,3,0,100,0,0,2,0.0,C,3,0,0,0,0,1,0.0,A,3,0,0,0,0,0,0.0
71.4,O5678_JOB2,4,0.0,21.8,43.3,43225.0,N30 S1800 M4,30,4,3,67,S1,28.1,0,0,1800,1800,1,0,8000,100,6,0,19,2,T02_ENDMILL_6MM,120.25,0.0,0.0,3.0,X,3,0,50,0,0,2,0.0,Y,3,0,75,0,0,2,0.0,Z,3,0,100,0,0,2,0.0,C,3,0,0,0,0,0,0.0,A,3,0,0,0,0,1,0.0
71.5,O5678_JOB2,4,0.0,21.8,43.3,43225.0,N30 S1800 M4,30,4,3,67,S1,28.1,0,0,1800,1800,1,0,8000,100,4,0,19,2,T02_ENDMILL_6MM,120.25,0.0,0.0,3.0,X,3,0,50,0,0,1,0.0,Y,3,0,75,0,0,1,0.0,Z,3,0,100,0,0,2,0.0,C,3,0,0,0,0,1,0.0,A,3,0,0,0,0,2,0.0
71.6,O5678_JOB2,4,0.0,21.8,43.3,43225.0,N30 S1800 M4,30,4,3,67,S1,28.1,0,0,1800,1800,1,0,8000,100,4,0,19,2,T02_ENDMILL_6MM,120.25,0.0,0.0,3.0,X,3,0,50,0,0,1,0.0,Y,3,0,75,0,0,1,0.0,Z,3,0,100,0,0,2,0.0,C,3,0,0,0,0,2,0.0,A,3,0,0,0,0,1,0.0
71.7,O5678_JOB2,4,0.0,21.8,43.3,43225.0,N30 S1800 M4,30,4,3,67,S1,28.1,0,0,1800,1800,1,0,8000,100,5,0,19,2,T02_ENDMILL_6MM,120.25,0.0,0.0,3.0,X,3,0,50,0,0,0,0.0,Y,3,0,75,0,0,1,0.0,Z,3,0,100,0,0,2,0.0,C,3,0,0,0,0,0,0.0,A,3,0,0,0,0,2,0.0
71.8,O5678_JOB2,4,0.0,21.8,43.3,43225.0,N30 S1800 M4,30,4,3,67,S1,28.1,0,0,1800,1800,1,0,8000,100,5,0,19,2,T02_ENDMILL_6MM,120.25,0.0,0.0,3.0,X,3,0,50,0,0,0,0.0,Y,3,0,75,0,0,1,0.0,Z,3,0,100,0,0,2,0.0,C,3,0,0,0,0,1,0.0,A,3,0,0,0,0,0,0.0
71.9,O5678_JOB2,4,0.0,21.8,43.3,43225.0,N30 S1800 M4,30,4,3,67,S1,28.1,0,0,1800,1800,1,0,8000,100,4,0,19,2,T02_ENDMILL_6MM,120.25,0.0,0.0,3.0,X,3,0,50,0,0,2,0.0,Y,3,0,75,0,0,0,0.0,Z,3,0,100,0,0,2,0.0,C,3,0,0,0,0,2,0.0,A,3,0,0,0,0,2,0.0
72.0,O5678_JOB2,4,0.0,21.8,43.3,43225.0,N30 S1800 M4,30,4,3,67,S1,28.1,0,0,1800,1800,1,0,8000,100,5,0,19,2,T02_ENDMILL_6MM,120.25,0.0,0.0,3.0,X,3,0,50,0,0,1,0.0,Y,3,0,75,0,0,1,0.0,Z,3,0,100,0,0,0,0.0,C,3,0,0,0,0,0,0.0,A,3,0,0,0,0,1,0.0
72.1,O5678_JOB2,4,0.0,21.8,43.3,43225.0,N30 S1800 M4,30,4,3,67,S1,28.1,0,0,1800,1800,1,0,8000,100,6,0,19,2,T02_ENDMILL_6MM,120.25,0.0,0.0,3.0,X,3,0,50,0,0,2,0.0,Y,3,0,75,0,0,2,0.0,Z,3,0,100,0,0,2,0.0,C,3,0,0,0,0,0,0.0,A,3,0,0,0,0,0,0.0
72.2,O5678_JOB2,4,0.0,21.8,43.3,43225.0,N30 S1800 M4,30,4,3,67,S1,28.1,0,0,1800,1800,1,0,8000,100,7,0,19,2,T02_ENDMILL_6MM,120.25,0.0,0.0,3.0,X,3,0,50,0,0,1,0.0,Y,3,0,75,0,0,0,0.0,Z,3,0,100,0,0,1,0.0,C,3,0,0,0,0,0,0.0,A,3,0,0,0,0,1,0.0
72.3,O5678_JOB2,4,0.0,21.8,43.3,43225.0,N30 S1800 M4,30,4,3,67,S1,28.1,0,0,1800,1800,1,0,8000,100,7,0,19,2,T02_ENDMILL_6MM,120.25,0.0,0.0,3.0,X,3,0,50,0,0,2,0.0,Y,3,0,75,0,0,0,0.0,Z,3,0,100,0,0,1,0.0,C,3,0,0,0,0,0,0.0,A,3,0,0,0,0,2,0.0
72.4,O5678_JOB2,4,0.0,21.8,43.3,43225.0,N30 S1800 M4,30,4,3,67,S1,28.1,0,0,1800,1800,1,0,8000,100,6,0,19,2,T02_ENDMILL_6MM,120.25,0.0,0.0,3.0,X,3,0,50,0,0,2,0.0,Y,3,0,75,0,0,0,0.0,Z,3,0,100,0,0,0,0.0,C,3,0,0,0,0,2,0.0,A,3,0,0,0,0,0,0.0
72.5,O5678_JOB2,4,0.0,21.8,43.3,43225.0,N30 S1800 M4,30,4,3,67,S1,28.1,0,0,1800,1800,1,0,8000,100,4,0,19,2,T02_ENDMILL_6MM,120.25,0.0,0.0,3.0,X,3,0,50,0,0,0,0.0,Y,3,0,75,0,0,0,0.0,Z,3,0,100,0,0,1,0.0,C,3,0,0,0,0,0,0.0,A,3,0,0,0,0,0,0.0
72.6,O5678_JOB2,4,0.0,21.8,43.3,43225.0,N30 S1800 M4,30,4,3,67,S1,28.1,0,0,1800,1800,1,0,8000,100,5,0,19,2,T02_ENDMILL_6MM,120.25,0.0,0.0,3.0,X,3,0,50,0,0,1,0.0,Y,3,0,75,0,0,0,0.0,Z,3,0,100,0,0,1,0.0,C,3,0,0,0,0,1,0.0,A,3,0,0,0,0,0,0.0
72.7,O5678_JOB2,3,0.1,21.8,43.4,43318.0,N40 G00 A90.0 C45.0,40,4,3,67,S1,28.1,0,0,1800,1800,1,0,8000,100,4,0,19,2,T02_ENDMILL_6MM,120.25,0.0,0.0,3.0,X,3,0,50,0,0,1,0.0,Y,3,0,75,0,0,1,0.0,Z,3,0,100,0,0,0,0.0,C,0,45,12,252,70,49,7200.0,A,0,90,12,252,70,44,7200.0
72.8,O5678_JOB2,3,0.2,21.8,43.5,43421.0,N40 G00 A90.0 C45.0,40,4,3,67,S1,28.1,0,0,1800,1800,1,0,8000,100,4,0,19,2,T02_ENDMILL_6MM,120.25,0.0,0.0,3.0,X,3,0,50,0,0,1,0.0,Y,3,0,75,0,0,2,0.0,Z,3,0,100,0,0,0,0.0,C,0,33,24,0,0,26,7200.0,A,0,78,24,0,0,24,7200.0
72.9,O5678_JOB2,3,0.3,21.8,43.6,43531.0,N40 G00 A90.0 C45.0,40,4,3,67,S1,28.1,0,0,1800,1800,1,0,8000,100,5,0,19,2,T02_ENDMILL_6MM,120.25,0.0,0.0,3.0,X,3,0,50,0,0,0,0.0,Y,3,0,75,0,0,1,0.0,Z,3,0,100,0,0,2,0.0,C,0,21,36,0,-70,45,7200.0,A,0,66,36,0,0,26,7200.0
73.0,O5678_JOB2,3,0.4,21.8,43.7,43638.0,N40 G00 A90.0 C45.0,40,4,3,67,S1,28.1,0,0,1800,1800,1,0,8000,100,7,0,19,2,T02_ENDMILL_6MM,120.25,0.0,0.0,3.0,X,3,0,50,0,0,2,0.0,Y,3,0,75,0,0,0,0.0,Z,3,0,100,0,0,1,0.0,C,0,9,45,0,-70,44,5400.0,A,0,54,48,0,0,25,7200.0
73.1,O5678_JOB2,3,0.5,21.8,43.8,43730.0,N40 G00 A90.0 C45.0,40,4,3,67,S1,28.1,0,0,1800,1800,1,0,8000,100,4,0,19,2,T02_ENDMILL_6MM,120.25,0.0,0.0,3.0,X,3,0,50,0,0,1,0.0,Y,3,0,75,0,0,0,0.0,Z,3,0,100,0,0,1,0.0,C,3,0,45,0,0,0,0.0,A,0,42,60,0,0,25,7200.0
73.2,O5678_JOB2,3,0.6,21.8,43.9,43832.0,N40 G00 A90.0 C45.0,40,4,3,67,S1,28.1,0,0,1800,1800,1,0,8000,100,5,0,19,2,T02_ENDMILL_6MM,120.25,0.0,0.0,3.0,X,3,0,50,0,0,2,0.0,Y,3,0,75,0,0,2,0.0,Z,3,0,100,0,0,0,0.0,C,3,0,45,0,0,0,0.0,A,0,30,72,0,0,27,7200.0
73.3,O5678_JOB2,3,0.7,21.8,44.0,43931.0,N40 G00 A90.0 C45.0,40,4,3,67,S1,28.1,0,0,1800,1800,1,0,8000,100,6,0,19,2,T02_ENDMILL_6MM,120.25,0.0,0.0,3.0,X,3,0,50,0,0,0,0.0,Y,3,0,75,0,0,0,0.0,Z,3,0,100,0,0,0,0.0,C,3,0,45,0,0,2,0.0,A,0,18,84,0,-70,47,7200.0
73.4,O5678_JOB2,3,0.8,21.8,44.1,44041.0,N40 G00 A90.0 C45.0,40,4,3,67,S1,28.1,0,0,1800,1800,1,0,8000,100,6,0,19,2,T02_ENDMILL_6MM,120.25,0.0,0.0,3.0,X,3,0,50,0,0,1,0.0,Y,3,0,75,0,0,1,0.0,Z,3,0,100,0,0,1,0.0,C,3,0,45,0,0,0,0.0,A,0,6,90,0,-70,37,3600.0
73.5,O5678_JOB2,3,0.9,21.8,44.2,44135.0,N40 G00 A90.0 C45.0,40,4,3,67,S1,28.1,0,0,1800,1800,1,0,8000,100,6,0,19,2,T02_ENDMILL_6MM,120.25,0.0,0.0,3.0,X,3,0,50,0,0,0,0.0,Y,3,0,75,0,0,1,0.0,Z,3,0,100,0,0,1,0.0,C,3,0,45,0,0,1,0.0,A,3,0,90,0,0,0,0.0
73.6,O5678_JOB2,3,1.0,21.8,44.3,44242.0,N40 G00 A90.0 C45.0,40,4,3,67,S1,28.2,0,0,1800,1800,1,0,8000,100,7,0,19,2,T02_ENDMILL_6MM,120.25,0.0,0.0,3.0,X,3,0,50,0,0,1,0.0,Y,3,0,75,0,0,1,0.0,Z,3,0,100,0,0,0,0.0,C,3,0,45,0,0,2,0.0,A,3,0,90,0,0,1,0.0
73.7,O5678_JOB2,3,1.1,21.8,44.4,44341.0,N40 G00 A90.0 C45.0,40,4,3,67,S1,28.2,0,0,1800,1800,1,0,8000,100,7,0,19,2,T02_ENDMILL_6MM,120.25,0.0,0.0,3.0,X,3,0,50,0,0,1,0.0,Y,3,0,75,0,0,2,0.0,Z,3,0,100,0,0,0,0.0,C,3,0,45,0,0,0,0.0,A,3,0,90,0,0,1,0.0
73.8,O5678_JOB2,3,1.2,21.8,44.5,44450.0,N40 G00 A90.0 C45.0,40,4,3,67,S1,28.2,0,0,1800,1800,1,0,8000,100,6,0,19,2,T02_ENDMILL_6MM,120.25,0.0,0.0,3.0,X,3,0,50,0,0,0,0.0,Y,3,0,75,0,0,0,0.0,Z,3,0,100,0,0,2,0.0,C,3,0,45,0,0,1,0.0,A,3,0,90,0,0,1,0.0
73.9,O5678_JOB2,3,1.3,21.8,44.6,44546.0,N40 G00 A90.0 C45.0,40,4,3,67,S1,28.2,0,0,1800,1800,1,0,8000,100,5,0,19,2,T02_ENDMILL_6MM,120.25,0.0,0.0,3.0,X,3,0,50,0,0,0,0.0,Y,3,0,75,0,0,1,0.0,Z,3,0,100,0,0,1,0.0,C,3,0,45,0,0,1,0.0,A,3,0,90,0,0,0,0.0
74.0,O5678_JOB2,3,1.4,21.8,44.7,44641.0,N40 G00 A90.0 C45.0,40,4,3,67,S1,28.2,0,0,1800,1800,1,0,8000,100,6,0,19,2,T02_ENDMILL_6MM,120.25,0.0,0.0,3.0,X,3,0,50,0,0,1,0.0,Y,3,0,75,0,0,0,0.0,Z,3,0,100,0,0,0,0.0,C,3,0,45,0,0,2,0.0,A,3,0,90,0,0,1,0.0
74.1,O5678_JOB2,3,1.5,21.8,44.8,44744.0,N40 G00 A90.0 C45.0,40,4,3,67,S1,28.2,0,0,1800,1800,1,0,8000,100,6,0,19,2,T02_ENDMILL_6MM,120.25,0.0,0.0,3.0,X,3,0,50,0,0,1,0.0,Y,3,0,75,0,0,0,0.0,Z,3,0,100,0,0,0,0.0,C,3,0,45,0,0,0,0.0,A,3,0,90,0,0,0,0.0
74.2,O5678_JOB2,3,1.6,21.8,44.9,44842.0,N40 G00 A90.0 C45.0,40,4,3,67,S1,28.2,0,0,1800,1800,1,0,8000,100,4,0,19,2,T02_ENDMILL_6MM,120.25,0.0,0.0,3.0,X,3,0,50,0,0,0,0.0,Y,3,0,75,0,0,2,0.0,Z,3,0,100,0,0,1,0.0,C,3,0,45,0,0,2,0.0,A,3,0,90,0,0,1,0.0
74.3,O5678_JOB2,3,1.7,21.8,45.0,44941.0,N40 G00 A90.0 C45.0,40,4,3,67,S1,28.2,0,0,1800,1800,1,0,8000,100,6,0,19,2,T02_ENDMILL_6MM,120.25,0.0,0.0,3.0,X,3,0,50,0,0,0,0.0,Y,3,0,75,0,0,1,0.0,Z,3,0,100,0,0,2,0.0,C,3,0,45,0,0,2,0.0,A,3,0,90,0,0,1,0.0
74.4,O5678_JOB2,3,1.8,21.8,45.1,45049.0,N40 G00 A90.0 C45.0,40,4,3,67,S1,28.2,0,0,1800,1800,1,0,8000,100,6,0,19,2,T02_ENDMILL_6MM,120.25,0.0,0.0,3.0,X,3,0,50,0,0,0,0.0,Y,3,0,75,0,0,2,0.0,Z,3,0,100,0,0,2,0.0,C,3,0,45,0,0,2,0.0,A,3,0,90,0,0,0,0.0
74.5,O5678_JOB2,3,1.9,21.8,45.2,45141.0,N40 G00 A90.0 C45.0,40,4,3,67,S1,28.2,0,0,1800,1800,1,0,8000,100,7,0,19,2,T02_ENDMILL_6MM,120.25,0.0,0.0,3.0,X,3,0,50,0,0,0,0.0,Y,3,0,75,0,0,1,0.0,Z,3,0,100,0,0,0,0.0,C,3,0,45,0,0,1,0.0,A,3,0,90,0,0,1,0.0
74.6,O5678_JOB2,3,2.0,21.8,45.3,45238.0,N40 G00 A90.0 C45.0,40,4,3,67,S1,28.2,0,0,1800,1800,1,0,8000,100,5,0,19,2,T02_ENDMILL_6MM,120.25,0.0,0.0,3.0,X,3,0,50,0,0,1,0.0,Y,3,0,75,0,0,2,0.0,Z,3,0,100,0,0,0,0.0,C,3,0,45,0,0,2,0.0,A,3,0,90,0,0,0,0.0
74.7,O5678_JOB2,3,2.1,21.8,45.4,45329.0,N40 G00 A90.0 C45.0,40,4,3,67,S1,28.2,0,0,1800,1800,1,0,8000,100,6,0,19,2,T02_ENDMILL_6MM,120.25,0.0,0.0,3.0,X,3,0,50,0,0,2,0.0,Y,3,0,75,0,0,0,0.0,Z,3,0,100,0,0,0,0.0,C,3,0,45,0,0,1,0.0,A,3,0,90,0,0,2,0.0
74.8,O5678_JOB2,3,2.2,21.8,45.5,45425.0,N40 G00 A90.0 C45.0,40,4,3,67,S1,28.2,0,0,1800,1800,1,0,8000,100,5,0,19,2,T02_ENDMILL_6MM,120.25,0.0,0.0,3.0,X,3,0,50,0,0,2,0.0,Y,3,0,75,0,0,0,0.0,Z,3,0,100,0,0,1,0.0,C,3,0,45,0,0,0,0.0,A,3,0,90,0,0,1,0.0
74.9,O5678_JOB2,3,2.3,21.8,45.6,45528.0,N40 G00 A90.0 C45.0,40,4,3,67,S1,28.2,0,0,1800,1800,1,0,8000,100,7,0,19,2,T02_ENDMILL_6MM,120.25,0.0,0.0,3.0,X,3,0,50,0,0,1,0.0,Y,3,0,75,0,0,0,0.0,Z,3,0,100,0,0,0,0.0,C,3,0,45,0,0,1,0.0,A,3,0,90,0,0,2,0.0
75.0,O5678_JOB2,3,2.4,21.8,45.7,45620.0,N40 G00 A90.0 C45.0,40,4,3,67,S1,28.2,0,0,1800,1800,1,0,8000,100,7,0,19,2,T02_ENDMILL_6MM,120.25,0.0,0.0,3.0,X,3,0,50,0,0,2,0.0,Y,3,0,75,0,0,2,0.0,Z,3,0,100,0,0,2,0.0,C,3,0,45,0,0,1,0.0,A,3,0,90,0,0,0,0.0
75.1,O5678_JOB2,3,2.5,21.8,45.8,45711.0,N40 G00 A90.0 C45.0,40,4,3,67,S1,28.2,0,0,1800,1800,1,0,8000,100,5,0,19,2,T02_ENDMILL_6MM,120.25,0.0,0.0,3.0,X,3,0,50,0,0,0,0.0,Y,3,0,75,0,0,2,0.0,Z,3,0,100,0,0,2,0.0,C,3,0,45,0,0,1,0.0,A,3,0,90,0,0,2,0.0
75.2,O5678_JOB2,3,2.6,21.8,45.9,45810.0,N40 G00 A90.0 C45.0,40,4,3,67,S1,28.2,0,0,1800,1800,1,0,8000,100,6,0,19,2,T02_ENDMILL_6MM,120.25,0.0,0.0,3.0,X,3,0,50,0,0,1,0.0,Y,3,0,75,0,0,0,0.0,Z,3,0,100,0,0,2,0.0,C,3,0,45,0,0,1,0.0,A,3,0,90,0,0,1,0.0
75.3,O5678_JOB2,3,2.7,21.8,46.0,45918.0,N40 G00 A90.0 C45.0,40,4,3,67,S1,28.2,0,0,1800,1800,1,0,8000,100,4,0,19,2,T02_ENDMILL_6MM,120.25,0.0,0.0,3.0,X,3,0,50,0,0,2,0.0,Y,3,0,75,0,0,2,0.0,Z,3,0,100,0,0,0,0.0,C,3,0,45,0,0,2,0.0,A,3,0,90,0,0,1,0.0
75.4,O5678_JOB2,3,2.8,21.8,46.1,46021.0,N40 G00 A90.0 C45.0,40,4,3,67,S1,28.2,0,0,1800,1800,1,0,8000,100,5,0,19,2,T02_ENDMILL_6MM,120.25,0.0,0.0,3.0,X,3,0,50,0,0,0,0.0,Y,3,0,75,0,0,1,0.0,Z,3,0,100,0,0,1,0.0,C,3,0,45,0,0,0,0.0,A,3,0,90,0,0,1,0.0
75.5,O5678_JOB2,3,2.9,21.8,46.2,46125.0,N40 G00 A90.0 C45.0,40,4,3,67,S1,28.2,0,0,1800,1800,1,0,8000,100,5,0,19,2,T02_ENDMILL_6MM,120.25,0.0,0.0,3.0,X,3,0,50,0,0,2,0.0,Y,3,0,75,0,0,1,0.0,Z,3,0,100,0,0,2,0.0,C,3,0,45,0,0,1,0.0,A,3,0,90,0,0,1,0.0
75.6,O5678_JOB2,3,3.0,21.8,46.3,46216.0,N40 G00 A90.0 C45.0,40,4,3,67,S1,28.2,0,0,1800,1800,1,0,8000,100,4,0,19,2,T02_ENDMILL_6MM,120.25,0.0,0.0,3.0,X,3,0,50,0,0,0,0.0,Y,3,0,75,0,0,1,0.0,Z,3,0,100,0,0,0,0.0,C,3,0,45,0,0,0,0.0,A,3,0,90,0,0,2,0.0
75.7,O5678_JOB2,3,3.1,21.8,46.4,46322.0,N50 G00 X-20.0 Y-30.0,50,4,3,67,S1,28.2,0,0,1800,1800,1,0,8000,100,6,0,19,2,T02_ENDMILL_6MM,120.25,0.0,0.0,3.0,X,1,0,10,0,-70,45,24000.0,Y,1,0,35,0,-70,46,24000.0,Z,3,0,100,0,0,2,0.0,C,3,0,45,0,0,2,0.0,A,3,0,90,0,0,2,0.0
75.8,O5678_JOB2,3,3.2,21.8,46.5,46431.0,N50 G00 X-20.0 Y-30.0,50,4,3,67,S1,28.2,0,0,1800,1800,1,0,8000,100,7,0,19,2,T02_ENDMILL_6MM,120.25,0.0,0.0,3.0,X,1,0,0,4,70,43,18000.0,Y,1,0,0,4,70,48,24000.0,Z,3,0,100,0,0,0,0.0,C,3,0,45,0,0,0,0.0,A,3,0,90,0,0,0,0.0
75.9,O5678_JOB2,3,3.3,21.8,46.6,46536.0,N50 G00 X-20.0 Y-30.0,50,4,3,67,S1,28.2,0,0,1800,1800,1,0,8000,100,4,0,19,2,T02_ENDMILL_6MM,120.25,0.0,0.0,3.0,X,3,0,0,0,0,0,0.0,Y,1,0,0,4,70,40,15000.0,Z,3,0,100,0,0,2,0.0,C,3,0,45,0,0,2,0.0,A,3,0,90,0,0,1,0.0
76.0,O5678_JOB2,3,3.4,21.8,46.7,46630.0,N50 G00 X-20.0 Y-30.0,50,4,3,67,S1,28.2,0,0,1800,1800,1,0,8000,100,7,0,19,2,T02_ENDMILL_6MM,120.25,0.0,0.0,3.0,X,3,0,0,0,0,1,0.0,Y,3,0,0,0,0,2,0.0,Z,3,0,100,0,0,1,0.0,C,3,0,45,0,0,0,0.0,A,3,0,90,0,0,1,0.0
76.1,O5678_JOB2,3,3.5,21.8,46.8,46735.0,N50 G00 X-20.0 Y-30.0,50,4,3,67,S1,28.2,0,0,1800,1800,1,0,8000,100,5,0,19,2,T02_ENDMILL_6MM,120.25,0.0,0.0,3.0,X,3,0,0,0,0,0,0.0,Y,3,0,0,0,0,2,0.0,Z,3,0,100,0,0,0,0.0,C,3,0,45,0,0,1,0.0,A,3,0,90,0,0,2,0.0
76.2,O5678_JOB2,3,3.6,21.8,46.9,46835.0,N50 G00 X-20.0 Y-30.0,50,4,3,67,S1,28.2,0,0,1800,1800,1,0,8000,100,7,0,19,2,T02_ENDMILL_6MM,120.25,0.0,0.0,3.0,X,3,0,0,0,0,2,0.0,Y,3,0,0,0,0,2,0.0,Z,3,0,100,0,0,0,0.0,C,3,0,45,0,0,0,0.0,A,3,0,90,0,0,0,0.0
76.3,O5678_JOB2,3,3.7,21.8,47.0,46936.0,N50 G00 X-20.0 Y-30.0,50,4,3,67,S1,28.2,0,0,1800,1800,1,0,8000,100,6,0,19,2,T02_ENDMILL_6MM,120.25,0.0,0.0,3.0,X,3,0,0,0,0,0,0.0,Y,3,0,0,0,0,0,0.0,Z,3,0,100,0,0,1,0.0,C,3,0,45,0,0,1,0.0,A,3,0,90,0,0,0,0.0
76.4,O5678_JOB2,3,3.8,21.8,47.1,47031.0,N50 G00 X-20.0 Y-30.0,50,4,3,67,S1,28.2,0,0,1800,1800,1,0,8000,100,5,0,19,2,T02_ENDMILL_6MM,120.25,0.0,0.0,3.0,X,3,0,0,0,0,1,0.0,Y,3,0,0,0,0,1,0.0,Z,3,0,100,0,0,1,0.0,C,3,0,45,0,0,0,0.0,A,3,0,90,0,0,2,0.0
76.5,O5678_JOB2,3,3.9,21.8,47.2,47131.0,N50 G00 X-20.0 Y-30.0,50,4,3,67,S1,28.2,0,0,1800,1800,1,0,8000,100,6,0,19,2,T02_ENDMILL_6MM,120.25,0.0,0.0,3.0,X,3,0,0,0,0,1,0.0,Y,3,0,0,0,0,0,0.0,Z,3,0,100,0,0,2,0.0,C,3,0,45,0,0,1,0.0,A,3,0,90,0,0,1,0.0
76.6,O5678_JOB2,3,4.0,21.8,47.3,47229.0,N50 G00 X-20.0 Y-30.0,50,4,3,67,S1,28.2,0,0,1800,1800,1,0,8000,100,5,0,19,2,T02_ENDMILL_6MM,120.25,0.0,0.0,3.0,X,3,0,0,0,0,0,0.0,Y,3,0,0,0,0,2,0.0,Z,3,0,100,0,0,1,0.0,C,3,0,45,0,0,2,0.0,A,3,0,90,0,0,0,0.0
76.7,O5678_JOB2,3,4.1,21.8,47.4,47324.0,N50 G00 X-20.0 Y-30.0,50,4,3,67,S1,28.2,0,0,1800,1800,1,0,8000,100,6,0,19,2,T02_ENDMILL_6MM,120.25,0.0,0.0,3.0,X,3,0,0,0,0,0,0.0,Y,3,0,0,0,0,0,0.0,Z,3,0,100,0,0,2,0.0,C,3,0,45,0,0,2,0.0,A,3,0,90,0,0,2,0.0
76.8,O5678_JOB2,3,4.2,21.8,47.5,47433.0,N50 G00 X-20.0 Y-30.0,50,4,3,67,S1,28.2,0,0,1800,1800,1,0,8000,100,7,0,19,2,T02_ENDMILL_6MM,120.25,0.0,0.0,3.0,X,3,0,0,0,0,2,0.0,Y,3,0,0,0,0,0,0.0,Z,3,0,100,0,0,0,0.0,C,3,0,45,0,0,2,0.0,A,3,0,90,0,0,0,0.0
76.9,O5678_JOB2,3,4.3,21.8,47.6,47526.0,N50 G00 X-20.0 Y-30.0,50,4,3,67,S1,28.2,0,0,1800,1800,1,0,8000,100,8,0,19,2,T02_ENDMILL_6MM,120.25,0.0,0.0,3.0,X,3,0,0,0,0,2,0.0,Y,3,0,0,0,0,1,0.0,Z,3,0,100,0,0,1,0.0,C,3,0,45,0,0,2,0.0,A,3,0,90,0,0,1,0.0
77.0,O5678_JOB2,3,4.4,21.8,47.7,47631.0,N50 G00 X-20.0 Y-30.0,50,4,3,67,S1,28.2,0,0,1800,1800,1,0,8000,100,7,0,19,2,T02_ENDMILL_6MM,120.25,0.0,0.0,3.0,X,3,0,0,0,0,2,0.0,Y,3,0,0,0,0,2,0.0,Z,3,0,100,0,0,1,0.0,C,3,0,45,0,0,2,0.0,A,3,0,90,0,0,0,0.0
77.1,O5678_JOB2,3,4.5,21.8,47.8,47737.0,N50 G00 X-20.0 Y-30.0,50,4,3,67,S1,28.2,0,0,1800,1800,1,0,8000,100,4,0,19,2,T02_ENDMILL_6MM,120.25,0.0,0.0,3.0,X,3,0,0,0,0,2,0.0,Y,3,0,0,0,0,2,0.0,Z,3,0,100,0,0,2,0.0,C,3,0,45,0,0,2,0.0,A,3,0,90,0,0,1,0.0
77.2,O5678_JOB2,3,4.6,21.8,47.9,47841.0,N50 G00 X-20.0 Y-30.0,50,4,3,67,S1,28.2,0,0,1800,1800,1,0,8000,100,6,0,19,2,T02_ENDMILL_6MM,120.25,0.0,0.0,3.0,X,3,0,0,0,0,2,0.0,Y,3,0,0,0,0,2,0.0,Z,3,0,100,0,0,2,0.0,C,3,0,45,0,0,1,0.0,A,3,0,90,0,0,0,0.0
77.3,O5678_JOB2,3,4.7,21.8,48.0,47950.0,N50 G00 X-20.0 Y-30.0,50,4,3,67,S1,28.2,0,0,1800,1800,1,0,8000,100,5,0,19,2,T02_ENDMILL_6MM,120.25,0.0,0.0,3.0,X,3,0,0,0,0,0,0.0,Y,3,0,0,0,0,2,0.0,Z,3,0,100,0,0,1,0.0,C,3,0,45,0,0,2,0.0,A,3,0,90,0,0,0,0.0
77.4,O5678_JOB2,3,4.8,21.8,48.1,48048.0,N50 G00 X-20.0 Y-30.0,50,4,3,67,S1,28.2,0,0,1800,1800,1,0,8000,100,6,0,19,2,T02_ENDMILL_6MM,120.25,0.0,0.0,3.0,X,3,0,0,0,0,0,0.0,Y,3,0,0,0,0,2,0.0,Z,3,0,100,0,0,1,0.0,C,3,0,45,0,0,2,0.0,A,3,0,90,0,0,0,0.0
77.5,O5678_JOB2,3,4.9,21.8,48.2,48139.0,N50 G00 X-20.0 Y-30.0,50,4,3,67,S1,28.2,0,0,1800,1800,1,0,8000,100,5,0,19,2,T02_ENDMILL_6MM,120.25,0.0,0.0,3.0,X,3,0,0,0,0,0,0.0,Y,3,0,0,0,0,1,0.0,Z,3,0,100,0,0,2,0.0,C,3,0,45,0,0,0,0.0,A,3,0,90,0,0,2,0.0
77.6,O5678_JOB2,3,5.0,21.8,48.3,48245.0,N50 G00 X-20.0 Y-30.0,50,4,3,67,S1,28.2,0,0,1800,1800,1,0,8000,100,4,0,19,2,T02_ENDMILL_6MM,120.25,0.0,0.0,3.0,X,3,0,0,0,0,0,0.0,Y,3,0,0,0,0,2,0.0,Z,3,0,100,0,0,0,0.0,C,3,0,45,0,0,2,0.0,A,3,0,90,0,0,0,0.0
77.7,O5678_JOB2,3,5.1,21.8,48.4,48337.0,N50 G00 X-20.0 Y-30.0,50,4,3,67,S1,28.2,0,0,1800,1800,1,0,8000,100,4,0,19,2,T02_ENDMILL_6MM,120.25,0.0,0.0,3.0,X,3,0,0,0,0,2,0.0,Y,3,0,0,0,0,2,0.0,Z,3,0,100,0,0,0,0.0,C,3,0,45,0,0,0,0.0,A,3,0,90,0,0,1,0.0
77.8,O5678_JOB2,3,5.2,21.8,48.5,48442.0,N50 G00 X-20.0 Y-30.0,50,4,3,67,S1,28.2,0,0,1800,1800,1,0,8000,100,6,0,19,2,T02_ENDMILL_6MM,120.25,0.0,0.0,3.0,X,3,0,0,0,0,1,0.0,Y,3,0,0,0,0,2,0.0,Z,3,0,100,0,0,1,0.0,C,3,0,45,0,0,1,0.0,A,3,0,90,0,0,0,0.0
77.9,O5678_JOB2,3,5.3,21.8,48.6,48539.0,N50 G00 X-20.0 Y-30.0,50,4,3,67,S1,28.2,0,0,1800,1800,1,0,8000,100,5,0,19,2,T02_ENDMILL_6MM,120.25,0.0,0.0,3.0,X,3,0,0,0,0,0,0.0,Y,3,0,0,0,0,1,0.0,Z,3,0,100,0,0,1,0.0,C,3,0,45,0,0,0,0.0,A,3,0,90,0,0,0,0.0
78.0,O5678_JOB2,3,5.4,21.8,48.7,48632.0,N50 G00 X-20.0 Y-30.0,50,4,3,67,S1,28.2,0,0,1800,1800,1,0,8000,100,5,0,19,2,T02_ENDMILL_6MM,120.25,0.0,0.0,3.0,X,3,0,0,0,0,2,0.0,Y,3,0,0,0,0,0,0.0,Z,3,0,100,0,0,1,0.0,C,3,0,45,0,0,2,0.0,A,3,0,90,0,0,2,0.0
78.1,O5678_JOB2,3,5.5,21.8,48.8,48726.0,N50 G00 X-20.0 Y-30.0,50,4,3,67,S1,28.2,0,0,1800,1800,1,0,8000,100,7,0,19,2,T02_ENDMILL_6MM,120.25,0.0,0.0,3.0,X,3,0,0,0,0,0,0.0,Y,3,0,0,0,0,1,0.0,Z,3,0,100,0,0,0,0.0,C,3,0,45,0,0,2,0.0,A,3,0,90,0,0,1,0.0
78.2,O5678_JOB2,3,5.6,21.8,48.9,48816.0,N50 G00 X-20.0 Y-30.0,50,4,3,67,S1,28.2,0,0,1800,1800,1,0,8000,100,7,0,19,2,T02_ENDMILL_6MM,120.25,0.0,0.0,3.0,X,3,0,0,0,0,2,0.0,Y,3,0,0,0,0,1,0.0,Z,3,0,100,0,0,2,0.0,C,3,0,45,0,0,2,0.0,A,3,0,90,0,0,0,0.0
78.3,O5678_JOB2,3,5.7,21.8,49.0,48924.0,N50 G00 X-20.0 Y-30.0,50,4,3,67,S1,28.2,0,0,1800,1800,1,0,8000,100,6,0,19,2,T02_ENDMILL_6MM,120.25,0.0,0.0,3.0,X,3,0,0,0,0,0,0.0,Y,3,0,0,0,0,1,0.0,Z,3,0,100,0,0,1,0.0,C,3,0,45,0,0,1,0.0,A,3,0,90,0,0,2,0.0
78.4,O5678_JOB2,3,5.8,21.8,49.1,49020.0,N50 G00 X-20.0 Y-30.0,50,4,3,67,S1,28.2,0,0,1800,1800,1,0,8000,100,5,0,19,2,T02_ENDMILL_6MM,120.25,0.0,0.0,3.0,X,3,0,0,0,0,2,0.0,Y,3,0,0,0,0,1,0.0,Z,3,0,100,0,0,0,0.0,C,3,0,45,0,0,1,0.0,A,3,0,90,0,0,1,0.0
78.5,O5678_JOB2,3,5.9,21.8,49.2,49120.0,N50 G00 X-20.0 Y-30.0,50,4,3,67,S1,28.2,0,0,1800,1800,1,0,8000,100,4,0,19,2,T02_ENDMILL_6MM,120.25,0.0,0.0,3.0,X,3,0,0,0,0,1,0.0,Y,3,0,0,0,0,2,0.0,Z,3,0,100,0,0,0,0.0,C,3,0,45,0,0,0,0.0,A,3,0,90,0,0,0,0.0
78.6,O5678_JOB2,3,6.0,21.8,49.3,49221.0,N50 G00 X-20.0 Y-30.0,50,4,3,67,S1,28.2,0,0,1800,1800,1,0,8000,100,7,0,19,2,T02_ENDMILL_6MM,120.25,0.0,0.0,3.0,X,3,0,0,0,0,2,0.0,Y,3,0,0,0,0,1,0.0,Z,3,0,100,0,0,2,0.0,C,3,0,45,0,0,0,0.0,A,3,0,90,0,0,2,0.0
78.7,O5678_JOB2,3,6.1,21.8,49.4,49317.0,N50 G00 X-20.0 Y-30.0,50,4,3,67,S1,28.2,0,0,1800,1800,1,0,8000,100,5,0,19,2,T02_ENDMILL_6MM,120.25,0.0,0.0,3.0,X,3,0,0,0,0,2,0.0,Y,3,0,0,0,0,0,0.0,Z,3,0,100,0,0,0,0.0,C,3,0,45,0,0,2,0.0,A,3,0,90,0,0,2,0.0
78.8,O5678_JOB2,3,6.2,21.8,49.5,49413.0,N50 G00 X-20.0 Y-30.0,50,4,3,67,S1,28.2,0,0,1800,1800,1,0,8000,100,5,0,19,2,T02_ENDMILL_6MM,120.25,0.0,0.0,3.0,X,3,0,0,0,0,2,0.0,Y,3,0,0,0,0,2,0.0,Z,3,0,100,0,0,1,0.0,C,3,0,45,0,0,1,0.0,A,3,0,90,0,0,0,0.0
78.9,O5678_JOB2,3,6.3,21.8,49.6,49508.0,N50 G00 X-20.0 Y-30.0,50,4,3,67,S1,28.2,0,0,1800,1800,1,0,8000,100,6,0,19,2,T02_ENDMILL_6MM,120.25,0.0,0.0,3.0,X,3,0,0,0,0,2,0.0,Y,3,0,0,0,0,1,0.0,Z,3,0,100,0,0,2,0.0,C,3,0,45,0,0,2,0.0,A,3,0,90,0,0,2,0.0
79.0,O5678_JOB2,3,6.4,21.8,49.7,49611.0,N50 G00 X-20.0 Y-30.0,50,4,3,67,S1,28.2,0,0,1800,1800,1,0,8000,100,4,0,19,2,T02_ENDMILL_6MM,120.25,0.0,0.0,3.0,X,3,0,0,0,0,1,0.0,Y,3,0,0,0,0,0,0.0,Z,3,0,100,0,0,2,0.0,C,3,0,45,0,0,2,0.0,A,3,0,90,0,0,2,0.0
79.1,O5678_JOB2,3,6.5,21.8,49.8,49721.0,N50 G00 X-20.0 Y-30.0,50,4,3,67,S1,28.2,0,0,1800,1800,1,0,8000,100,6,0,19,2,T02_ENDMILL_6MM,120.25,0.0,0.0,3.0,X,3,0,0,0,0,1,0.0,Y,3,0,0,0,0,0,0.0,Z,3,0,100,0,0,1,0.0,C,3,0,45,0,0,1,0.0,A,3,0,90,0,0,0,0.0
79.2,O5678_JOB2,3,6.6,21.8,49.9,49814.0,N50 G00 X-20.0 Y-30.0,50,4,3,67,S1,28.2,0,0,1800,1800,1,0,8000,100,5,0,19,2,T02_ENDMILL_6MM,120.25,0.0,0.0,3.0,X,3,0,0,0,0,1,0.0,Y,3,0,0,0,0,1,0.0,Z,3,0,100,0,0,0,0.0,C,3,0,45,0,0,0,0.0,A,3,0,90,0,0,1,0.0
79.3,O5678_JOB2,3,6.7,21.8,50.0,49920.0,N50 G00 X-20.0 Y-30.0,50,4,3,67,S1,28.2,0,0,1800,1800,1,0,8000,100,6,0,19,2,T02_ENDMILL_6MM,120.25,0.0,0.0,3.0,X,3,0,0,0,0,0,0.0,Y,3,0,0,0,0,0,0.0,Z,3,0,100,0,0,1,0.0,C,3,0,45,0,0,0,0.0,A,3,0,90,0,0,2,0.0
79.4,O5678_JOB2,3,6.8,21.8,50.1,50029.0,N50 G00 X-20.0 Y-30.0,50,4,3,67,S1,28.2,0,0,1800,1800,1,0,8000,100,7,0,19,2,T02_ENDMILL_6MM,120.25,0.0,0.0,3.0,X,3,0,0,0,0,0,0.0,Y,3,0,0,0,0,1,0.0,Z,3,0,100,0,0,1,0.0,C,3,0,45,0,0,2,0.0,A,3,0,90,0,0,2,0.0
79.5,O5678_JOB2,3,6.9,21.8,50.2,50135.0,N50 G00 X-20.0 Y-30.0,50,4,3,67,S1,28.2,0,0,1800,1800,1,0,8000,100,6,0,19,2,T02_ENDMILL_6MM,120.25,0.0,0.0,3.0,X,3,0,0,0,0,1,0.0,Y,3,0,0,0,0,0,0.0,Z,3,0,100,0,0,0,0.0,C,3,0,45,0,0,1,0.0,A,3,0,90,0,0,2,0.0
79.6,O5678_JOB2,3,7.0,21.8,50.3,50232.0,N50 G00 X-20.0 Y-30.0,50,4,3,67,S1,28.2,0,0,1800,1800,1,0,8000,100,4,0,19,2,T02_ENDMILL_6MM,120.25,0.0,0.0,3.0,X,3,0,0,0,0,0,0.0,Y,3,0,0,0,0,0,0.0,Z,3,0,100,0,0,2,0.0,C,3,0,45,0,0,2,0.0,A,3,0,90,0,0,2,0.0
79.7,O5678_JOB2,3,7.1,21.8,50.4,50339.0,N60 G00 Z2.0,60,4,3,67,S1,28.2,0,0,1800,1800,1,0,8000,100,6,0,19,2,T02_ENDMILL_6MM,120.25,0.0,0.0,3.0,X,3,0,0,0,0,1,0.0,Y,3,0,0,0,0,2,0.0,Z,1,0,67,0,-70,45,20000.0,C,3,0,45,0,0,0,0.0,A,3,0,90,0,0,2,0.0
79.8,O5678_JOB2,3,7.2,21.8,50.5,50444.0,N60 G00 Z2.0,60,4,3,67,S1,28.2,0,0,1800,1800,1,0,8000,100,7,0,19,2,T02_ENDMILL_6MM,120.25,0.0,0.0,3.0,X,3,0,0,0,0,2,0.0,Y,3,0,0,0,0,0,0.0,Z,1,0,33,3,70,48,20000.0,C,3,0,45,0,0,1,0.0,A,3,0,90,0,0,2,0.0
79.9,O5678_JOB2,3,7.3,21.8,50.6,50547.0,N60 G00 Z2.0,60,4,3,67,S1,28.2,0,0,1800,1800,1,0,8000,100,6,0,19,2,T02_ENDMILL_6MM,120.25,0.0,0.0,3.0,X,3,0,0,0,0,1,0.0,Y,3,0,0,0,0,2,0.0,Z,1,0,2,3,70,43,18800.0,C,3,0,45,0,0,1,0.0,A,3,0,90,0,0,2,0.0
80.0,O5678_JOB2,3,7.4,21.8,50.7,50647.0,N60 G00 Z2.0,60,4,3,67,S1,28.2,0,0,1800,1800,1,0,8000,100,7,0,19,2,T02_ENDMILL_6MM,120.25,0.0,0.0,3.0,X,3,0,0,0,0,0,0.0,Y,3,0,0,0,0,1,0.0,Z,3,0,2,0,0,0,0.0,C,3,0,45,0,0,2,0.0,A,3,0,90,0,0,2,0.0
80.1,O5678_JOB2,3,7.5,21.8,50.8,50750.0,N60 G00 Z2.0,60,4,3,67,S1,28.2,0,0,1800,1800,1,0,8000,100,7,0,19,2,T02_ENDMILL_6MM,120.25,0.0,0.0,3.0,X,3,0,0,0,0,2,0.0,Y,3,0,0,0,0,2,0.0,Z,3,0,2,0,0,2,0.0,C,3,0,45,0,0,0,0.0,A,3,0,90,0,0,1,0.0
80.2,O5678_JOB2,3,7.6,21.8,50.9,50855.0,N60 G00 Z2.0,60,4,3,67,S1,28.2,0,0,1800,1800,1,0,8000,100,5,0,19,2,T02_ENDMILL_6MM,120.25,0.0,0.0,3.0,X,3,0,0,0,0,2,0.0,Y,3,0,0,0,0,1,0.0,Z,3,0,2,0,0,1,0.0,C,3,0,45,0,0,2,0.0,A,3,0,90,0,0,0,0.0
80.3,O5678_JOB2,3,7.7,21.8,51.0,50950.0,N60 G00 Z2.0,60,4,3,67,S1,28.2,0,0,1800,1800,1,0,8000,100,7,0,19,2,T02_ENDMILL_6MM,120.25,0.0,0.0,3.0,X,3,0,0,0,0,2,0.0,Y,3,0,0,0,0,2,0.0,Z,3,0,2,0,0,1,0.0,C,3,0,45,0,0,2,0.0,A,3,0,90,0,0,0,0.0
80.4,O5678_JOB2,3,7.8,21.8,51.1,51045.0,N60 G00 Z2.0,60,4,3,67,S1,28.2,0,0,1800,1800,1,0,8000,100,7,0,19,2,T02_ENDMILL_6MM,120.25,0.0,0.0,3.0,X,3,0,0,0,0,2,0.0,Y,3,0,0,0,0,1,0.0,Z,3,0,2,0,0,0,0.0,C,3,0,45,0,0,0,0.0,A,3,0,90,0,0,2,0.0
80.5,O5678_JOB2,3,7.9,21.8,51.2,51146.0,N60 G00 Z2.0,60,4,3,67,S1,28.2,0,0,1800,1800,1,0,8000,100,5,0,19,2,T02_ENDMILL_6MM,120.25,0.0,0.0,3.0,X,3,0,0,0,0,2,0.0,Y,3,0,0,0,0,0,0.0,Z,3,0,2,0,0,1,0.0,C,3,0,45,0,0,1,0.0,A,3,0,90,0,0,1,0.0
80.6,O5678_JOB2,3,8.0,21.8,51.3,51253.0,N60 G00 Z2.0,60,4,3,67,S1,28.2,0,0,1800,1800,1,0,8000,100,6,0,19,2,T02_ENDMILL_6MM,120.25,0.0,0.0,3.0,X,3,0,0,0,0,1,0.0,Y,3,0,0,0,0,0,0.0,Z,3,0,2,0,0,2,0.0,C,3,0,45,0,0,2,0.0,A,3,0,90,0,0,2,0.0
80.7,O5678_JOB2,3,8.1,21.8,51.4,51358.0,N60 G00 Z2.0,60,4,3,67,S1,28.2,0,0,1800,1800,1,0,8000,100,6,0,19,2,T02_ENDMILL_6MM,120.25,0.0,0.0,3.0,X,3,0,0,0,0,1,0.0,Y,3,0,0,0,0,0,0.0,Z,3,0,2,0,0,0,0.0,C,3,0,45,0,0,2,0.0,A,3,0,90,0,0,1,0.0
80.8,O5678_JOB2,3,8.2,21.9,51.5,51457.0,N70 G01 Z-5.0 F500,70,4,3,67,S1,28.2,0,0,1800,1800,1,0,8000,100,7,0,19,2,T02_ENDMILL_6MM,120.25,0.0,0.0,3.0,X,3,0,0,0,0,1,0.0,Y,3,0,0,0,0,0,0.0,Z,1,0,1,0,-70,42,500.0,C,3,0,45,0,0,2,0.0,A,3,0,90,0,0,1,0.0
80.9,O5678_JOB2,3,8.3,22.0,51.6,51558.0,N70 G01 Z-5.0 F500,70,4,3,67,S1,28.2,0,0,1800,1800,1,0,8000,100,25,0,19,2,T02_ENDMILL_6MM,120.25,0.0,0.0,3.0,X,3,0,0,0,0,1,0.0,Y,3,0,0,0,0,2,0.0,Z,1,0,0,3,70,48,500.0,C,3,0,45,0,0,2,0.0,A,3,0,90,0,0,0,0.0
81.0,O5678_JOB2,3,8.4,22.1,51.7,51667.0,N70 G01 Z-5.0 F500,70,4,3,67,S1,28.3,0,0,1800,1800,1,0,8000,100,36,0,19,2,T02_ENDMILL_6MM,120.25,0.0,0.0,3.0,X,3,0,0,0,0,0,0.0,Y,3,0,0,0,0,1,0.0,Z,1,0,0,3,70,45,500.0,C,3,0,45,0,0,0,0.0,A,3,0,90,0,0,0,0.0
81.1,O5678_JOB2,3,8.5,22.2,51.8,51772.0,N70 G01 Z-5.0 F500,70,4,3,67,S1,28.3,0,0,1800,1800,1,0,8000,100,32,0,19,2,T02_ENDMILL_6MM,120.25,0.0,0.0,3.0,X,3,0,0,0,0,0,0.0,Y,3,0,0,0,0,2,0.0,Z,1,0,0,3,70,46,500.0,C,3,0,45,0,0,0,0.0,A,3,0,90,0,0,2,0.0
81.2,O5678_JOB2,3,8.6,22.3,51.9,51869.0,N70 G01 Z-5.0 F500,70,4,3,67,S1,28.3,0,0,1800,1800,1,0,8000,100,35,0,19,2,T02_ENDMILL_6MM,120.25,0.0,0.0,3.0,X,3,0,0,0,0,1,0.0,Y,3,0,0,0,0,0,0.0,Z,1,0,0,3,70,47,500.0,C,3,0,45,0,0,0,0.0,A,3,0,90,0,0,2,0.0
81.3,O5678_JOB2,3,8.7,22.4,52.0,51975.0,N70 G01 Z-5.0 F500,70,4,3,67,S1,28.3,0,0,1800,1800,1,0,8000,100,36,0,19,2,T02_ENDMILL_6MM,120.25,0.0,0.0,3.0,X,3,0,0,0,0,2,0.0,Y,3,0,0,0,0,2,0.0,Z,1,0,0,3,70,45,500.0,C,3,0,45,0,0,2,0.0,A,3,0,90,0,0,0,0.0
81.4,O5678_JOB2,3,8.8,22.5,52.1,52082.0,N70 G01 Z-5.0 F500,70,4,3,67,S1,28.3,0,0,1800,1800,1,0,8000,100,34,0,19,2,T02_ENDMILL_6MM,120.25,0.0,0.0,3.0,X,3,0,0,0,0,0,0.0,Y,3,0,0,0,0,2,0.0,Z,1,0,0,3,70,40,500.0,C,3,0,45,0,0,0,0.0,A,3,0,90,0,0,0,0.0
81.5,O5678_JOB2,3,8.9,22.6,52.2,52188.0,N70 G01 Z-5.0 F500,70,4,3,67,S1,28.3,0,0,1800,1800,1,0,8000,100,28,0,19,2,T02_ENDMILL_6MM,120.25,0.0,0.0,3.0,X,3,0,0,0,0,0,0.0,Y,3,0,0,0,0,2,0.0,Z,1,0,0,3,70,43,500.0,C,3,0,45,0,0,2,0.0,A,3,0,90,0,0,1,0.0
81.6,O5678_JOB2,3,9.0,22.7,52.3,52287.0,N70 G01 Z-5.0 F500,70,4,3,67,S1,28.3,0,0,1800,1800,1,0,8000,100,30,0,19,2,T02_ENDMILL_6MM,120.25,0.0,0.0,3.0,X,3,0,0,0,0,2,0.0,Y,3,0,0,0,0,0,0.0,Z,1,0,0,3,70,51,200.0,C,3,0,45,0,0,0,0.0,A,3,0,90,0,0,1,0.0
81.7,O5678_JOB2,3,9.1,22.7,52.4,52381.0,N70 G01 Z-5.0 F500,70,4,3,67,S1,28.4,0,0,1800,1800,1,0,8000,100,38,0,19,2,T02_ENDMILL_6MM,120.25,0.0,0.0,3.0,X,3,0,0,0,0,0,0.0,Y,3,0,0,0,0,2,0.0,Z,3,0,0,0,0,2,0.0,C,3,0,45,0,0,1,0.0,A,3,0,90,0,0,2,0.0
81.8,O5678_JOB2,3,9.2,22.7,52.5,52483.0,N70 G01 Z-5.0 F500,70,4,3,67,S1,28.4,0,0,1800,1800,1,0,8000,100,5,0,19,2,T02_ENDMILL_6MM,120.25,0.0,0.0,3.0,X,3,0,0,0,0,2,0.0,Y,3,0,0,0,0,2,0.0,Z,3,0,0,0,0,1,0.0,C,3,0,45,0,0,1,0.0,A,3,0,90,0,0,1,0.0
81.9,O5678_JOB2,3,9.3,22.7,52.6,52574.0,N70 G01 Z-5.0 F500,70,4,3,67,S1,28.4,0,0,1800,1800,1,0,8000,100,5,0,19,2,T02_ENDMILL_6MM,120.25,0.0,0.0,3.0,X,3,0,0,0,0,1,0.0,Y,3,0,0,0,0,1,0.0,Z,3,0,0,0,0,2,0.0,C,3,0,45,0,0,1,0.0,A,3,0,90,0,0,0,0.0
82.0,O5678_JOB2,3,9.4,22.7,52.7,52679.0,N70 G01 Z-5.0 F500,70,4,3,67,S1,28.4,0,0,1800,1800,1,0,8000,100,7,0,19,2,T02_ENDMILL_6MM,120.25,0.0,0.0,3.0,X,3,0,0,0,0,1,0.0,Y,3,0,0,0,0,0,0.0,Z,3,0,0,0,0,1,0.0,C,3,0,45,0,0,0,0.0,A,3,0,90,0,0,0,0.0
82.1,O5678_JOB2,3,9.5,22.7,52.8,52782.0,N70 G01 Z-5.0 F500,70,4,3,67,S1,28.4,0,0,1800,1800,1,0,8000,100,6,0,19,2,T02_ENDMILL_6MM,120.25,0.0,0.0,3.0,X,3,0,0,0,0,0,0.0,Y,3,0,0,0,0,1,0.0,Z,3,0,0,0,0,1,0.0,C,3,0,45,0,0,2,0.0,A,3,0,90,0,0,1,0.0
82.2,O5678_JOB2,3,9.6,22.7,52.9,52887.0,N70 G01 Z-5.0 F500,70,4,3,67,S1,28.4,0,0,1800,1800,1,0,8000,100,7,0,19,2,T02_ENDMILL_6MM,120.25,0.0,0.0,3.0,X,3,0,0,0,0,2,0.0,Y,3,0,0,0,0,1,0.0,Z,3,0,0,0,0,2,0.0,C,3,0,45,0,0,0,0.0,A,3,0,90,0,0,1,0.0
82.3,O5678_JOB2,3,9.7,22.7,53.0,52988.0,N70 G01 Z-5.0 F500,70,4,3,67,S1,28.4,0,0,1800,1800,1,0,8000,100,6,0,19,2,T02_ENDMILL_6MM,120.25,0.0,0.0,3.0,X,3,0,0,0,0,0,0.0,Y,3,0,0,0,0,2,0.0,Z,3,0,0,0,0,2,0.0,C,3,0,45,0,0,2,0.0,A,3,0,90,0,0,2,0.0
82.4,O5678_JOB2,3,9.8,22.7,53.1,53081.0,N70 G01 Z-5.0 F500,70,4,3,67,S1,28.4,0,0,1800,1800,1,0,8000,100,7,0,19,2,T02_ENDMILL_6MM,120.25,0.0,0.0,3.0,X,3,0,0,0,0,0,0.0,Y,3,0,0,0,0,2,0.0,Z,3,0,0,0,0,2,0.0,C,3,0,45,0,0,2,0.0,A,3,0,90,0,0,0,0.0
82.5,O5678_JOB2,3,9.9,22.7,53.2,53173.0,N70 G01 Z-5.0 F500,70,4,3,67,S1,28.4,0,0,1800,1800,1,0,8000,100,8,0,19,2,T02_ENDMILL_6MM,120.25,0.0,0.0,3.0,X,3,0,0,0,0,2,0.0,Y,3,0,0,0,0,2,0.0,Z,3,0,0,0,0,1,0.0,C,3,0,45,0,0,1,0.0,A,3,0,90,0,0,0,0.0
82.6,O5678_JOB2,3,10.0,22.7,53.3,53270.0,N70 G01 Z-5.0 F500,70,4,3,67,S1,28.4,0,0,1800,1800,1,0,8000,100,4,0,19,2,T02_ENDMILL_6MM,120.25,0.0,0.0,3.0,X,3,0,0,0,0,0,0.0,Y,3,0,0,0,0,2,0.0,Z,3,0,0,0,0,0,0.0,C,3,0,45,0,0,1,0.0,A,3,0,90,0,0,1,0.0
82.7,O5678_JOB2,3,10.1,22.7,53.4,53370.0,N70 G01 Z-5.0 F500,70,4,3,67,S1,28.4,0,0,1800,1800,1,0,8000,100,7,0,19,2,T02_ENDMILL_6MM,120.25,0.0,0.0,3.0,X,3,0,0,0,0,2,0.0,Y,3,0,0,0,0,1,0.0,Z,3,0,0,0,0,1,0.0,C,3,0,45,0,0,1,0.0,A,3,0,90,0,0,1,0.0
82.8,O5678_JOB2,3,10.2,22.7,53.5,53463.0,N70 G01 Z-5.0 F500,70,4,3,67,S1,28.4,0,0,1800,1800,1,0,8000,100,4,0,19,2,T02_ENDMILL_6MM,120.25,0.0,0.0,3.0,X,3,0,0,0,0,2,0.0,Y,3,0,0,0,0,2,0.0,Z,3,0,0,0,0,2,0.0,C,3,0,45,0,0,2,0.0,A,3,0,90,0,0,1,0.0
82.9,O5678_JOB2,3,10.3,22.7,53.6,53557.0,N70 G01 Z-5.0 F500,70,4,3,67,S1,28.4,0,0,1800,1800,1,0,8000,100,4,0,19,2,T02_ENDMILL_6MM,120.25,0.0,0.0,3.0,X,3,0,0,0,0,0,0.0,Y,3,0,0,0,0,0,0.0,Z,3,0,0,0,0,0,0.0,C,3,0,45,0,0,1,0.0,A,3,0,90,0,0,1,0.0
83.0,O5678_JOB2,3,10.4,22.7,53.7,53666.0,N70 G01 Z-5.0 F500,70,4,3,67,S1,28.4,0,0,1800,1800,1,0,8000,100,7,0,19,2,T02_ENDMILL_6MM,120.25,0.0,0.0,3.0,X,3,0,0,0,0,1,0.0,Y,3,0,0,0,0,1,0.0,Z,3,0,0,0,0,2,0.0,C,3,0,45,0,0,0,0.0,A,3,0,90,0,0,1,0.0
83.1,O5678_JOB2,3,10.5,22.7,53.8,53765.0,N70 G01 Z-5.0 F500,70,4,3,67,S1,28.4,0,0,1800,1800,1,0,8000,100,7,0,19,2,T02_ENDMILL_6MM,120.25,0.0,0.0,3.0,X,3,0,0,0,0,2,0.0,Y,3,0,0,0,0,2,0.0,Z,3,0,0,0,0,2,0.0,C,3,0,45,0,0,0,0.0,A,3,0,90,0,0,1,0.0
83.2,O5678_JOB2,3,10.6,22.7,53.9,53855.0,N70 G01 Z-5.0 F500,70,4,3,67,S1,28.4,0,0,1800,1800,1,0,8000,100,7,0,19,2,T02_ENDMILL_6MM,120.25,0.0,0.0,3.0,X,3,0,0,0,0,1,0.0,Y,3,0,0,0,0,2,0.0,Z,3,0,0,0,0,1,0.0,C,3,0,45,0,0,2,0.0,A,3,0,90,0,0,0,0.0
83.3,O5678_JOB2,3,10.7,22.7,54.0,53963.0,N70 G01 Z-5.0 F500,70,4,3,67,S1,28.4,0,0,1800,1800,1,0,8000,100,7,0,19,2,T02_ENDMILL_6MM,120.25,0.0,0.0,3.0,X,3,0,0,0,0,0,0.0,Y,3,0,0,0,0,2,0.0,Z,3,0,0,0,0,1,0.0,C,3,0,45,0,0,1,0.0,A,3,0,90,0,0,0,0.0
83.4,O5678_JOB2,3,10.8,22.7,54.1,54064.0,N70 G01 Z-5.0 F500,70,4,3,67,S1,28.4,0,0,1800,1800,1,0,8000,100,4,0,19,2,T02_ENDMILL_6MM,120.25,0.0,0.0,3.0,X,3,0,0,0,0,1,0.0,Y,3,0,0,0,0,2,0.0,Z,3,0,0,0,0,2,0.0,C,3,0,45,0,0,2,0.0,A,3,0,90,0,0,0,0.0
83.5,O5678_JOB2,3,10.9,22.7,54.2,54163.0,N70 G01 Z-5.0 F500,70,4,3,67,S1,28.4,0,0,1800,1800,1,0,8000,100,7,0,19,2,T02_ENDMILL_6MM,120.25,0.0,0.0,3.0,X,3,0,0,0,0,0,0.0,Y,3,0,0,0,0,0,0.0,Z,3,0,0,0,0,0,0.0,C,3,0,45,0,0,0,0.0,A,3,0,90,0,0,2,0.0
83.6,O5678_JOB2,3,11.0,22.7,54.3,54255.0,N70 G01 Z-5.0 F500,70,4,3,67,S1,28.4,0,0,1800,1800,1,0,8000,100,6,0,19,2,T02_ENDMILL_6MM,120.25,0.0,0.0,3.0,X,3,0,0,0,0,1,0.0,Y,3,0,0,0,0,0,0.0,Z,3,0,0,0,0,1,0.0,C,3,0,45,0,0,0,0.0,A,3,0,90,0,0,1,0.0
83.7,O5678_JOB2,3,11.1,22.7,54.4,54361.0,N70 G01 Z-5.0 F500,70,4,3,67,S1,28.4,0,0,1800,1800,1,0,8000,100,4,0,19,2,T02_ENDMILL_6MM,120.25,0.0,0.0,3.0,X,3,0,0,0,0,0,0.0,Y,3,0,0,0,0,2,0.0,Z,3,0,0,0,0,0,0.0,C,3,0,45,0,0,0,0.0,A,3,0,90,0,0,0,0.0
83.8,O5678_JOB2,3,11.2,22.7,54.5,54453.0,N70 G01 Z-5.0 F500,70,4,3,67,S1,28.4,0,0,1800,1800,1,0,8000,100,6,0,19,2,T02_ENDMILL_6MM,120.25,0.0,0.0,3.0,X,3,0,0,0,0,0,0.0,Y,3,0,0,0,0,1,0.0,Z,3,0,0,0,0,2,0.0,C,3,0,45,0,0,1,0.0,A,3,0,90,0,0,2,0.0
83.9,O5678_JOB2,3,11.3,22.7,54.6,54556.0,N70 G01 Z-5.0 F500,70,4,3,67,S1,28.4,0,0,1800,1800,1,0,8000,100,6,0,19,2,T02_ENDMILL_6MM,120.25,0.0,0.0,3.0,X,3,0,0,0,0,2,0.0,Y,3,0,0,0,0,2,0.0,Z,3,0,0,0,0,0,0.0,C,3,0,45,0,0,1,0.0,A,3,0,90,0,0,1,0.0
84.0,O5678_JOB2,3,11.4,22.7,54.7,54649.0,N70 G01 Z-5.0 F500,70,4,3,67,S1,28.4,0,0,1800,1800,1,0,8000,100,7,0,19,2,T02_ENDMILL_6MM,120.25,0.0,0.0,3.0,X,3,0,0,0,0,2,0.0,Y,3,0,0,0,0,0,0.0,Z,3,0,0,0,0,1,0.0,C,3,0,45,0,0,0,0.0,A,3,0,90,0,0,0,0.0
84.1,O5678_JOB2,3,11.5,22.7,54.8,54752.0,N70 G01 Z-5.0 F500,70,4,3,67,S1,28.4,0,0,1800,1800,1,0,8000,100,4,0,19,2,T02_ENDMILL_6MM,120.25,0.0,0.0,3.0,X,3,0,0,0,0,1,0.0,Y,3,0,0,0,0,1,0.0,Z,3,0,0,0,0,1,0.0,C,3,0,45,0,0,0,0.0,A,3,0,90,0,0,2,0.0
84.2,O5678_JOB2,3,11.6,22.7,54.9,54856.0,N70 G01 Z-5.0 F500,70,4,3,67,S1,28.4,0,0,1800,1800,1,0,8000,100,4,0,19,2,T02_ENDMILL_6MM,120.25,0.0,0.0,3.0,X,3,0,0,0,0,0,0.0,Y,3,0,0,0,0,2,0.0,Z,3,0,0,0,0,1,0.0,C,3,0,45,0,0,2,0.0,A,3,0,90,0,0,0,0.0
84.3,O5678_JOB2,3,11.7,22.7,55.0,54962.0,N70 G01 Z-5.0 F500,70,4,3,67,S1,28.4,0,0,1800,1800,1,0,8000,100,4,0,19,2,T02_ENDMILL_6MM,120.25,0.0,0.0,3.0,X,3,0,0,0,0,0,0.0,Y,3,0,0,0,0,0,0.0,Z,3,0,0,0,0,2,0.0,C,3,0,45,0,0,2,0.0,A,3,0,90,0,0,0,0.0
84.4,O5678_JOB2,3,11.8,22.7,55.1,55069.0,N70 G01 Z-5.0 F500,70,4,3,67,S1,28.4,0,0,1800,1800,1,0,8000,100,6,0,19,2,T02_ENDMILL_6MM,120.25,0.0,0.0,3.0,X,3,0,0,0,0,2,0.0,Y,3,0,0,0,0,1,0.0,Z,3,0,0,0,0,1,0.0,C,3,0,45,0,0,0,0.0,A,3,0,90,0,0,2,0.0
84.5,O5678_JOB2,3,11.9,22.7,55.2,55159.0,N70 G01 Z-5.0 F500,70,4,3,67,S1,28.4,0,0,1800,1800,1,0,8000,100,4,0,19,2,T02_ENDMILL_6MM,120.25,0.0,0.0,3.0,X,3,0,0,0,0,2,0.0,Y,3,0,0,0,0,0,0.0,Z,3,0,0,0,0,1,0.0,C,3,0,45,0,0,1,0.0,A,3,0,90,0,0,2,0.0
84.6,O5678_JOB2,3,12.0,22.7,55.3,55255.0,N70 G01 Z-5.0 F500,70,4,3,67,S1,28.4,0,0,1800,1800,1,0,8000,100,5,0,19,2,T02_ENDMILL_6MM,120.25,0.0,0.0,3.0,X,3,0,0,0,0,2,0.0,Y,3,0,0,0,0,2,0.0,Z,3,0,0,0,0,0,0.0,C,3,0,45,0,0,0,0.0,A,3,0,90,0,0,1,0.0
84.7,O5678_JOB2,3,12.1,22.7,55.4,55357.0,N70 G01 Z-5.0 F500,70,4,3,67,S1,28.4,0,0,1800,1800,1,0,8000,100,7,0,19,2,T02_ENDMILL_6MM,120.25,0.0,0.0,3.0,X,3,0,0,0,0,2,0.0,Y,3,0,0,0,0,0,0.0,Z,3,0,0,0,0,1,0.0,C,3,0,45,0,0,2,0.0,A,3,0,90,0,0,2,0.0
84.8,O5678_JOB2,3,12.2,22.7,55.5,55455.0,N70 G01 Z-5.0 F500,70,4,3,67,S1,28.4,0,0,1800,1800,1,0,8000,100,7,0,19,2,T02_ENDMILL_6MM,120.25,0.0,0.0,3.0,X,3,0,0,0,0,1,0.0,Y,3,0,0,0,0,2,0.0,Z,3,0,0,0,0,1,0.0,C,3,0,45,0,0,0,0.0,A,3,0,90,0,0,2,0.0
84.9,O5678_JOB2,3,12.3,22.7,55.6,55552.0,N70 G01 Z-5.0 F500,70,4,3,67,S1,28.4,0,0,1800,1800,1,0,8000,100,6,0,19,2,T02_ENDMILL_6MM,120.25,0.0,0.0,3.0,X,3,0,0,0,0,0,0.0,Y,3,0,0,0,0,2,0.0,Z,3,0,0,0,0,0,0.0,C,3,0,45,0,0,2,0.0,A,3,0,90,0,0,1,0.0
85.0,O5678_JOB2,3,12.4,22.7,55.7,55643.0,N70 G01 Z-5.0 F500,70,4,3,67,S1,28.4,0,0,1800,1800,1,0,8000,100,4,0,19,2,T02_ENDMILL_6MM,120.25,0.0,0.0,3.0,X,3,0,0,0,0,1,0.0,Y,3,0,0,0,0,0,0.0,Z,3,0,0,0,0,2,0.0,C,3,0,45,0,0,0,0.0,A,3,0,90,0,0,0,0.0
85.1,O5678_JOB2,3,12.5,22.7,55.8,55748.0,N70 G01 Z-5.0 F500,70,4,3,67,S1,28.4,0,0,1800,1800,1,0,8000,100,6,0,19,2,T02_ENDMILL_6MM,120.25,0.0,0.0,3.0,X,3,0,0,0,0,0,0.0,Y,3,0,0,0,0,1,0.0,Z,3,0,0,0,0,2,0.0,C,3,0,45,0,0,2,0.0,A,3,0,90,0,0,2,0.0
85.2,O5678_JOB2,3,12.6,22.7,55.9,55841.0,N70 G01 Z-5.0 F500,70,4,3,67,S1,28.4,0,0,1800,1800,1,0,8000,100,5,0,19,2,T02_ENDMILL_6MM,120.25,0.0,0.0,3.0,X,3,0,0,0,0,0,0.0,Y,3,0,0,0,0,2,0.0,Z,3,0,0,0,0,0,0.0,C,3,0,45,0,0,1,0.0,A,3,0,90,0,0,1,0.0
85.3,O5678_JOB2,3,12.7,22.7,56.0,55939.0,N70 G01 Z-5.0 F500,70,4,3,67,S1,28.4,0,0,1800,1800,1,0,8000,100,5,0,19,2,T02_ENDMILL_6MM,120.25,0.0,0.0,3.0,X,3,0,0,0,0,2,0.0,Y,3,0,0,0,0,0,0.0,Z,3,0,0,0,0,2,0.0,C,3,0,45,0,0,2,0.0,A,3,0,90,0,0,0,0.0
85.4,O5678_JOB2,3,12.8,22.7,56.1,56035.0,N70 G01 Z-5.0 F500,70,4,3,67,S1,28.4,0,0,1800,1800,1,0,8000,100,6,0,19,2,T02_ENDMILL_6MM,120.25,0.0,0.0,3.0,X,3,0,0,0,0,2,0.0,Y,3,0,0,0,0,2,0.0,Z,3,0,0,0,0,1,0.0,C,3,0,45,0,0,1,0.0,A,3,0,90,0,0,2,0.0
85.5,O5678_JOB2,3,12.9,22.7,56.2,56145.0,N70 G01 Z-5.0 F500,70,4,3,67,S1,28.4,0,0,1800,1800,1,0,8000,100,4,0,19,2,T02_ENDMILL_6MM,120.25,0.0,0.0,3.0,X,3,0,0,0,0,1,0.0,Y,3,0,0,0,0,0,0.0,Z,3,0,0,0,0,1,0.0,C,3,0,45,0,0,0,0.0,A,3,0,90,0,0,1,0.0
85.6,O5678_JOB2,3,13.0,22.7,56.3,56245.0,N70 G01 Z-5.0 F500,70,4,3,67,S1,28.4,0,0,1800,1800,1,0,8000,100,7,0,19,2,T02_ENDMILL_6MM,120.25,0.0,0.0,3.0,X,3,0,0,0,0,2,0.0,Y,3,0,0,0,0,0,0.0,Z,3,0,0,0,0,0,0.0,C,3,0,45,0,0,1,0.0,A,3,0,90,0,0,2,0.0
85.7,O5678_JOB2,3,13.1,22.7,56.4,56347.0,N70 G01 Z-5.0 F500,70,4,3,67,S1,28.4,0,0,1800,1800,1,0,8000,100,7,0,19,2,T02_ENDMILL_6MM,120.25,0.0,0.0,3.0,X,3,0,0,0,0,2,0.0,Y,3,0,0,0,0,0,0.0,Z,3,0,0,0,0,2,0.0,C,3,0,45,0,0,0,0.0,A,3,0,90,0,0,2,0.0
85.8,O5678_JOB2,3,13.2,22.7,56.5,56455.0,N70 G01 Z-5.0 F500,70,4,3,67,S1,28.4,0,0,1800,1800,1,0,8000,100,4,0,19,2,T02_ENDMILL_6MM,120.25,0.0,0.0,3.0,X,3,0,0,0,0,1,0.0,Y,3,0,0,0,0,1,0.0,Z,3,0,0,0,0,1,0.0,C,3,0,45,0,0,0,0.0,A,3,0,90,0,0,0,0.0
85.9,O5678_JOB2,3,13.3,22.7,56.6,56549.0,N70 G01 Z-5.0 F500,70,4,3,67,S1,28.4,0,0,1800,1800,1,0,8000,100,7,0,19,2,T02_ENDMILL_6MM,120.25,0.0,0.0,3.0,X,3,0,0,0,0,2,0.0,Y,3,0,0,0,0,0,0.0,Z,3,0,0,0,0,0,0.0,C,3,0,45,0,0,2,0.0,A,3,0,90,0,0,1,0.0
86.0,O5678_JOB2,3,13.4,22.7,56.7,56642.0,N70 G01 Z-5.0 F500,70,4,3,67,S1,28.4,0,0,1800,1800,1,0,8000,100,4,0,19,2,T02_ENDMILL_6MM,120.25,0.0,0.0,3.0,X,3,0,0,0,0,2,0.0,Y,3,0,0,0,0,0,0.0,Z,3,0,0,0,0,2,0.0,C,3,0,45,0,0,1,0.0,A,3,0,90,0,0,2,0.0
86.1,O5678_JOB2,3,13.5,22.7,56.8,56750.0,N70 G01 Z-5.0 F500,70,4,3,67,S1,28.4,0,0,1800,1800,1,0,8000,100,7,0,19,2,T02_ENDMILL_6MM,120.25,0.0,0.0,3.0,X,3,0,0,0,0,0,0.0,Y,3,0,0,0,0,1,0.0,Z,3,0,0,0,0,2,0.0,C,3,0,45,0,0,1,0.0,A,3,0,90,0,0,1,0.0
86.2,O5678_JOB2,3,13.6,22.7,56.9,56860.0,N70 G01 Z-5.0 F500,70,4,3,67,S1,28.4,0,0,1800,1800,1,0,8000,100,5,0,19,2,T02_ENDMILL_6MM,120.25,0.0,0.0,3.0,X,3,0,0,0,0,0,0.0,Y,3,0,0,0,0,1,0.0,Z,3,0,0,0,0,2,0.0,C,3,0,45,0,0,2,0.0,A,3,0,90,0,0,1,0.0
86.3,O5678_JOB2,3,13.7,22.7,57.0,56969.0,N70 G01 Z-5.0 F500,70,4,3,67,S1,28.4,0,0,1800,1800,1,0,8000,100,7,0,19,2,T02_ENDMILL_6MM,120.25,0.0,0.0,3.0,X,3,0,0,0,0,1,0.0,Y,3,0,0,0,0,2,0.0,Z,3,0,0,0,0,2,0.0,C,3,0,45,0,0,2,0.0,A,3,0,90,0,0,1,0.0
86.4,O5678_JOB2,3,13.8,22.7,57.1,57068.0,N70 G01 Z-5.0 F500,70,4,3,67,S1,28.4,0,0,1800,1800,1,0,8000,100,4,0,19,2,T02_ENDMILL_6MM,120.25,0.0,0.0,3.0,X,3,0,0,0,0,0,0.0,Y,3,0,0,0,0,0,0.0,Z,3,0,0,0,0,0,0.0,C,3,0,45,0,0,0,0.0,A,3,0,90,0,0,0,0.0
86.5,O5678_JOB2,3,13.9,22.7,57.2,57163.0,N70 G01 Z-5.0 F500,70,4,3,67,S1,28.4,0,0,1800,1800,1,0,8000,100,7,0,19,2,T02_ENDMILL_6MM,120.25,0.0,0.0,3.0,X,3,0,0,0,0,1,0.0,Y,3,0,0,0,0,2,0.0,Z,3,0,0,0,0,1,0.0,C,3,0,45,0,0,2,0.0,A,3,0,90,0,0,0,0.0
86.6,O5678_JOB2,3,14.0,22.7,57.3,57270.0,N70 G01 Z-5.0 F500,70,4,3,67,S1,28.4,0,0,1800,1800,1,0,8000,100,5,0,19,2,T02_ENDMILL_6MM,120.25,0.0,0.0,3.0,X,3,0,0,0,0,1,0.0,Y,3,0,0,0,0,1,0.0,Z,3,0,0,0,0,1,0.0,C,3,0,45,0,0,0,0.0,A,3,0,90,0,0,1,0.0
86.7,O5678_JOB2,3,14.1,22.7,57.4,57367.0,N70 G01 Z-5.0 F500,70,4,3,67,S1,28.4,0,0,1800,1800,1,0,8000,100,7,0,19,2,T02_ENDMILL_6MM,120.25,0.0,0.0,3.0,X,3,0,0,0,0,1,0.0,Y,3,0,0,0,0,1,0.0,Z,3,0,0,0,0,2,0.0,C,3,0,45,0,0,2,0.0,A,3,0,90,0,0,2,0.0
86.8,O5678_JOB2,3,14.2,22.7,57.5,57467.0,N70 G01 Z-5.0 F500,70,4,3,67,S1,28.4,0,0,1800,1800,1,0,8000,100,6,0,19,2,T02_ENDMILL_6MM,120.25,0.0,0.0,3.0,X,3,0,0,0,0,0,0.0,Y,3,0,0,0,0,2,0.0,Z,3,0,0,0,0,2,0.0,C,3,0,45,0,0,1,0.0,A,3,0,90,0,0,1,0.0
86.9,O5678_JOB2,3,14.3,22.8,57.6,57562.0,N80 G01 X20.0 Y30.0 F400,80,4,3,67,S1,28.4,0,0,1800,1800,1,0,8000,100,6,0,19,2,T02_ENDMILL_6MM,120.25,0.0,0.0,3.0,X,0,40,0,4,70,44,400.0,Y,0,60,0,4,70,43,400.0,Z,3,0,0,0,0,0,0.0,C,3,0,45,0,0,2,0.0,A,3,0,90,0,0,2,0.0
87.0,O5678_JOB2,3,14.4,22.9,57.7,57658.0,N80 G01 X20.0 Y30.0 F400,80,4,3,67,S1,28.4,0,0,1800,1800,1,0,8000,100,33,0,19,2,T02_ENDMILL_6MM,120.25,0.0,0.0,3.0,X,0,39,0,0,0,23,400.0,Y,0,59,0,0,0,23,400.0,Z,3,0,0,0,0,0,0.0,C,3,0,45,0,0,2,0.0,A,3,0,90,0,0,1,0.0
87.1,O5678_JOB2,3,14.5,23.0,57.8,57766.0,N80 G01 X20.0 Y30.0 F400,80,4,3,67,S1,28.4,0,0,1800,1800,1,0,8000,100,27,0,19,2,T02_ENDMILL_6MM,120.25,0.0,0.0,3.0,X,0,39,0,0,0,23,400.0,Y,0,59,0,0,0,27,400.0,Z,3,0,0,0,0,2,0.0,C,3,0,45,0,0,2,0.0,A,3,0,90,0,0,0,0.0
87.2,O5678_JOB2,3,14.6,23.1,57.9,57866.0,N80 G01 X20.0 Y30.0 F400,80,4,3,67,S1,28.5,0,0,1800,1800,1,0,8000,100,41,0,19,2,T02_ENDMILL_6MM,120.25,0.0,0.0,3.0,X,0,38,0,0,0,29,400.0,Y,0,58,0,0,0,29,400.0,Z,3,0,0,0,0,1,0.0,C,3,0,45,0,0,0,0.0,A,3,0,90,0,0,0,0.0
87.3,O5678_JOB2,3,14.7,23.2,58.0,57970.0,N80 G01 X20.0 Y30.0 F400,80,4,3,67,S1,28.5,0,0,1800,1800,1,0,8000,100,32,0,19,2,T02_ENDMILL_6MM,120.25,0.0,0.0,3.0,X,0,37,0,0,0,21,400.0,Y,0,57,0,0,0,24,400.0,Z,3,0,0,0,0,0,0.0,C,3,0,45,0,0,1,0.0,A,3,0,90,0,0,0,0.0
87.4,O5678_JOB2,3,14.8,23.3,58.1,58073.0,N80 G01 X20.0 Y30.0 F400,80,4,3,67,S1,28.5,0,0,1800,1800,1,0,8000,100,30,0,19,2,T02_ENDMILL_6MM,120.25,0.0,0.0,3.0,X,0,37,0,0,0,20,400.0,Y,0,57,0,0,0,29,400.0,Z,3,0,0,0,0,2,0.0,C,3,0,45,0,0,1,0.0,A,3,0,90,0,0,1,0.0
87.5,O5678_JOB2,3,14.9,23.4,58.2,58178.0,N80 G01 X20.0 Y30.0 F400,80,4,3,67,S1,28.5,0,0,1800,1800,1,0,8000,100,33,0,19,2,T02_ENDMILL_6MM,120.25,0.0,0.0,3.0,X,0,36,0,0,0,30,400.0,Y,0,56,0,0,0,24,400.0,Z,3,0,0,0,0,0,0.0,C,3,0,45,0,0,2,0.0,A,3,0,90,0,0,2,0.0
87.6,O5678_JOB2,3,15.0,23.5,58.3,58286.0,N80 G01 X20.0 Y30.0 F400,80,4,3,67,S1,28.5,0,0,1800,1800,1,0,8000,100,33,0,19,2,T02_ENDMILL_6MM,120.25,0.0,0.0,3.0,X,0,35,0,0,0,30,400.0,Y,0,55,0,0,0,19,400.0,Z,3,0,0,0,0,0,0.0,C,3,0,45,0,0,2,0.0,A,3,0,90,0,0,0,0.0
87.7,O5678_JOB2,3,15.1,23.6,58.4,58386.0,N80 G01 X20.0 Y30.0 F400,80,4,3,67,S1,28.5,0,0,1800,1800,1,0,8000,100,39,0,19,2,T02_ENDMILL_6MM,120.25,0.0,0.0,3.0,X,0,35,0,0,0,32,400.0,Y,0,55,0,0,0,20,400.0,Z,3,0,0,0,0,2,0.0,C,3,0,45,0,0,0,0.0,A,3,0,90,0,0,0,0.0
87.8,O5678_JOB2,3,15.2,23.7,58.5,58482.0,N80 G01 X20.0 Y30.0 F400,80,4,3,67,S1,28.5,0,0,1800,1800,1,0,8000,100,27,0,19,2,T02_ENDMILL_6MM,120.25,0.0,0.0,3.0,X,0,34,0,0,0,28,400.0,Y,0,54,0,0,0,18,400.0,Z,3,0,0,0,0,2,0.0,C,3,0,45,0,0,1,0.0,A,3,0,90,0,0,2,0.0
87.9,O5678_JOB2,3,15.3,23.8,58.6,58580.0,N80 G01 X20.0 Y30.0 F400,80,4,3,67,S1,28.6,0,0,1800,1800,1,0,8000,100,27,0,19,2,T02_ENDMILL_6MM,120.25,0.0,0.0,3.0,X,0,33,0,0,0,28,400.0,Y,0,53,0,0,0,25,400.0,Z,3,0,0,0,0,1,0.0,C,3,0,45,0,0,0,0.0,A,3,0,90,0,0,1,0.0
88.0,O5678_JOB2,3,15.4,23.9,58.7,58680.0,N80 G01 X20.0 Y30.0 F400,80,4,3,67,S1,28.6,0,0,1800,1800,1,0,8000,100,39,0,19,2,T02_ENDMILL_6MM,120.25,0.0,0.0,3.0,X,0,33,0,0,0,22,400.0,Y,0,53,0,0,0,33,400.0,Z,3,0,0,0,0,0,0.0,C,3,0,45,0,0,2,0.0,A,3,0,90,0,0,1,0.0
88.1,O5678_JOB2,3,15.5,24.0,58.8,58772.0,N80 G01 X20.0 Y30.0 F400,80,4,3,67,S1,28.6,0,0,1800,1800,1,0,8000,100,39,0,19,2,T02_ENDMILL_6MM,120.25,0.0,0.0,3.0,X,0,32,0,0,0,31,400.0,Y,0,52,0,0,0,27,400.0,Z,3,0,0,0,0,0,0.0,C,3,0,45,0,0,2,0.0,A,3,0,90,0,0,2,0.0
88.2,O5678_JOB2,3,15.6,24.1,58.9,58868.0,N80 G01 X20.0 Y30.0 F400,80,4,3,67,S1,28.6,0,0,1800,1800,1,0,8000,100,38,0,19,2,T02_ENDMILL_6MM,120.25,0.0,0.0,3.0,X,0,31,0,0,0,27,400.0,Y,0,51,0,0,0,27,400.0,Z,3,0,0,0,0,1,0.0,C,3,0,45,0,0,2,0.0,A,3,0,90,0,0,0,0.0
88.3,O5678_JOB2,3,15.7,24.2,59.0,58969.0,N80 G01 X20.0 Y30.0 F400,80,4,3,67,S1,28.6,0,0,1800,1800,1,0,8000,100,34,0,19,2,T02_ENDMILL_6MM,120.25,0.0,0.0,3.0,X,0,31,0,0,0,28,400.0,Y,0,51,0,0,0,20,400.0,Z,3,0,0,0,0,1,0.0,C,3,0,45,0,0,1,0.0,A,3,0,90,0,0,1,0.0
88.4,O5678_JOB2,3,15.8,24.3,59.1,59072.0,N80 G01 X20.0 Y30.0 F400,80,4,3,67,S1,28.6,0,0,1800,1800,1,0,8000,100,28,0,19,2,T02_ENDMILL_6MM,120.25,0.0,0.0,3.0,X,0,30,0,0,0,24,400.0,Y,0,50,0,0,0,27,400.0,Z,3,0,0,0,0,0,0.0,C,3,0,45,0,0,1,0.0,A,3,0,90,0,0,1,0.0
88.5,O5678_JOB2,3,15.9,24.4,59.2,59181.0,N80 G01 X20.0 Y30.0 F400,80,4,3,67,S1,28.7,0,0,1800,1800,1,0,8000,100,39,0,19,2,T02_ENDMILL_6MM,120.25,0.0,0.0,3.0,X,0,29,0,0,0,28,400.0,Y,0,49,0,0,0,28,400.0,Z,3,0,0,0,0,0,0.0,C,3,0,45,0,0,0,0.0,A,3,0,90,0,0,0,0.0
88.6,O5678_JOB2,3,16.0,24.5,59.3,59274.0,N80 G01 X20.0 Y30.0 F400,80,4,3,67,S1,28.7,0,0,1800,1800,1,0,8000,100,26,0,19,2,T02_ENDMILL_6MM,120.25,0.0,0.0,3.0,X,0,29,0,0,0,18,400.0,Y,0,49,0,0,0,32,400.0,Z,3,0,0,0,0,0,0.0,C,3,0,45,0,0,1,0.0,A,3,0,90,0,0,1,0.0
88.7,O5678_JOB2,3,16.1,24.6,59.4,59365.0,N80 G01 X20.0 Y30.0 F400,80,4,3,67,S1,28.7,0,0,1800,1800,1,0,8000,100,25,0,19,2,T02_ENDMILL_6MM,120.25,0.0,0.0,3.0,X,0,28,0,0,0,28,400.0,Y,0,48,0,0,0,22,400.0,Z,3,0,0,0,0,2,0.0,C,3,0,45,0,0,0,0.0,A,3,0,90,0,0,2,0.0
88.8,O5678_JOB2,3,16.2,24.7,59.5,59467.0,N80 G01 X20.0 Y30.0 F400,80,4,3,67,S1,28.7,0,0,1800,1800,1,0,8000,100,34,0,19,2,T02_ENDMILL_6MM,120.25,0.0,0.0,3.0,X,0,27,0,0,0,22,400.0,Y,0,47,0,0,0,28,400.0,Z,3,0,0,0,0,1,0.0,C,3,0,45,0,0,1,0.0,A,3,0,90,0,0,1,0.0
88.9,O5678_JOB2,3,16.3,24.8,59.6,59568.0,N80 G01 X20.0 Y30.0 F400,80,4,3,67,S1,28.7,0,0,1800,1800,1,0,8000,100,30,0,19,2,T02_ENDMILL_6MM,120.25,0.0,0.0,3.0,X,0,27,0,0,0,31,400.0,Y,0,47,0,0,0,23,400.0,Z,3,0,0,0,0,0,0.0,C,3,0,45,0,0,2,0.0,A,3,0,90,0,0,1,0.0
89.0,O5678_JOB2,3,16.4,24.9,59.7,59662.0,N80 G01 X20.0 Y30.0 F400,80,4,3,67,S1,28.7,0,0,1800,1800,1,0,8000,100,32,0,19,2,T02_ENDMILL_6MM,120.25,0.0,0.0,3.0,X,0,26,0,0,0,25,400.0,Y,0,46,0,0,0,25,400.0,Z,3,0,0,0,0,0,0.0,C,3,0,45,0,0,0,0.0,A,3,0,90,0,0,2,0.0
89.1,O5678_JOB2,3,16.5,25.0,59.8,59759.0,N80 G01 X20.0 Y30.0 F400,80,4,3,67,S1,28.7,0,0,1800,1800,1,0,8000,100,29,0,19,2,T02_ENDMILL_6MM,120.25,0.0,0.0,3.0,X,0,25,0,0,0,25,400.0,Y,0,45,0,0,0,22,400.0,Z,3,0,0,0,0,1,0.0,C,3,0,45,0,0,0,0.0,A,3,0,90,0,0,2,0.0
89.2,O5678_JOB2,3,16.6,25.1,59.9,59861.0,N80 G01 X20.0 Y30.0 F400,80,4,3,67,S1,28.7,0,0,1800,1800,1,0,8000,100,37,0,19,2,T02_ENDMILL_6MM,120.25,0.0,0.0,3.0,X,0,25,0,0,0,24,400.0,Y,0,45,0,0,0,24,400.0,Z,3,0,0,0,0,2,0.0,C,3,0,45,0,0,1,0.0,A,3,0,90,0,0,1,0.0
89.3,O5678_JOB2,3,16.7,25.2,60.0,59965.0,N80 G01 X20.0 Y30.0 F400,80,4,3,67,S1,28.8,0,0,1800,1800,1,0,8000,100,39,0,19,2,T02_ENDMILL_6MM,120.25,0.0,0.0,3.0,X,0,24,0,0,0,23,400.0,Y,0,44,0,0,0,32,400.0,Z,3,0,0,0,0,2,0.0,C,3,0,45,0,0,1,0.0,A,3,0,90,0,0,1,0.0
89.4,O5678_JOB2,3,16.8,25.3,60.1,60074.0,N80 G01 X20.0 Y30.0 F400,80,4,3,67,S1,28.8,0,0,1800,1800,1,0,8000,100,27,0,19,2,T02_ENDMILL_6MM,120.25,0.0,0.0,3.0,X,0,23,0,0,0,33,400.0,Y,0,43,0,0,0,22,400.0,Z,3,0,0,0,0,1,0.0,C,3,0,45,0,0,2,0.0,A,3,0,90,0,0,0,0.0
89.5,O5678_JOB2,3,16.9,25.4,60.2,60173.0,N80 G01 X20.0 Y30.0 F400,80,4,3,67,S1,28.8,0,0,1800,1800,1,0,8000,100,34,0,19,2,T02_ENDMILL_6MM,120.25,0.0,0.0,3.0,X,0,23,0,0,0,27,400.0,Y,0,43,0,0,0,28,400.0,Z,3,0,0,0,0,1,0.0,C,3,0,45,0,0,1,0.0,A,3,0,90,0,0,0,0.0
89.6,O5678_JOB2,3,17.0,25.5,60.3,60275.0,N80 G01 X20.0 Y30.0 F400,80,4,3,67,S1,28.8,0,0,1800,1800,1,0,8000,100,27,0,19,2,T02_ENDMILL_6MM,120.25,0.0,0.0,3.0,X,0,22,0,0,0,20,400.0,Y,0,42,0,0,0,20,400.0,Z,3,0,0,0,0,1,0.0,C,3,0,45,0,0,2,0.0,A,3,0,90,0,0,0,0.0
89.7,O5678_JOB2,3,17.1,25.6,60.4,60377.0,N80 G01 X20.0 Y30.0 F400,80,4,3,67,S1,28.8,0,0,1800,1800,1,0,8000,100,34,0,19,2,T02_ENDMILL_6MM,120.25,0.0,0.0,3.0,X,0,21,0,0,0,26,400.0,Y,0,41,0,0,0,27,400.0,Z,3,0,0,0,0,2,0.0,C,3,0,45,0,0,0,0.0,A,3,0,90,0,0,1,0.0
89.8,O5678_JOB2,3,17.2,25.7,60.5,60479.0,N80 G01 X20.0 Y30.0 F400,80,4,3,67,S1,28.8,0,0,1800,1800,1,0,8000,100,42,0,19,2,T02_ENDMILL_6MM,120.25,0.0,0.0,3.0,X,0,21,0,0,0,30,400.0,Y,0,41,0,0,0,32,400.0,Z,3,0,0,0,0,1,0.0,C,3,0,45,0,0,0,0.0,A,3,0,90,0,0,2,0.0
89.9,O5678_JOB2,3,17.3,25.8,60.6,60587.0,N80 G01 X20.0 Y30.0 F400,80,4,3,67,S1,28.9,0,0,1800,1800,1,0,8000,100,39,0,19,2,T02_ENDMILL_6MM,120.25,0.0,0.0,3.0,X,0,20,1,0,0,24,400.0,Y,0,40,0,0,0,23,400.0,Z,3,0,0,0,0,1,0.0,C,3,0,45,0,0,2,0.0,A,3,0,90,0,0,1,0.0
90.0,O5678_JOB2,3,17.4,25.9,60.7,60686.0,N80 G01 X20.0 Y30.0 F400,80,4,3,67,S1,28.9,0,0,1800,1800,1,0,8000,100,37,0,19,2,T02_ENDMILL_6MM,120.25,0.0,0.0,3.0,X,0,19,1,0,0,25,400.0,Y,0,39,0,0,0,25,400.0,Z,3,0,0,0,0,0,0.0,C,3,0,45,0,0,1,0.0,A,3,0,90,0,0,0,0.0
90.1,O5678_JOB2,3,17.5,26.0,60.8,60780.0,N80 G01 X20.0 Y30.0 F400,80,4,3,67,S1,28.9,0,0,1800,1800,1,0,8000,100,38,0,19,2,T02_ENDMILL_6MM,120.25,0.0,0.0,3.0,X,0,19,2,0,0,28,400.0,Y,0,39,0,0,0,19,400.0,Z,3,0,0,0,0,0,0.0,C,3,0,45,0,0,2,0.0,A,3,0,90,0,0,0,0.0
90.2,O5678_JOB2,3,17.6,26.1,60.9,60872.0,N80 G01 X20.0 Y30.0 F400,80,4,3,67,S1,28.9,0,0,1800,1800,1,0,8000,100,37,0,19,2,T02_ENDMILL_6MM,120.25,0.0,0.0,3.0,X,0,18,3,0,0,23,400.0,Y,0,38,0,0,0,25,400.0,Z,3,0,0,0,0,1,0.0,C,3,0,45,0,0,1,0.0,A,3,0,90,0,0,0,0.0
90.3,O5678_JOB2,3,17.7,26.2,61.0,60972.0,N80 G01 X20.0 Y30.0 F400,80,4,3,67,S1,28.9,0,0,1800,1800,1,0,8000,100,31,0,19,2,T02_ENDMILL_6MM,120.25,0.0,0.0,3.0,X,0,17,3,0,0,22,400.0,Y,0,37,0,0,0,32,400.0,Z,3,0,0,0,0,2,0.0,C,3,0,45,0,0,2,0.0,A,3,0,90,0,0,1,0.0
90.4,O5678_JOB2,3,17.8,26.3,61.1,61067.0,N80 G01 X20.0 Y30.0 F400,80,4,3,67,S1,28.9,0,0,1800,1800,1,0,8000,100,30,0,19,2,T02_ENDMILL_6MM,120.25,0.0,0.0,3.0,X,0,17,4,0,0,29,400.0,Y,0,37,0,0,0,20,400.0,Z,3,0,0,0,0,0,0.0,C,3,0,45,0,0,0,0.0,A,3,0,90,0,0,1,0.0
90.5,O5678_JOB2,3,17.9,26.4,61.2,61170.0,N80 G01 X20.0 Y30.0 F400,80,4,3,67,S1,28.9,0,0,1800,1800,1,0,8000,100,40,0,19,2,T02_ENDMILL_6MM,120.25,0.0,0.0,3.0,X,0,16,5,0,0,32,400.0,Y,0,36,0,0,0,20,400.0,Z,3,0,0,0,0,1,0.0,C,3,0,45,0,0,2,0.0,A,3,0,90,0,0,0,0.0
90.6,O5678_JOB2,3,18.0,26.5,61.3,61276.0,N80 G01 X20.0 Y30.0 F400,80,4,3,67,S1,29.0,0,0,1800,1800,1,0,8000,100,36,0,19,2,T02_ENDMILL_6MM,120.25,0.0,0.0,3.0,X,0,15,5,0,0,33,400.0,Y,0,35,0,0,0,35,400.0,Z,3,0,0,0,0,2,0.0,C,3,0,45,0,0,1,0.0,A,3,0,90,0,0,1,0.0
90.7,O5678_JOB2,3,18.1,26.6,61.4,61381.0,N80 G01 X20.0 Y30.0 F400,80,4,3,67,S1,29.0,0,0,1800,1800,1,0,8000,100,37,0,19,2,T02_ENDMILL_6MM,120.25,0.0,0.0,3.0,X,0,15,6,0,0,28,400.0,Y,0,35,0,0,0,30,400.0,Z,3,0,0,0,0,2,0.0,C,3,0,45,0,0,0,0.0,A,3,0,90,0,0,0,0.0
90.8,O5678_JOB2,3,18.2,26.7,61.5,61472.0,N80 G01 X20.0 Y30.0 F400,80,4,3,67,S1,29.0,0,0,1800,1800,1,0,8000,100,30,0,19,2,T02_ENDMILL_6MM,120.25,0.0,0.0,3.0,X,0,14,7,0,0,26,400.0,Y,0,34,0,0,0,29,400.0,Z,3,0,0,0,0,2,0.0,C,3,0,45,0,0,2,0.0,A,3,0,90,0,0,0,0.0
90.9,O5678_JOB2,3,18.3,26.8,61.6,61576.0,N80 G01 X20.0 Y30.0 F400,80,4,3,67,S1,29.0,0,0,1800,1800,1,0,8000,100,26,0,19,2,T02_ENDMILL_6MM,120.25,0.0,0.0,3.0,X,0,13,7,0,0,28,400.0,Y,0,33,0,0,0,25,400.0,Z,3,0,0,0,0,2,0.0,C,3,0,45,0,0,1,0.0,A,3,0,90,0,0,0,0.0
91.0,O5678_JOB2,3,18.4,26.9,61.7,61666.0,N80 G01 X20.0 Y30.0 F400,80,4,3,67,S1,29.0,0,0,1800,1800,1,0,8000,100,31,0,19,2,T02_ENDMILL_6MM,120.25,0.0,0.0,3.0,X,0,13,8,0,0,21,400.0,Y,0,33,0,0,0,29,400.0,Z,3,0,0,0,0,2,0.0,C,3,0,45,0,0,1,0.0,A,3,0,90,0,0,2,0.0
91.1,O5678_JOB2,3,18.5,27.0,61.8,61770.0,N80 G01 X20.0 Y30.0 F400,80,4,3,67,S1,29.0,0,0,1800,1800,1,0,8000,100,31,0,19,2,T02_ENDMILL_6MM,120.25,0.0,0.0,3.0,X,0,12,9,0,0,31,400.0,Y,0,32,0,0,0,21,400.0,Z,3,0,0,0,0,0,0.0,C,3,0,45,0,0,1,0.0,A,3,0,90,0,0,2,0.0
91.2,O5678_JOB2,3,18.6,27.1,61.9,61875.0,N80 G01 X20.0 Y30.0 F400,80,4,3,67,S1,29.0,0,0,1800,1800,1,0,8000,100,30,0,19,2,T02_ENDMILL_6MM,120.25,0.0,0.0,3.0,X,0,11,9,0,0,21,400.0,Y,0,31,0,0,0,26,400.0,Z,3,0,0,0,0,0,0.0,C,3,0,45,0,0,1,0.0,A,3,0,90,0,0,0,0.0
91.3,O5678_JOB2,3,18.7,27.2,62.0,61983.0,N80 G01 X20.0 Y30.0 F400,80,4,3,67,S1,29.1,0,0,1800,1800,1,0,8000,100,38,0,19,2,T02_ENDMILL_6MM,120.25,0.0,0.0,3.0,X,0,11,10,0,0,27,400.0,Y,0,31,0,0,0,33,400.0,Z,3,0,0,0,0,0,0.0,C,3,0,45,0,0,1,0.0,A,3,0,90,0,0,1,0.0
91.4,O5678_JOB2,3,18.8,27.3,62.1,62083.0,N80 G01 X20.0 Y30.0 F400,80,4,3,67,S1,29.1,0,0,1800,1800,1,0,8000,100,36,0,19,2,T02_ENDMILL_6MM,120.25,0.0,0.0,3.0,X,0,10,11,0,0,32,400.0,Y,0,30,1,0,0,33,400.0,Z,3,0,0,0,0,2,0.0,C,3,0,45,0,0,0,0.0,A,3,0,90,0,0,1,0.0
91.5,O5678_JOB2,3,18.9,27.4,62.2,62184.0,N80 G01 X20.0 Y30.0 F400,80,4,3,67,S1,29.1,0,0,1800,1800,1,0,8000,100,38,0,19,2,T02_ENDMILL_6MM,120.25,0.0,0.0,3.0,X,0,9,11,0,0,24,400.0,Y,0,29,1,0,0,21,400.0,Z,3,0,0,0,0,1,0.0,C,3,0,45,0,0,2,0.0,A,3,0,90,0,0,0,0.0
91.6,O5678_JOB2,3,19.0,27.5,62.3,62281.0,N80 G01 X20.0 Y30.0 F400,80,4,3,67,S1,29.1,0,0,1800,1800,1,0,8000,100,31,0,19,2,T02_ENDMILL_6MM,120.25,0.0,0.0,3.0,X,0,9,12,0,0,25,400.0,Y,0,29,2,0,0,22,400.0,Z,3,0,0,0,0,0,0.0,C,3,0,45,0,0,0,0.0,A,3,0,90,0,0,2,0.0
91.7,O5678_JOB2,3,19.1,27.6,62.4,62381.0,N80 G01 X20.0 Y30.0 F400,80,4,3,67,S1,29.1,0,0,1800,1800,1,0,8000,100,26,0,19,2,T02_ENDMILL_6MM,120.25,0.0,0.0,3.0,X,0,8,13,0,0,24,400.0,Y,0,28,3,0,0,25,400.0,Z,3,0,0,0,0,1,0.0,C,3,0,45,0,0,1,0.0,A,3,0,90,0,0,2,0.0
91.8,O5678_JOB2,3,19.2,27.7,62.5,62475.0,N80 G01 X20.0 Y30.0 F400,80,4,3,67,S1,29.1,0,0,1800,1800,1,0,8000,100,30,0,19,2,T02_ENDMILL_6MM,120.25,0.0,0.0,3.0,X,0,7,13,0,0,32,400.0,Y,0,27,3,0,0,27,400.0,Z,3,0,0,0,0,2,0.0,C,3,0,45,0,0,2,0.0,A,3,0,90,0,0,2,0.0
91.9,O5678_JOB2,3,19.3,27.8,62.6,62567.0,N80 G01 X20.0 Y30.0 F400,80,4,3,67,S1,29.1,0,0,1800,1800,1,0,8000,100,30,0,19,2,T02_ENDMILL_6MM,120.25,0.0,0.0,3.0,X,0,7,14,0,0,20,400.0,Y,0,27,4,0,0,29,400.0,Z,3,0,0,0,0,1,0.0,C,3,0,45,0,0,1,0.0,A,3,0,90,0,0,0,0.0
92.0,O5678_JOB2,3,19.4,27.9,62.7,62660.0,N80 G01 X20.0 Y30.0 F400,80,4,3,67,S1,29.1,0,0,1800,1800,1,0,8000,100,38,0,19,2,T02_ENDMILL_6MM,120.25,0.0,0.0,3.0,X,0,6,15,0,0,30,400.0,Y,0,26,5,0,0,32,400.0,Z,3,0,0,0,0,2,0.0,C,3,0,45,0,0,1,0.0,A,3,0,90,0,0,2,0.0
92.1,O5678_JOB2,3,19.5,28.0,62.8,62755.0,N80 G01 X20.0 Y30.0 F400,80,4,3,67,S1,29.2,0,0,1800,1800,1,0,8000,100,42,0,19,2,T02_ENDMILL_6MM,120.25,0.0,0.0,3.0,X,0,5,15,0,0,31,400.0,Y,0,25,5,0,0,26,400.0,Z,3,0,0,0,0,0,0.0,C,3,0,45,0,0,0,0.0,A,3,0,90,0,0,1,0.0
92.2,O5678_JOB2,3,19.6,28.1,62.9,62847.0,N80 G01 X20.0 Y30.0 F400,80,4,3,67,S1,29.2,0,0,1800,1800,1,0,8000,100,28,0,19,2,T02_ENDMILL_6MM,120.25,0.0,0.0,3.0,X,0,5,16,0,-70,45,400.0,Y,0,25,6,0,0,24,400.0,Z,3,0,0,0,0,1,0.0,C,3,0,45,0,0,0,0.0,A,3,0,90,0,0,0,0.0
92.3,O5678_JOB2,3,19.7,28.2,63.0,62943.0,N80 G01 X20.0 Y30.0 F400,80,4,3,67,S1,29.2,0,0,1800,1800,1,0,8000,100,35,0,19,2,T02_ENDMILL_6MM,120.25,0.0,0.0,3.0,X,0,4,17,0,-70,42,400.0,Y,0,24,7,0,0,30,400.0,Z,3,0,0,0,0,1,0.0,C,3,0,45,0,0,2,0.0,A,3,0,90,0,0,2,0.0
92.4,O5678_JOB2,3,19.8,28.3,63.1,63038.0,N80 G01 X20.0 Y30.0 F400,80,4,3,67,S1,29.2,0,0,1800,1800,1,0,8000,100,28,0,19,2,T02_ENDMILL_6MM,120.25,0.0,0.0,3.0,X,0,3,17,0,-70,44,400.0,Y,0,23,7,0,0,25,400.0,Z,3,0,0,0,0,2,0.0,C,3,0,45,0,0,2,0.0,A,3,0,90,0,0,2,0.0
92.5,O5678_JOB2,3,19.9,28.4,63.2,63144.0,N80 G01 X20.0 Y30.0 F400,80,4,3,67,S1,29.2,0,0,1800,1800,1,0,8000,100,33,0,19,2,T02_ENDMILL_6MM,120.25,0.0,0.0,3.0,X,0,3,18,0,-70,51,400.0,Y,0,23,8,0,0,26,400.0,Z,3,0,0,0,0,2,0.0,C,3,0,45,0,0,2,0.0,A,3,0,90,0,0,0,0.0
92.6,O5678_JOB2,3,20.0,28.5,63.3,63237.0,N80 G01 X20.0 Y30.0 F400,80,4,3,67,S1,29.2,0,0,1800,1800,1,0,8000,100,27,0,19,2,T02_ENDMILL_6MM,120.25,0.0,0.0,3.0,X,0,2,19,0,-70,49,400.0,Y,0,22,9,0,0,31,400.0,Z,3,0,0,0,0,0,0.0,C,3,0,45,0,0,1,0.0,A,3,0,90,0,0,1,0.0
92.7,O5678_JOB2,3,20.1,28.6,63.4,63331.0,N80 G01 X20.0 Y30.0 F400,80,4,3,67,S1,29.2,0,0,1800,1800,1,0,8000,100,30,0,19,2,T02_ENDMILL_6MM,120.25,0.0,0.0,3.0,X,0,1,19,0,-70,44,400.0,Y,0,21,9,0,0,26,400.0,Z,3,0,0,0,0,2,0.0,C,3,0,45,0,0,2,0.0,A,3,0,90,0,0,1,0.0
92.8,O5678_JOB2,3,20.2,28.7,63.5,63427.0,N80 G01 X20.0 Y30.0 F400,80,4,3,67,S1,29.3,0,0,1800,1800,1,0,8000,100,40,0,19,2,T02_ENDMILL_6MM,120.25,0.0,0.0,3.0,X,0,1,20,0,-70,53,400.0,Y,0,21,10,0,0,29,400.0,Z,3,0,0,0,0,2,0.0,C,3,0,45,0,0,1,0.0,A,3,0,90,0,0,2,0.0
92.9,O5678_JOB2,3,20.3,28.8,63.6,63521.0,N80 G01 X20.0 Y30.0 F400,80,4,3,67,S1,29.3,0,0,1800,1800,1,0,8000,100,39,0,19,2,T02_ENDMILL_6MM,120.25,0.0,0.0,3.0,X,3,0,20,0,0,0,0.0,Y,0,20,11,0,0,35,400.0,Z,3,0,0,0,0,0,0.0,C,3,0,45,0,0,0,0.0,A,3,0,90,0,0,2,0.0
93.0,O5678_JOB2,3,20.4,28.9,63.7,63625.0,N80 G01 X20.0 Y30.0 F400,80,4,3,67,S1,29.3,0,0,1800,1800,1,0,8000,100,36,0,19,2,T02_ENDMILL_6MM,120.25,0.0,0.0,3.0,X,3,0,20,0,0,1,0.0,Y,0,19,11,0,0,26,400.0,Z,3,0,0,0,0,1,0.0,C,3,0,45,0,0,1,0.0,A,3,0,90,0,0,1,0.0
93.1,O5678_JOB2,3,20.5,29.0,63.8,63722.0,N80 G01 X20.0 Y30.0 F400,80,4,3,67,S1,29.3,0,0,1800,1800,1,0,8000,100,33,0,19,2,T02_ENDMILL_6MM,120.25,0.0,0.0,3.0,X,3,0,20,0,0,1,0.0,Y,0,19,12,0,0,23,400.0,Z,3,0,0,0,0,2,0.0,C,3,0,45,0,0,0,0.0,A,3,0,90,0,0,2,0.0
93.2,O5678_JOB2,3,20.6,29.1,63.9,63812.0,N80 G01 X20.0 Y30.0 F400,80,4,3,67,S1,29.3,0,0,1800,1800,1,0,8000,100,30,0,19,2,T02_ENDMILL_6MM,120.25,0.0,0.0,3.0,X,3,0,20,0,0,2,0.0,Y,0,18,13,0,0,22,400.0,Z,3,0,0,0,0,1,0.0,C,3,0,45,0,0,0,0.0,A,3,0,90,0,0,0,0.0
93.3,O5678_JOB2,3,20.7,29.2,64.0,63906.0,N80 G01 X20.0 Y30.0 F400,80,4,3,67,S1,29.3,0,0,1800,1800,1,0,8000,100,24,0,19,2,T02_ENDMILL_6MM,120.25,0.0,0.0,3.0,X,3,0,20,0,0,0,0.0,Y,0,17,13,0,0,24,400.0,Z,3,0,0,0,0,1,0.0,C,3,0,45,0,0,0,0.0,A,3,0,90,0,0,1,0.0
93.4,O5678_JOB2,3,20.8,29.3,64.1,64002.0,N80 G01 X20.0 Y30.0 F400,80,4,3,67,S1,29.3,0,0,1800,1800,1,0,8000,100,32,0,19,2,T02_ENDMILL_6MM,120.25,0.0,0.0,3.0,X,3,0,20,0,0,1,0.0,Y,0,17,14,0,0,23,400.0,Z,3,0,0,0,0,1,0.0,C,3,0,45,0,0,0,0.0,A,3,0,90,0,0,0,0.0
93.5,O5678_JOB2,3,20.9,29.4,64.2,64102.0,N80 G01 X20.0 Y30.0 F400,80,4,3,67,S1,29.4,0,0,1800,1800,1,0,8000,100,34,0,19,2,T02_ENDMILL_6MM,120.25,0.0,0.0,3.0,X,3,0,20,0,0,0,0.0,Y,0,16,15,0,0,25,400.0,Z,3,0,0,0,0,0,0.0,C,3,0,45,0,0,2,0.0,A,3,0,90,0,0,0,0.0
93.6,O5678_JOB2,3,21.0,29.5,64.3,64210.0,N80 G01 X20.0 Y30.0 F400,80,4,3,67,S1,29.4,0,0,1800,1800,1,0,8000,100,24,0,19,2,T02_ENDMILL_6MM,120.25,0.0,0.0,3.0,X,3,0,20,0,0,0,0.0,Y,0,15,15,0,0,19,400.0,Z,3,0,0,0,0,2,0.0,C,3,0,45,0,0,2,0.0,A,3,0,90,0,0,2,0.0
93.7,O5678_JOB2,3,21.1,29.6,64.4,64320.0,N80 G01 X20.0 Y30.0 F400,80,4,3,67,S1,29.4,0,0,1800,1800,1,0,8000,100,30,0,19,2,T02_ENDMILL_6MM,120.25,0.0,0.0,3.0,X,3,0,20,0,0,0,0.0,Y,0,15,16,0,0,27,400.0,Z,3,0,0,0,0,1,0.0,C,3,0,45,0,0,0,0.0,A,3,0,90,0,0,2,0.0
93.8,O5678_JOB2,3,21.2,29.7,64.5,64415.0,N80 G01 X20.0 Y30.0 F400,80,4,3,67,S1,29.4,0,0,1800,1800,1,0,8000,100,27,0,19,2,T02_ENDMILL_6MM,120.25,0.0,0.0,3.0,X,3,0,20,0,0,0,0.0,Y,0,14,17,0,0,31,400.0,Z,3,0,0,0,0,2,0.0,C,3,0,45,0,0,0,0.0,A,3,0,90,0,0,1,0.0
93.9,O5678_JOB2,3,21.3,29.8,64.6,64523.0,N80 G01 X20.0 Y30.0 F400,80,4,3,67,S1,29.4,0,0,1800,1800,1,0,8000,100,32,0,19,2,T02_ENDMILL_6MM,120.25,0.0,0.0,3.0,X,3,0,20,0,0,1,0.0,Y,0,13,17,0,0,31,400.0,Z,3,0,0,0,0,0,0.0,C,3,0,45,0,0,2,0.0,A,3,0,90,0,0,1,0.0
94.0,O5678_JOB2,3,21.4,29.8,64.7,64632.0,N90 G00 Z50.0,90,4,3,67,S1,29.4,0,0,1800,1800,1,0,8000,100,25,0,19,2,T02_ENDMILL_6MM,120.25,0.0,0.0,3.0,X,3,0,20,0,0,0,0.0,Y,0,13,30,4,70,31,7600.0,Z,0,55,28,3,70,49,20000.0,C,3,0,45,0,0,0,0.0,A,3,0,90,0,0,2,0.0
94.1,O5678_JOB2,3,21.5,29.8,64.8,64732.0,N90 G00 Z50.0,90,4,3,67,S1,29.4,0,0,1800,1800,1,0,8000,100,4,0,19,2,T02_ENDMILL_6MM,120.25,0.0,0.0,3.0,X,3,0,20,0,0,1,0.0,Y,3,0,30,0,0,1,0.0,Z,0,22,50,0,-70,38,13000.0,C,3,0,45,0,0,2,0.0,A,3,0,90,0,0,1,0.0
94.2,O5678_JOB2,3,21.6,29.8,64.9,64828.0,N90 G00 Z50.0,90,4,3,67,S1,29.4,0,0,1800,1800,1,0,8000,100,5,0,19,2,T02_ENDMILL_6MM,120.25,0.0,0.0,3.0,X,3,0,20,0,0,2,0.0,Y,3,0,30,0,0,0,0.0,Z,3,0,50,0,0,2,0.0,C,3,0,45,0,0,0,0.0,A,3,0,90,0,0,1,0.0
94.3,O5678_JOB2,3,21.7,29.8,65.0,64931.0,N90 G00 Z50.0,90,4,3,67,S1,29.4,0,0,1800,1800,1,0,8000,100,8,0,19,2,T02_ENDMILL_6MM,120.25,0.0,0.0,3.0,X,3,0,20,0,0,1,0.0,Y,3,0,30,0,0,0,0.0,Z,3,0,50,0,0,0,0.0,C,3,0,45,0,0,2,0.0,A,3,0,90,0,0,2,0.0
94.4,O5678_JOB2,3,21.8,29.8,65.1,65039.0,N90 G00 Z50.0,90,4,3,67,S1,29.4,0,0,1800,1800,1,0,8000,100,6,0,19,2,T02_ENDMILL_6MM,120.25,0.0,0.0,3.0,X,3,0,20,0,0,0,0.0,Y,3,0,30,0,0,1,0.0,Z,3,0,50,0,0,1,0.0,C,3,0,45,0,0,0,0.0,A,3,0,90,0,0,0,0.0
94.5,O5678_JOB2,3,21.9,29.8,65.2,65137.0,N90 G00 Z50.0,90,4,3,67,S1,29.4,0,0,1800,1800,1,0,8000,100,6,0,19,2,T02_ENDMILL_6MM,120.25,0.0,0.0,3.0,X,3,0,20,0,0,0,0.0,Y,3,0,30,0,0,2,0.0,Z,3,0,50,0,0,1,0.0,C,3,0,45,0,0,2,0.0,A,3,0,90,0,0,2,0.0
94.6,O5678_JOB2,3,22.0,29.8,65.3,65234.0,N90 G00 Z50.0,90,4,3,67,S1,29.4,0,0,1800,1800,1,0,8000,100,7,0,19,2,T02_ENDMILL_6MM,120.25,0.0,0.0,3.0,X,3,0,20,0,0,1,0.0,Y,3,0,30,0,0,2,0.0,Z,3,0,50,0,0,2,0.0,C,3,0,45,0,0,0,0.0,A,3,0,90,0,0,0,0.0
94.7,O5678_JOB2,3,22.1,29.8,65.4,65329.0,N90 G00 Z50.0,90,4,3,67,S1,29.4,0,0,1800,1800,1,0,8000,100,7,0,19,2,T02_ENDMILL_6MM,120.25,0.0,0.0,3.0,X,3,0,20,0,0,0,0.0,Y,3,0,30,0,0,1,0.0,Z,3,0,50,0,0,0,0.0,C,3,0,45,0,0,1,0.0,A,3,0,90,0,0,0,0.0
94.8,O5678_JOB2,3,22.2,29.8,65.5,65424.0,N90 G00 Z50.0,90,4,3,67,S1,29.4,0,0,1800,1800,1,0,8000,100,5,0,19,2,T02_ENDMILL_6MM,120.25,0.0,0.0,3.0,X,3,0,20,0,0,2,0.0,Y,3,0,30,0,0,2,0.0,Z,3,0,50,0,0,1,0.0,C,3,0,45,0,0,1,0.0,A,3,0,90,0,0,2,0.0
94.9,O5678_JOB2,3,22.3,29.8,65.6,65518.0,N90 G00 Z50.0,90,4,3,67,S1,29.4,0,0,1800,1800,1,0,8000,100,5,0,19,2,T02_ENDMILL_6MM,120.25,0.0,0.0,3.0,X,3,0,20,0,0,0,0.0,Y,3,0,30,0,0,0,0.0,Z,3,0,50,0,0,2,0.0,C,3,0,45,0,0,2,0.0,A,3,0,90,0,0,0,0.0
95.0,O5678_JOB2,3,22.4,29.8,65.7,65619.0,N90 G00 Z50.0,90,4,3,67,S1,29.4,0,0,1800,1800,1,0,8000,100,8,0,19,2,T02_ENDMILL_6MM,120.25,0.0,0.0,3.0,X,3,0,20,0,0,2,0.0,Y,3,0,30,0,0,0,0.0,Z,3,0,50,0,0,1,0.0,C,3,0,45,0,0,1,0.0,A,3,0,90,0,0,0,0.0
95.1,O5678_JOB2,3,22.5,29.8,65.8,65721.0,N90 G00 Z50.0,90,4,3,67,S1,29.4,0,0,1800,1800,1,0,8000,100,6,0,19,2,T02_ENDMILL_6MM,120.25,0.0,0.0,3.0,X,3,0,20,0,0,0,0.0,Y,3,0,30,0,0,1,0.0,Z,3,0,50,0,0,2,0.0,C,3,0,45,0,0,0,0.0,A,3,0,90,0,0,0,0.0
95.2,O5678_JOB2,3,22.6,29.8,65.9,65827.0,N90 G00 Z50.0,90,4,3,67,S1,29.4,0,0,1800,1800,1,0,8000,100,5,0,19,2,T02_ENDMILL_6MM,120.25,0.0,0.0,3.0,X,3,0,20,0,0,2,0.0,Y,3,0,30,0,0,0,0.0,Z,3,0,50,0,0,0,0.0,C,3,0,45,0,0,2,0.0,A,3,0,90,0,0,0,0.0
95.3,O5678_JOB2,3,22.7,29.8,66.0,65935.0,N90 G00 Z50.0,90,4,3,67,S1,29.4,0,0,1800,1800,1,0,8000,100,7,0,19,2,T02_ENDMILL_6MM,120.25,0.0,0.0,3.0,X,3,0,20,0,0,2,0.0,Y,3,0,30,0,0,2,0.0,Z,3,0,50,0,0,1,0.0,C,3,0,45,0,0,0,0.0,A,3,0,90,0,0,0,0.0
95.4,O5678_JOB2,3,22.8,29.8,66.1,66044.0,N90 G00 Z50.0,90,4,3,67,S1,29.4,0,0,1800,1800,1,0,8000,100,7,0,19,2,T02_ENDMILL_6MM,120.25,0.0,0.0,3.0,X,3,0,20,0,0,0,0.0,Y,3,0,30,0,0,0,0.0,Z,3,0,50,0,0,2,0.0,C,3,0,45,0,0,2,0.0,A,3,0,90,0,0,0,0.0
95.5,O5678_JOB2,3,22.9,29.8,66.2,66135.0,N90 G00 Z50.0,90,4,3,67,S1,29.4,0,0,1800,1800,1,0,8000,100,4,0,19,2,T02_ENDMILL_6MM,120.25,0.0,0.0,3.0,X,3,0,20,0,0,1,0.0,Y,3,0,30,0,0,2,0.0,Z,3,0,50,0,0,2,0.0,C,3,0,45,0,0,0,0.0,A,3,0,90,0,0,0,0.0
95.6,O5678_JOB2,3,23.0,29.8,66.3,66230.0,N90 G00 Z50.0,90,4,3,67,S1,29.4,0,0,1800,1800,1,0,8000,100,6,0,19,2,T02_ENDMILL_6MM,120.25,0.0,0.0,3.0,X,3,0,20,0,0,0,0.0,Y,3,0,30,0,0,0,0.0,Z,3,0,50,0,0,2,0.0,C,3,0,45,0,0,0,0.0,A,3,0,90,0,0,0,0.0
95.7,O5678_JOB2,3,23.1,29.8,66.4,66332.0,N90 G00 Z50.0,90,4,3,67,S1,29.4,0,0,1800,1800,1,0,8000,100,6,0,19,2,T02_ENDMILL_6MM,120.25,0.0,0.0,3.0,X,3,0,20,0,0,1,0.0,Y,3,0,30,0,0,0,0.0,Z,3,0,50,0,0,1,0.0,C,3,0,45,0,0,1,0.0,A,3,0,90,0,0,0,0.0
95.8,O5678_JOB2,3,23.2,29.8,66.5,66432.0,N90 G00 Z50.0,90,4,3,67,S1,29.4,0,0,1800,1800,1,0,8000,100,5,0,19,2,T02_ENDMILL_6MM,120.25,0.0,0.0,3.0,X,3,0,20,0,0,0,0.0,Y,3,0,30,0,0,1,0.0,Z,3,0,50,0,0,1,0.0,C,3,0,45,0,0,1,0.0,A,3,0,90,0,0,2,0.0
95.9,O5678_JOB2,3,23.3,29.8,66.6,66538.0,N90 G00 Z50.0,90,4,3,67,S1,29.4,0,0,1800,1800,1,0,8000,100,5,0,19,2,T02_ENDMILL_6MM,120.25,0.0,0.0,3.0,X,3,0,20,0,0,1,0.0,Y,3,0,30,0,0,0,0.0,Z,3,0,50,0,0,0,0.0,C,3,0,45,0,0,0,0.0,A,3,0,90,0,0,1,0.0
96.0,O5678_JOB2,3,23.3,29.8,66.7,66632.0,N100 M5,100,4,3,67,S1,29.4,0,0,0,1400,1,0,8000,100,2,0,19,2,T02_ENDMILL_6MM,120.25,0.0,0.0,3.0,X,3,0,20,0,0,2,0.0,Y,3,0,30,0,0,2,0.0,Z,3,0,50,0,0,0,0.0,C,3,0,45,0,0,1,0.0,A,3,0,90,0,0,0,0.0
96.1,O5678_JOB2,3,23.3,29.8,66.8,66723.0,N100 M5,100,4,3,67,S1,29.4,0,0,0,1000,1,0,8000,100,3,0,19,2,T02_ENDMILL_6MM,120.25,0.0,0.0,3.0,X,3,0,20,0,0,1,0.0,Y,3,0,30,0,0,0,0.0,Z,3,0,50,0,0,1,0.0,C,3,0,45,0,0,2,0.0,A,3,0,90,0,0,1,0.0
96.2,O5678_JOB2,3,23.3,29.8,66.9,66825.0,N100 M5,100,4,3,67,S1,29.4,0,0,0,600,1,0,8000,100,2,0,19,2,T02_ENDMILL_6MM,120.25,0.0,0.0,3.0,X,3,0,20,0,0,2,0.0,Y,3,0,30,0,0,1,0.0,Z,3,0,50,0,0,1,0.0,C,3,0,45,0,0,0,0.0,A,3,0,90,0,0,2,0.0
96.3,O5678_JOB2,3,23.3,29.8,67.0,66920.0,N100 M5,100,4,3,67,S1,29.4,0,0,0,200,1,0,8000,100,2,0,19,2,T02_ENDMILL_6MM,120.25,0.0,0.0,3.0,X,3,0,20,0,0,1,0.0,Y,3,0,30,0,0,2,0.0,Z,3,0,50,0,0,2,0.0,C,3,0,45,0,0,2,0.0,A,3,0,90,0,0,0,0.0
96.4,O5678_JOB2,3,23.3,29.8,67.1,67017.0,N100 M5,100,4,3,67,S1,29.4,0,0,0,0,2,0,8000,100,2,0,19,2,T02_ENDMILL_6MM,120.25,0.0,0.0,3.0,X,3,0,20,0,0,2,0.0,Y,3,0,30,0,0,2,0.0,Z,3,0,50,0,0,2,0.0,C,3,0,45,0,0,2,0.0,A,3,0,90,0,0,2,0.0
96.5,O5678_JOB2,3,23.3,29.8,67.2,67109.0,N100 M5,100,4,3,67,S1,29.4,0,0,0,0,2,0,8000,100,2,0,19,2,T02_ENDMILL_6MM,120.25,0.0,0.0,3.0,X,3,0,20,0,0,0,0.0,Y,3,0,30,0,0,1,0.0,Z,3,0,50,0,0,0,0.0,C,3,0,45,0,0,1,0.0,A,3,0,90,0,0,2,0.0
96.6,O5678_JOB2,3,23.3,29.8,67.3,67203.0,N100 M5,100,4,3,67,S1,29.4,0,0,0,0,2,0,8000,100,3,0,19,2,T02_ENDMILL_6MM,120.25,0.0,0.0,3.0,X,3,0,20,0,0,2,0.0,Y,3,0,30,0,0,2,0.0,Z,3,0,50,0,0,2,0.0,C,3,0,45,0,0,2,0.0,A,3,0,90,0,0,1,0.0
96.7,O5678_JOB2,3,23.3,29.8,67.4,67306.0,N100 M5,100,4,3,67,S1,29.3,0,0,0,0,2,0,8000,100,1,0,19,2,T02_ENDMILL_6MM,120.25,0.0,0.0,3.0,X,3,0,20,0,0,0,0.0,Y,3,0,30,0,0,2,0.0,Z,3,0,50,0,0,0,0.0,C,3,0,45,0,0,1,0.0,A,3,0,90,0,0,2,0.0
96.8,O5678_JOB2,3,23.3,29.8,67.5,67409.0,N100 M5,100,4,3,67,S1,29.3,0,0,0,0,2,0,8000,100,1,0,19,2,T02_ENDMILL_6MM,120.25,0.0,0.0,3.0,X,3,0,20,0,0,2,0.0,Y,3,0,30,0,0,1,0.0,Z,3,0,50,0,0,1,0.0,C,3,0,45,0,0,0,0.0,A,3,0,90,0,0,0,0.0
96.9,O5678_JOB2,3,23.3,29.8,67.6,67515.0,N100 M5,100,4,3,67,S1,29.3,0,0,0,0,2,0,8000,100,2,0,19,2,T02_ENDMILL_6MM,120.25,0.0,0.0,3.0,X,3,0,20,0,0,0,0.0,Y,3,0,30,0,0,0,0.0,Z,3,0,50,0,0,0,0.0,C,3,0,45,0,0,1,0.0,A,3,0,90,0,0,1,0.0
97.0,O5678_JOB2,3,23.3,29.8,67.7,67617.0,N100 M5,100,4,3,67,S1,29.3,0,0,0,0,2,0,8000,100,0,0,19,2,T02_ENDMILL_6MM,120.25,0.0,0.0,3.0,X,3,0,20,0,0,1,0.0,Y,3,0,30,0,0,1,0.0,Z,3,0,50,0,0,1,0.0,C,3,0,45,0,0,0,0.0,A,3,0,90,0,0,2,0.0
97.1,O5678_JOB2,3,23.3,29.8,67.8,67725.0,N100 M5,100,4,3,67,S1,29.3,0,0,0,0,2,0,8000,100,1,0,19,2,T02_ENDMILL_6MM,120.25,0.0,0.0,3.0,X,3,0,20,0,0,0,0.0,Y,3,0,30,0,0,2,0.0,Z,3,0,50,0,0,1,0.0,C,3,0,45,0,0,2,0.0,A,3,0,90,0,0,0,0.0
97.2,O5678_JOB2,3,23.3,29.8,67.9,67826.0,N100 M5,100,4,3,67,S1,29.3,0,0,0,0,2,0,8000,100,1,0,19,2,T02_ENDMILL_6MM,120.25,0.0,0.0,3.0,X,3,0,20,0,0,2,0.0,Y,3,0,30,0,0,2,0.0,Z,3,0,50,0,0,1,0.0,C,3,0,45,0,0,0,0.0,A,3,0,90,0,0,0,0.0
97.3,O5678_JOB2,3,23.3,29.8,68.0,67920.0,N100 M5,100,4,3,67,S1,29.3,0,0,0,0,2,0,8000,100,3,0,19,2,T02_ENDMILL_6MM,120.25,0.0,0.0,3.0,X,3,0,20,0,0,2,0.0,Y,3,0,30,0,0,2,0.0,Z,3,0,50,0,0,1,0.0,C,3,0,45,0,0,1,0.0,A,3,0,90,0,0,0,0.0
97.4,O5678_JOB2,3,23.3,29.8,68.1,68015.0,N100 M5,100,4,3,67,S1,29.3,0,0,0,0,2,0,8000,100,0,0,19,2,T02_ENDMILL_6MM,120.25,0.0,0.0,3.0,X,3,0,20,0,0,1,0.0,Y,3,0,30,0,0,2,0.0,Z,3,0,50,0,0,2,0.0,C,3,0,45,0,0,0,0.0,A,3,0,90,0,0,2,0.0
97.5,O5678_JOB2,3,23.3,29.8,68.2,68106.0,N100 M5,100,4,3,67,S1,29.3,0,0,0,0,2,0,8000,100,1,0,19,2,T02_ENDMILL_6MM,120.25,0.0,0.0,3.0,X,3,0,20,0,0,0,0.0,Y,3,0,30,0,0,1,0.0,Z,3,0,50,0,0,0,0.0,C,3,0,45,0,0,0,0.0,A,3,0,90,0,0,1,0.0
97.6,O5678_JOB2,3,23.3,29.8,68.3,68216.0,N100 M5,100,4,3,67,S1,29.3,0,0,0,0,2,0,8000,100,3,0,19,2,T02_ENDMILL_6MM,120.25,0.0,0.0,3.0,X,3,0,20,0,0,0,0.0,Y,3,0,30,0,0,0,0.0,Z,3,0,50,0,0,1,0.0,C,3,0,45,0,0,1,0.0,A,3,0,90,0,0,1,0.0
97.7,O5678_JOB2,3,23.3,29.8,68.4,68315.0,N100 M5,100,4,3,67,S1,29.3,0,0,0,0,2,0,8000,100,3,0,19,2,T02_ENDMILL_6MM,120.25,0.0,0.0,3.0,X,3,0,20,0,0,2,0.0,Y,3,0,30,0,0,0,0.0,Z,3,0,50,0,0,1,0.0,C,3,0,45,0,0,1,0.0,A,3,0,90,0,0,2,0.0
97.8,O5678_JOB2,3,23.3,29.8,68.5,68413.0,N100 M5,100,4,3,67,S1,29.3,0,0,0,0,2,0,8000,100,1,0,19,2,T02_ENDMILL_6MM,120.25,0.0,0.0,3.0,X,3,0,20,0,0,2,0.0,Y,3,0,30,0,0,1,0.0,Z,3,0,50,0,0,1,0.0,C,3,0,45,0,0,0,0.0,A,3,0,90,0,0,1,0.0
97.9,O5678_JOB2,3,23.3,29.8,68.6,68510.0,N100 M5,100,4,3,67,S1,29.3,0,0,0,0,2,0,8000,100,0,0,19,2,T02_ENDMILL_6MM,120.25,0.0,0.0,3.0,X,3,0,20,0,0,1,0.0,Y,3,0,30,0,0,0,0.0,Z,3,0,50,0,0,2,0.0,C,3,0,45,0,0,0,0.0,A,3,0,90,0,0,1,0.0
98.0,O5678_JOB2,3,23.3,29.8,68.7,68616.0,N110 M30,110,4,3,67,S1,29.3,0,0,0,0,2,0,8000,100,0,0,19,2,T02_ENDMILL_6MM,120.25,0.0,0.0,3.0,X,3,0,20,0,0,1,0.0,Y,3,0,30,0,0,0,0.0,Z,3,0,50,0,0,2,0.0,C,3,0,45,0,0,1,0.0,A,3,0,90,0,0,1,0.0
98.1,O5678_JOB2,3,23.3,29.8,68.8,68717.0,N110 M30,110,4,3,67,S1,29.2,0,0,0,0,2,0,8000,100,0,0,19,2,T02_ENDMILL_6MM,120.25,0.0,0.0,3.0,X,3,0,20,0,0,1,0.0,Y,3,0,30,0,0,2,0.0,Z,3,0,50,0,0,2,0.0,C,3,0,45,0,0,2,0.0,A,3,0,90,0,0,2,0.0
98.2,O5678_JOB2,3,23.3,29.8,68.9,68814.0,N110 M30,110,4,3,67,S1,29.2,0,0,0,0,2,0,8000,100,3,0,19,2,T02_ENDMILL_6MM,120.25,0.0,0.0,3.0,X,3,0,20,0,0,2,0.0,Y,3,0,30,0,0,0,0.0,Z,3,0,50,0,0,0,0.0,C,3,0,45,0,0,1,0.0,A,3,0,90,0,0,0,0.0
98.3,O5678_JOB2,3,23.3,29.8,69.0,68920.0,N110 M30,110,4,3,67,S1,29.2,0,0,0,0,2,0,8000,100,3,0,19,2,T02_ENDMILL_6MM,120.25,0.0,0.0,3.0,X,3,0,20,0,0,1,0.0,Y,3,0,30,0,0,0,0.0,Z,3,0,50,0,0,1,0.0,C,3,0,45,0,0,0,0.0,A,3,0,90,0,0,2,0.0
98.4,O5678_JOB2,3,23.3,29.8,69.1,69024.0,N110 M30,110,4,3,67,S1,29.2,0,0,0,0,2,0,8000,100,3,0,19,2,T02_ENDMILL_6MM,120.25,0.0,0.0,3.0,X,3,0,20,0,0,1,0.0,Y,3,0,30,0,0,1,0.0,Z,3,0,50,0,0,2,0.0,C,3,0,45,0,0,2,0.0,A,3,0,90,0,0,1,0.0
98.5,O5678_JOB2,3,23.3,29.8,69.2,69131.0,N110 M30,110,4,3,67,S1,29.2,0,0,0,0,2,0,8000,100,3,0,19,2,T02_ENDMILL_6MM,120.25,0.0,0.0,3.0,X,3,0,20,0,0,2,0.0,Y,3,0,30,0,0,2,0.0,Z,3,0,50,0,0,2,0.0,C,3,0,45,0,0,0,0.0,A,3,0,90,0,0,1,0.0
98.6,O5678_JOB2,3,23.3,29.8,69.3,69227.0,N110 M30,110,4,3,67,S1,29.2,0,0,0,0,2,0,8000,100,3,0,19,2,T02_ENDMILL_6MM,120.25,0.0,0.0,3.0,X,3,0,20,0,0,1,0.0,Y,3,0,30,0,0,2,0.0,Z,3,0,50,0,0,1,0.0,C,3,0,45,0,0,1,0.0,A,3,0,90,0,0,1,0.0
98.7,O5678_JOB2,3,23.3,29.8,69.4,69332.0,N110 M30,110,4,3,67,S1,29.2,0,0,0,0,2,0,8000,100,3,0,19,2,T02_ENDMILL_6MM,120.25,0.0,0.0,3.0,X,3,0,20,0,0,1,0.0,Y,3,0,30,0,0,1,0.0,Z,3,0,50,0,0,2,0.0,C,3,0,45,0,0,2,0.0,A,3,0,90,0,0,0,0.0
98.8,O5678_JOB2,3,23.3,29.8,69.5,69432.0,N110 M30,110,4,3,67,S1,29.2,0,0,0,0,2,0,8000,100,0,0,19,2,T02_ENDMILL_6MM,120.25,0.0,0.0,3.0,X,3,0,20,0,0,0,0.0,Y,3,0,30,0,0,2,0.0,Z,3,0,50,0,0,0,0.0,C,3,0,45,0,0,1,0.0,A,3,0,90,0,0,1,0.0
98.9,O5678_JOB2,3,23.3,29.8,69.6,69528.0,N110 M30,110,4,3,67,S1,29.2,0,0,0,0,2,0,8000,100,3,0,19,2,T02_ENDMILL_6MM,120.25,0.0,0.0,3.0,X,3,0,20,0,0,1,0.0,Y,3,0,30,0,0,2,0.0,Z,3,0,50,0,0,2,0.0,C,3,0,45,0,0,1,0.0,A,3,0,90,0,0,2,0.0
99.0,O5678_JOB2,3,23.3,29.8,69.7,69621.0,N110 M30,110,4,3,67,S1,29.2,0,0,0,0,2,0,8000,100,2,0,19,2,T02_ENDMILL_6MM,120.25,0.0,0.0,3.0,X,3,0,20,0,0,2,0.0,Y,3,0,30,0,0,0,0.0,Z,3,0,50,0,0,0,0.0,C,3,0,45,0,0,1,0.0,A,3,0,90,0,0,1,0.0
99.1,O5678_JOB2,3,23.3,29.8,69.8,69716.0,N110 M30,110,4,3,67,S1,29.2,0,0,0,0,2,0,8000,100,1,0,19,2,T02_ENDMILL_6MM,120.25,0.0,0.0,3.0,X,3,0,20,0,0,0,0.0,Y,3,0,30,0,0,2,0.0,Z,3,0,50,0,0,1,0.0,C,3,0,45,0,0,0,0.0,A,3,0,90,0,0,1,0.0
99.2,O5678_JOB2,3,23.3,29.8,69.9,69809.0,N110 M30,110,4,3,67,S1,29.2,0,0,0,0,2,0,8000,100,0,0,19,2,T02_ENDMILL_6MM,120.25,0.0,0.0,3.0,X,3,0,20,0,0,0,0.0,Y,3,0,30,0,0,1,0.0,Z,3,0,50,0,0,1,0.0,C,3,0,45,0,0,0,0.0,A,3,0,90,0,0,1,0.0
99.3,O5678_JOB2,3,23.3,29.8,70.0,69908.0,N110 M30,110,4,3,67,S1,29.2,0,0,0,0,2,0,8000,100,0,0,19,2,T02_ENDMILL_6MM,120.25,0.0,0.0,3.0,X,3,0,20,0,0,1,0.0,Y,3,0,30,0,0,0,0.0,Z,3,0,50,0,0,0,0.0,C,3,0,45,0,0,2,0.0,A,3,0,90,0,0,0,0.0
99.4,O5678_JOB2,3,23.3,29.8,70.1,70005.0,N110 M30,110,4,3,67,S1,29.2,0,0,0,0,2,0,8000,100,3,0,19,2,T02_ENDMILL_6MM,120.25,0.0,0.0,3.0,X,3,0,20,0,0,1,0.0,Y,3,0,30,0,0,1,0.0,Z,3,0,50,0,0,0,0.0,C,3,0,45,0,0,0,0.0,A,3,0,90,0,0,0,0.0
99.5,O5678_JOB2,3,23.3,29.8,70.2,70114.0,N110 M30,110,4,3,67,S1,29.1,0,0,0,0,2,0,8000,100,0,0,19,2,T02_ENDMILL_6MM,120.25,0.0,0.0,3.0,X,3,0,20,0,0,2,0.0,Y,3,0,30,0,0,0,0.0,Z,3,0,50,0,0,2,0.0,C,3,0,45,0,0,2,0.0,A,3,0,90,0,0,0,0.0
99.6,O5678_JOB2,3,23.3,29.8,70.3,70215.0,N110 M30,110,4,3,67,S1,29.1,0,0,0,0,2,0,8000,100,3,0,19,2,T02_ENDMILL_6MM,120.25,0.0,0.0,3.0,X,3,0,20,0,0,0,0.0,Y,3,0,30,0,0,2,0.0,Z,3,0,50,0,0,0,0.0,C,3,0,45,0,0,0,0.0,A,3,0,90,0,0,1,0.0
99.7,O5678_JOB2,3,23.3,29.8,70.4,70308.0,N110 M30,110,4,3,67,S1,29.1,0,0,0,0,2,0,8000,100,1,0,19,2,T02_ENDMILL_6MM,120.25,0.0,0.0,3.0,X,3,0,20,0,0,2,0.0,Y,3,0,30,0,0,2,0.0,Z,3,0,50,0,0,0,0.0,C,3,0,45,0,0,0,0.0,A,3,0,90,0,0,2,0.0
99.8,O5678_JOB2,3,23.3,29.8,70.5,70408.0,N110 M30,110,4,3,67,S1,29.1,0,0,0,0,2,0,8000,100,0,0,19,2,T02_ENDMILL_6MM,120.25,0.0,0.0,3.0,X,3,0,20,0,0,1,0.0,Y,3,0,30,0,0,2,0.0,Z,3,0,50,0,0,2,0.0,C,3,0,45,0,0,1,0.0,A,3,0,90,0,0,0,0.0
99.9,O5678_JOB2,3,23.3,29.8,70.6,70509.0,N110 M30,110,4,3,67,S1,29.1,0,0,0,0,2,0,8000,100,0,0,19,2,T02_ENDMILL_6MM,120.25,0.0,0.0,3.0,X,3,0,20,0,0,2,0.0,Y,3,0,30,0,0,2,0.0,Z,3,0,50,0,0,1,0.0,C,3,0,45,0,0,0,0.0,A,3,0,90,0,0,1,0.0
100.0,O5678_JOB2,3,23.3,29.8,70.7,70615.0,N110 M30,110,4,3,67,S1,29.1,0,0,0,0,2,0,8000,100,3,0,19,2,T02_ENDMILL_6MM,120.25,0.0,0.0,3.0,X,3,0,20,0,0,2,0.0,Y,3,0,30,0,0,1,0.0,Z,3,0,50,0,0,2,0.0,C,3,0,45,0,0,1,0.0,A,3,0,90,0,0,2,0.0
100.1,O5678_JOB2,2,23.3,29.8,70.7,70615.0,M30,110,0,3,68,S1,29.1,0,0,0,0,2,0,8000,100,1,0,19,2,T02_ENDMILL_6MM,120.25,0.0,0.0,3.0,X,3,0,20,0,0,1,0.0,Y,3,0,30,0,0,1,0.0,Z,3,0,50,0,0,1,0.0,C,3,0,45,0,0,2,0.0,A,3,0,90,0,0,2,0.0
100.2,O5678_JOB2,2,23.3,29.8,70.7,70615.0,M30,110,1,3,69,S1,29.1,0,0,0,0,2,0,8000,100,1,0,19,2,T02_ENDMILL_6MM,120.25,0.0,0.0,3.0,X,3,0,20,0,0,1,0.0,Y,3,0,30,0,0,2,0.0,Z,3,0,50,0,0,1,0.0,C,3,0,45,0,0,0,0.0,A,3,0,90,0,0,0,0.0
100.3,O5678_JOB2,2,23.3,29.8,70.7,70615.0,M30,110,2,3,70,S1,29.1,0,0,0,0,2,0,8000,100,3,0,19,2,T02_ENDMILL_6MM,120.25,0.0,0.0,3.0,X,3,0,20,0,0,2,0.0,Y,3,0,30,0,0,1,0.0,Z,3,0,50,0,0,0,0.0,C,3,0,45,0,0,2,0.0,A,3,0,90,0,0,2,0.0
100.4,O5678_JOB2,2,23.3,29.8,70.7,70615.0,M30,110,0,3,71,S1,29.1,0,0,0,0,2,0,8000,100,1,0,19,2,T02_ENDMILL_6MM,120.25,0.0,0.0,3.0,X,3,0,20,0,0,1,0.0,Y,3,0,30,0,0,1,0.0,Z,3,0,50,0,0,2,0.0,C,3,0,45,0,0,1,0.0,A,3,0,90,0,0,2,0.0
100.5,O5678_JOB2,2,23.3,29.8,70.7,70615.0,M30,110,1,3,72,S1,29.1,0,0,0,0,2,0,8000,100,1,0,19,2,T02_ENDMILL_6MM,120.25,0.0,0.0,3.0,X,3,0,20,0,0,1,0.0,Y,3,0,30,0,0,2,0.0,Z,3,0,50,0,0,1,0.0,C,3,0,45,0,0,2,0.0,A,3,0,90,0,0,2,0.0
100.6,O5678_JOB2,2,23.3,29.8,70.7,70615.0,M30,110,2,3,73,S1,29.1,0,0,0,0,2,0,8000,100,1,0,19,2,T02_ENDMILL_6MM,120.25,0.0,0.0,3.0,X,3,0,20,0,0,0,0.0,Y,3,0,30,0,0,1,0.0,Z,3,0,50,0,0,1,0.0,C,3,0,45,0,0,1,0.0,A,3,0,90,0,0,0,0.0
100.7,O5678_JOB2,2,23.3,29.8,70.7,70615.0,M30,110,0,3,74,S1,29.1,0,0,0,0,2,0,8000,100,3,0,19,2,T02_ENDMILL_6MM,120.25,0.0,0.0,3.0,X,3,0,20,0,0,2,0.0,Y,3,0,30,0,0,2,0.0,Z,3,0,50,0,0,1,0.0,C,3,0,45,0,0,1,0.0,A,3,0,90,0,0,1,0.0
100.8,O5678_JOB2,2,23.3,29.8,70.7,70615.0,M30,110,1,3,75,S1,29.1,0,0,0,0,2,0,8000,100,2,0,19,2,T02_ENDMILL_6MM,120.25,0.0,0.0,3.0,X,3,0,20,0,0,0,0.0,Y,3,0,30,0,0,1,0.0,Z,3,0,50,0,0,2,0.0,C,3,0,45,0,0,2,0.0,A,3,0,90,0,0,0,0.0
100.9,O5678_JOB2,2,23.3,29.8,70.7,70615.0,M30,110,2,3,76,S1,29.0,0,0,0,0,2,0,8000,100,1,0,19,2,T02_ENDMILL_6MM,120.25,0.0,0.0,3.0,X,3,0,20,0,0,2,0.0,Y,3,0,30,0,0,1,0.0,Z,3,0,50,0,0,1,0.0,C,3,0,45,0,0,2,0.0,A,3,0,90,0,0,1,0.0
101.0,O5678_JOB2,2,23.3,29.8,70.7,70615.0,,0,2,3,76,S1,29.0,0,0,0,0,2,0,8000,100,1,0,19,2,T02_ENDMILL_6MM,120.25,0.0,0.0,3.0,X,3,0,20,0,0,0,0.0,Y,3,0,30,0,0,1,0.0,Z,3,0,50,0,0,2,0.0,C,3,0,45,0,0,0,0.0,A,3,0,90,0,0,1,0.0
101.1,O5678_JOB2,2,23.3,29.8,70.7,70615.0,,0,2,3,76,S1,29.0,0,0,0,0,2,0,8000,100,2,0,19,2,T02_ENDMILL_6MM,120.25,0.0,0.0,3.0,X,3,0,20,0,0,2,0.0,Y,3,0,30,0,0,1,0.0,Z,3,0,50,0,0,1,0.0,C,3,0,45,0,0,2,0.0,A,3,0,90,0,0,1,0.0
101.2,O5678_JOB2,2,23.3,29.8,70.7,70615.0,,0,2,3,76,S1,29.0,0,0,0,0,2,0,8000,100,3,0,19,2,T02_ENDMILL_6MM,120.25,0.0,0.0,3.0,X,3,0,20,0,0,0,0.0,Y,3,0,30,0,0,1,0.0,Z,3,0,50,0,0,0,0.0,C,3,0,45,0,0,0,0.0,A,3,0,90,0,0,1,0.0
101.3,O5678_JOB2,2,23.3,29.8,70.7,70615.0,,0,2,3,76,S1,29.0,0,0,0,0,2,0,8000,100,0,0,19,2,T02_ENDMILL_6MM,120.25,0.0,0.0,3.0,X,3,0,20,0,0,1,0.0,Y,3,0,30,0,0,0,0.0,Z,3,0,50,0,0,0,0.0,C,3,0,45,0,0,0,0.0,A,3,0,90,0,0,0,0.0
101.4,O5678_JOB2,2,23.3,29.8,70.7,70615.0,,0,2,3,76,S1,29.0,0,0,0,0,2,0,8000,100,0,0,19,2,T02_ENDMILL_6MM,120.25,0.0,0.0,3.0,X,3,0,20,0,0,2,0.0,Y,3,0,30,0,0,1,0.0,Z,3,0,50,0,0,1,0.0,C,3,0,45,0,0,2,0.0,A,3,0,90,0,0,1,0.0
101.5,O5678_JOB2,2,23.3,29.8,70.7,70615.0,,0,2,3,76,S1,29.0,0,0,0,0,2,0,8000,100,2,0,19,2,T02_ENDMILL_6MM,120.25,0.0,0.0,3.0,X,3,0,20,0,0,2,0.0,Y,3,0,30,0,0,1,0.0,Z,3,0,50,0,0,2,0.0,C,3,0,45,0,0,0,0.0,A,3,0,90,0,0,0,0.0
101.6,O5678_JOB2,2,23.3,29.8,70.7,70615.0,,0,2,3,76,S1,29.0,0,0,0,0,2,0,8000,100,2,0,19,2,T02_ENDMILL_6MM,120.25,0.0,0.0,3.0,X,3,0,20,0,0,1,0.0,Y,3,0,30,0,0,1,0.0,Z,3,0,50,0,0,2,0.0,C,3,0,45,0,0,2,0.0,A,3,0,90,0,0,1,0.0
101.7,O5678_JOB2,2,23.3,29.8,70.7,70615.0,,0,2,3,76,S1,29.0,0,0,0,0,2,0,8000,100,1,0,19,2,T02_ENDMILL_6MM,120.25,0.0,0.0,3.0,X,3,0,20,0,0,0,0.0,Y,3,0,30,0,0,1,0.0,Z,3,0,50,0,0,1,0.0,C,3,0,45,0,0,1,0.0,A,3,0,90,0,0,1,0.0
101.8,O5678_JOB2,2,23.3,29.8,70.7,70615.0,,0,2,3,76,S1,29.0,0,0,0,0,2,0,8000,100,3,0,19,2,T02_ENDMILL_6MM,120.25,0.0,0.0,3.0,X,3,0,20,0,0,2,0.0,Y,3,0,30,0,0,0,0.0,Z,3,0,50,0,0,0,0.0,C,3,0,45,0,0,2,0.0,A,3,0,90,0,0,1,0.0
101.9,O5678_JOB2,2,23.3,29.8,70.7,70615.0,,0,2,3,76,S1,29.0,0,0,0,0,2,0,8000,100,3,0,19,2,T02_ENDMILL_6MM,120.25,0.0,0.0,3.0,X,3,0,20,0,0,1,0.0,Y,3,0,30,0,0,1,0.0,Z,3,0,50,0,0,1,0.0,C,3,0,45,0,0,0,0.0,A,3,0,90,0,0,0,0.0
102.0,O5678_JOB2,2,23.3,29.8,70.7,70615.0,,0,2,3,76,S1,29.0,0,0,0,0,2,0,8000,100,0,0,19,2,T02_ENDMILL_6MM,120.25,0.0,0.0,3.0,X,3,0,20,0,0,0,0.0,Y,3,0,30,0,0,2,0.0,Z,3,0,50,0,0,0,0.0,C,3,0,45,0,0,2,0.0,A,3,0,90,0,0,0,0.0
102.1,O5678_JOB2,2,23.3,29.8,70.7,70615.0,,0,2,3,76,S1,29.0,0,0,0,0,2,0,8000,100,3,0,19,2,T02_ENDMILL_6MM,120.25,0.0,0.0,3.0,X,3,0,20,0,0,1,0.0,Y,3,0,30,0,0,1,0.0,Z,3,0,50,0,0,1,0.0,C,3,0,45,0,0,0,0.0,A,3,0,90,0,0,0,0.0
102.2,O5678_JOB2,2,23.3,29.8,70.7,70615.0,,0,2,3,76,S1,29.0,0,0,0,0,2,0,8000,100,1,0,19,2,T02_ENDMILL_6MM,120.25,0.0,0.0,3.0,X,3,0,20,0,0,2,0.0,Y,3,0,30,0,0,0,0.0,Z,3,0,50,0,0,0,0.0,C,3,0,45,0,0,2,0.0,A,3,0,90,0,0,2,0.0
102.3,O5678_JOB2,2,23.3,29.8,70.7,70615.0,,0,2,3,76,S1,28.9,0,0,0,0,2,0,8000,100,2,0,19,2,T02_ENDMILL_6MM,120.25,0.0,0.0,3.0,X,3,0,20,0,0,0,0.0,Y,3,0,30,0,0,1,0.0,Z,3,0,50,0,0,1,0.0,C,3,0,45,0,0,2,0.0,A,3,0,90,0,0,2,0.0
102.4,O5678_JOB2,2,23.3,29.8,70.7,70615.0,,0,2,3,76,S1,28.9,0,0,0,0,2,0,8000,100,0,0,19,2,T02_ENDMILL_6MM,120.25,0.0,0.0,3.0,X,3,0,20,0,0,2,0.0,Y,3,0,30,0,0,0,0.0,Z,3,0,50,0,0,0,0.0,C,3,0,45,0,0,1,0.0,A,3,0,90,0,0,2,0.0
102.5,O5678_JOB2,2,23.3,29.8,70.7,70615.0,,0,2,3,76,S1,28.9,0,0,0,0,2,0,8000,100,1,0,19,2,T02_ENDMILL_6MM,120.25,0.0,0.0,3.0,X,3,0,20,0,0,1,0.0,Y,3,0,30,0,0,1,0.0,Z,3,0,50,0,0,0,0.0,C,3,0,45,0,0,2,0.0,A,3,0,90,0,0,2,0.0
102.6,O5678_JOB2,2,23.3,29.8,70.7,70615.0,,0,2,3,76,S1,28.9,0,0,0,0,2,0,8000,100,1,0,19,2,T02_ENDMILL_6MM,120.25,0.0,0.0,3.0,X,3,0,20,0,0,0,0.0,Y,3,0,30,0,0,0,0.0,Z,3,0,50,0,0,0,0.0,C,3,0,45,0,0,0,0.0,A,3,0,90,0,0,2,0.0
102.7,O5678_JOB2,2,23.3,29.8,70.7,70615.0,,0,2,3,76,S1,28.9,0,0,0,0,2,0,8000,100,3,0,19,2,T02_ENDMILL_6MM,120.25,0.0,0.0,3.0,X,3,0,20,0,0,0,0.0,Y,3,0,30,0,0,2,0.0,Z,3,0,50,0,0,1,0.0,C,3,0,45,0,0,0,0.0,A,3,0,90,0,0,0,0.0
102.8,O5678_JOB2,2,23.3,29.8,70.7,70615.0,,0,2,3,76,S1,28.9,0,0,0,0,2,0,8000,100,3,0,19,2,T02_ENDMILL_6MM,120.25,0.0,0.0,3.0,X,3,0,20,0,0,0,0.0,Y,3,0,30,0,0,2,0.0,Z,3,0,50,0,0,1,0.0,C,3,0,45,0,0,0,0.0,A,3,0,90,0,0,0,0.0
102.9,O5678_JOB2,2,23.3,29.8,70.7,70615.0,,0,2,3,76,S1,28.9,0,0,0,0,2,0,8000,100,0,0,19,2,T02_ENDMILL_6MM,120.25,0.0,0.0,3.0,X,3,0,20,0,0,0,0.0,Y,3,0,30,0,0,2,0.0,Z,3,0,50,0,0,0,0.0,C,3,0,45,0,0,2,0.0,A,3,0,90,0,0,1,0.0
103.0,O5678_JOB2,2,23.3,29.8,70.7,70615.0,,0,2,3,76,S1,28.9,0,0,0,0,2,0,8000,100,1,0,19,2,T02_ENDMILL_6MM,120.25,0.0,0.0,3.0,X,3,0,20,0,0,2,0.0,Y,3,0,30,0,0,2,0.0,Z,3,0,50,0,0,0,0.0,C,3,0,45,0,0,0,0.0,A,3,0,90,0,0,2,0.0
103.1,O5678_JOB2,2,23.3,29.8,70.7,70615.0,,0,2,3,76,S1,28.9,0,0,0,0,2,0,8000,100,1,0,19,2,T02_ENDMILL_6MM,120.25,0.0,0.0,3.0,X,3,0,20,0,0,2,0.0,Y,3,0,30,0,0,1,0.0,Z,3,0,50,0,0,2,0.0,C,3,0,45,0,0,0,0.0,A,3,0,90,0,0,0,0.0
103.2,O5678_JOB2,2,23.3,29.8,70.7,70615.0,,0,2,3,76,S1,28.9,0,0,0,0,2,0,8000,100,1,0,19,2,T02_ENDMILL_6MM,120.25,0.0,0.0,3.0,X,3,0,20,0,0,0,0.0,Y,3,0,30,0,0,0,0.0,Z,3,0,50,0,0,2,0.0,C,3,0,45,0,0,1,0.0,A,3,0,90,0,0,1,0.0
103.3,O5678_JOB2,2,23.3,29.8,70.7,70615.0,,0,2,3,76,S1,28.9,0,0,0,0,2,0,8000,100,3,0,19,2,T02_ENDMILL_6MM,120.25,0.0,0.0,3.0,X,3,0,20,0,0,2,0.0,Y,3,0,30,0,0,2,0.0,Z,3,0,50,0,0,0,0.0,C,3,0,45,0,0,2,0.0,A,3,0,90,0,0,2,0.0
103.4,O5678_JOB2,2,23.3,29.8,70.7,70615.0,,0,2,3,76,S1,28.9,0,0,0,0,2,0,8000,100,0,0,19,2,T02_ENDMILL_6MM,120.25,0.0,0.0,3.0,X,3,0,20,0,0,0,0.0,Y,3,0,30,0,0,1,0.0,Z,3,0,50,0,0,0,0.0,C,3,0,45,0,0,2,0.0,A,3,0,90,0,0,0,0.0
103.5,O5678_JOB2,2,23.3,29.8,70.7,70615.0,,0,2,3,76,S1,28.9,0,0,0,0,2,0,8000,100,3,0,19,2,T02_ENDMILL_6MM,120.25,0.0,0.0,3.0,X,3,0,20,0,0,0,0.0,Y,3,0,30,0,0,1,0.0,Z,3,0,50,0,0,1,0.0,C,3,0,45,0,0,0,0.0,A,3,0,90,0,0,2,0.0
103.6,O5678_JOB2,2,23.3,29.8,70.7,70615.0,,0,2,3,76,S1,28.9,0,0,0,0,2,0,8000,100,0,0,19,2,T02_ENDMILL_6MM,120.25,0.0,0.0,3.0,X,3,0,20,0,0,0,0.0,Y,3,0,30,0,0,2,0.0,Z,3,0,50,0,0,2,0.0,C,3,0,45,0,0,2,0.0,A,3,0,90,0,0,1,0.0
103.7,O5678_JOB2,2,23.3,29.8,70.7,70615.0,,0,2,3,76,S1,28.9,0,0,0,0,2,0,8000,100,2,0,19,2,T02_ENDMILL_6MM,120.25,0.0,0.0,3.0,X,3,0,20,0,0,1,0.0,Y,3,0,30,0,0,2,0.0,Z,3,0,50,0,0,1,0.0,C,3,0,45,0,0,0,0.0,A,3,0,90,0,0,0,0.0
103.8,O5678_JOB2,2,23.3,29.8,70.7,70615.0,,0,2,3,76,S1,28.8,0,0,0,0,2,0,8000,100,0,0,19,2,T02_ENDMILL_6MM,120.25,0.0,0.0,3.0,X,3,0,20,0,0,0,0.0,Y,3,0,30,0,0,2,0.0,Z,3,0,50,0,0,1,0.0,C,3,0,45,0,0,1,0.0,A,3,0,90,0,0,0,0.0
103.9,O5678_JOB2,2,23.3,29.8,70.7,70615.0,,0,2,3,76,S1,28.8,0,0,0,0,2,0,8000,100,1,0,19,2,T02_ENDMILL_6MM,120.25,0.0,0.0,3.0,X,3,0,20,0,0,1,0.0,Y,3,0,30,0,0,2,0.0,Z,3,0,50,0,0,1,0.0,C,3,0,45,0,0,2,0.0,A,3,0,90,0,0,1,0.0
104.0,O5678_JOB2,2,23.3,29.8,70.7,70615.0,,0,2,3,76,S1,28.8,0,0,0,0,2,0,8000,100,0,0,19,2,T02_ENDMILL_6MM,120.25,0.0,0.0,3.0,X,3,0,20,0,0,1,0.0,Y,3,0,30,0,0,0,0.0,Z,3,0,50,0,0,1,0.0,C,3,0,45,0,0,1,0.0,A,3,0,90,0,0,2,0.0
104.1,O5678_JOB2,2,23.3,29.8,70.7,70615.0,,0,2,3,76,S1,28.8,0,0,0,0,2,0,8000,100,2,0,19,2,T02_ENDMILL_6MM,120.25,0.0,0.0,3.0,X,3,0,20,0,0,1,0.0,Y,3,0,30,0,0,0,0.0,Z,3,0,50,0,0,1,0.0,C,3,0,45,0,0,1,0.0,A,3,0,90,0,0,0,0.0
104.2,O5678_JOB2,2,23.3,29.8,70.7,70615.0,,0,2,3,76,S1,28.8,0,0,0,0,2,0,8000,100,1,0,19,2,T02_ENDMILL_6MM,120.25,0.0,0.0,3.0,X,3,0,20,0,0,2,0.0,Y,3,0,30,0,0,0,0.0,Z,3,0,50,0,0,0,0.0,C,3,0,45,0,0,0,0.0,A,3,0,90,0,0,2,0.0
104.3,O5678_JOB2,2,23.3,29.8,70.7,70615.0,,0,2,3,76,S1,28.8,0,0,0,0,2,0,8000,100,2,0,19,2,T02_ENDMILL_6MM,120.25,0.0,0.0,3.0,X,3,0,20,0,0,1,0.0,Y,3,0,30,0,0,2,0.0,Z,3,0,50,0,0,0,0.0,C,3,0,45,0,0,2,0.0,A,3,0,90,0,0,2,0.0
104.4,O5678_JOB2,2,23.3,29.8,70.7,70615.0,,0,2,3,76,S1,28.8,0,0,0,0,2,0,8000,100,1,0,19,2,T02_ENDMILL_6MM,120.25,0.0,0.0,3.0,X,3,0,20,0,0,1,0.0,Y,3,0,30,0,0,1,0.0,Z,3,0,50,0,0,1,0.0,C,3,0,45,0,0,1,0.0,A,3,0,90,0,0,2,0.0
104.5,O5678_JOB2,2,23.3,29.8,70.7,70615.0,,0,2,3,76,S1,28.8,0,0,0,0,2,0,8000,100,3,0,19,2,T02_ENDMILL_6MM,120.25,0.0,0.0,3.0,X,3,0,20,0,0,2,0.0,Y,3,0,30,0,0,2,0.0,Z,3,0,50,0,0,2,0.0,C,3,0,45,0,0,1,0.0,A,3,0,90,0,0,0,0.0
104.6,O5678_JOB2,2,23.3,29.8,70.7,70615.0,,0,2,3,76,S1,28.8,0,0,0,0,2,0,8000,100,2,0,19,2,T02_ENDMILL_6MM,120.25,0.0,0.0,3.0,X,3,0,20,0,0,1,0.0,Y,3,0,30,0,0,2,0.0,Z,3,0,50,0,0,0,0.0,C,3,0,45,0,0,0,0.0,A,3,0,90,0,0,2,0.0
104.7,O5678_JOB2,2,23.3,29.8,70.7,70615.0,,0,2,3,76,S1,28.8,0,0,0,0,2,0,8000,100,1,0,19,2,T02_ENDMILL_6MM,120.25,0.0,0.0,3.0,X,3,0,20,0,0,0,0.0,Y,3,0,30,0,0,2,0.0,Z,3,0,50,0,0,1,0.0,C,3,0,45,0,0,0,0.0,A,3,0,90,0,0,2,0.0
104.8,O5678_JOB2,2,23.3,29.8,70.7,70615.0,,0,2,3,76,S1,28.8,0,0,0,0,2,0,8000,100,0,0,19,2,T02_ENDMILL_6MM,120.25,0.0,0.0,3.0,X,3,0,20,0,0,1,0.0,Y,3,0,30,0,0,0,0.0,Z,3,0,50,0,0,2,0.0,C,3,0,45,0,0,2,0.0,A,3,0,90,0,0,1,0.0
104.9,O5678_JOB2,2,23.3,29.8,70.7,70615.0,,0,2,3,76,S1,28.8,0,0,0,0,2,0,8000,100,2,0,19,2,T02_ENDMILL_6MM,120.25,0.0,0.0,3.0,X,3,0,20,0,0,0,0.0,Y,3,0,30,0,0,0,0.0,Z,3,0,50,0,0,0,0.0,C,3,0,45,0,0,2,0.0,A,3,0,90,0,0,2,0.0
105.0,O5678_JOB2,2,23.3,29.8,70.7,70615.0,,0,2,3,76,S1,28.8,0,0,0,0,2,0,8000,100,1,0,19,2,T02_ENDMILL_6MM,120.25,0.0,0.0,3.0,X,3,0,20,0,0,1,0.0,Y,3,0,30,0,0,0,0.0,Z,3,0,50,0,0,0,0.0,C,3,0,45,0,0,0,0.0,A,3,0,90,0,0,1,0.0
105.1,O5678_JOB2,2,23.3,29.8,70.7,70615.0,,0,2,3,76,S1,28.8,0,0,0,0,2,0,8000,100,0,0,19,2,T02_ENDMILL_6MM,120.25,0.0,0.0,3.0,X,3,0,20,0,0,0,0.0,Y,3,0,30,0,0,2,0.0,Z,3,0,50,0,0,0,0.0,C,3,0,45,0,0,0,0.0,A,3,0,90,0,0,0,0.0
105.2,O5678_JOB2,2,23.3,29.8,70.7,70615.0,,0,2,3,76,S1,28.7,0,0,0,0,2,0,8000,100,2,0,19,2,T02_ENDMILL_6MM,120.25,0.0,0.0,3.0,X,3,0,20,0,0,0,0.0,Y,3,0,30,0,0,0,0.0,Z,3,0,50,0,0,2,0.0,C,3,0,45,0,0,2,0.0,A,3,0,90,0,0,0,0.0
105.3,O5678_JOB2,2,23.3,29.8,70.7,70615.0,,0,2,3,76,S1,28.7,0,0,0,0,2,0,8000,100,2,0,19,2,T02_ENDMILL_6MM,120.25,0.0,0.0,3.0,X,3,0,20,0,0,1,0.0,Y,3,0,30,0,0,0,0.0,Z,3,0,50,0,0,1,0.0,C,3,0,45,0,0,0,0.0,A,3,0,90,0,0,0,0.0
105.4,O5678_JOB2,2,23.3,29.8,70.7,70615.0,,0,2,3,76,S1,28.7,0,0,0,0,2,0,8000,100,0,0,19,2,T02_ENDMILL_6MM,120.25,0.0,0.0,3.0,X,3,0,20,0,0,0,0.0,Y,3,0,30,0,0,1,0.0,Z,3,0,50,0,0,1,0.0,C,3,0,45,0,0,1,0.0,A,3,0,90,0,0,1,0.0
105.5,O5678_JOB2,2,23.3,29.8,70.7,70615.0,,0,2,3,76,S1,28.7,0,0,0,0,2,0,8000,100,0,0,19,2,T02_ENDMILL_6MM,120.25,0.0,0.0,3.0,X,3,0,20,0,0,1,0.0,Y,3,0,30,0,0,2,0.0,Z,3,0,50,0,0,2,0.0,C,3,0,45,0,0,1,0.0,A,3,0,90,0,0,0,0.0
105.6,O5678_JOB2,2,23.3,29.8,70.7,70615.0,,0,2,3,76,S1,28.7,0,0,0,0,2,0,8000,100,0,0,19,2,T02_ENDMILL_6MM,120.25,0.0,0.0,3.0,X,3,0,20,0,0,1,0.0,Y,3,0,30,0,0,0,0.0,Z,3,0,50,0,0,2,0.0,C,3,0,45,0,0,2,0.0,A,3,0,90,0,0,2,0.0
105.7,O5678_JOB2,2,23.3,29.8,70.7,70615.0,,0,2,3,76,S1,28.7,0,0,0,0,2,0,8000,100,1,0,19,2,T02_ENDMILL_6MM,120.25,0.0,0.0,3.0,X,3,0,20,0,0,1,0.0,Y,3,0,30,0,0,0,0.0,Z,3,0,50,0,0,0,0.0,C,3,0,45,0,0,2,0.0,A,3,0,90,0,0,2,0.0
105.8,O5678_JOB2,2,23.3,29.8,70.7,70615.0,,0,2,3,76,S1,28.7,0,0,0,0,2,0,8000,100,3,0,19,2,T02_ENDMILL_6MM,120.25,0.0,0.0,3.0,X,3,0,20,0,0,1,0.0,Y,3,0,30,0,0,0,0.0,Z,3,0,50,0,0,1,0.0,C,3,0,45,0,0,2,0.0,A,3,0,90,0,0,2,0.0
105.9,O5678_JOB2,2,23.3,29.8,70.7,70615.0,,0,2,3,76,S1,28.7,0,0,0,0,2,0,8000,100,2,0,19,2,T02_ENDMILL_6MM,120.25,0.0,0.0,3.0,X,3,0,20,0,0,0,0.0,Y,3,0,30,0,0,0,0.0,Z,3,0,50,0,0,0,0.0,C,3,0,45,0,0,1,0.0,A,3,0,90,0,0,1,0.0
106.0,O5678_JOB2,2,23.3,29.8,70.7,70615.0,,0,2,3,76,S1,28.7,0,0,0,0,2,0,8000,100,1,0,19,2,T02_ENDMILL_6MM,120.25,0.0,0.0,3.0,X,3,0,20,0,0,0,0.0,Y,3,0,30,0,0,0,0.0,Z,3,0,50,0,0,2,0.0,C,3,0,45,0,0,2,0.0,A,3,0,90,0,0,2,0.0
106.1,O5678_JOB2,2,23.3,29.8,70.7,70615.0,,0,2,3,76,S1,28.7,0,0,0,0,2,0,8000,100,0,0,19,2,T02_ENDMILL_6MM,120.25,0.0,0.0,3.0,X,3,0,20,0,0,2,0.0,Y,3,0,30,0,0,1,0.0,Z,3,0,50,0,0,1,0.0,C,3,0,45,0,0,0,0.0,A,3,0,90,0,0,0,0.0
106.2,O5678_JOB2,2,23.3,29.8,70.7,70615.0,,0,2,3,76,S1,28.7,0,0,0,0,2,0,8000,100,2,0,19,2,T02_ENDMILL_6MM,120.25,0.0,0.0,3.0,X,3,0,20,0,0,2,0.0,Y,3,0,30,0,0,2,0.0,Z,3,0,50,0,0,2,0.0,C,3,0,45,0,0,0,0.0,A,3,0,90,0,0,2,0.0
106.3,O5678_JOB2,2,23.3,29.8,70.7,70615.0,,0,2,3,76,S1,28.7,0,0,0,0,2,0,8000,100,0,0,19,2,T02_ENDMILL_6MM,120.25,0.0,0.0,3.0,X,3,0,20,0,0,2,0.0,Y,3,0,30,0,0,2,0.0,Z,3,0,50,0,0,1,0.0,C,3,0,45,0,0,1,0.0,A,3,0,90,0,0,0,0.0
106.4,O5678_JOB2,2,23.3,29.8,70.7,70615.0,,0,2,3,76,S1,28.7,0,0,0,0,2,0,8000,100,1,0,19,2,T02_ENDMILL_6MM,120.25,0.0,0.0,3.0,X,3,0,20,0,0,0,0.0,Y,3,0,30,0,0,0,0.0,Z,3,0,50,0,0,0,0.0,C,3,0,45,0,0,2,0.0,A,3,0,90,0,0,0,0.0
106.5,O5678_JOB2,2,23.3,29.8,70.7,70615.0,,0,2,3,76,S1,28.7,0,0,0,0,2,0,8000,100,2,0,19,2,T02_ENDMILL_6MM,120.25,0.0,0.0,3.0,X,3,0,20,0,0,0,0.0,Y,3,0,30,0,0,1,0.0,Z,3,0,50,0,0,2,0.0,C,3,0,45,0,0,2,0.0,A,3,0,90,0,0,1,0.0
106.6,O5678_JOB2,2,23.3,29.8,70.7,70615.0,,0,2,3,76,S1,28.7,0,0,0,0,2,0,8000,100,1,0,19,2,T02_ENDMILL_6MM,120.25,0.0,0.0,3.0,X,3,0,20,0,0,1,0.0,Y,3,0,30,0,0,1,0.0,Z,3,0,50,0,0,2,0.0,C,3,0,45,0,0,2,0.0,A,3,0,90,0,0,1,0.0
106.7,O5678_JOB2,2,23.3,29.8,70.7,70615.0,,0,2,3,76,S1,28.6,0,0,0,0,2,0,8000,100,1,0,19,2,T02_ENDMILL_6MM,120.25,0.0,0.0,3.0,X,3,0,20,0,0,1,0.0,Y,3,0,30,0,0,1,0.0,Z,3,0,50,0,0,1,0.0,C,3,0,45,0,0,2,0.0,A,3,0,90,0,0,1,0.0
106.8,O5678_JOB2,2,23.3,29.8,70.7,70615.0,,0,2,3,76,S1,28.6,0,0,0,0,2,0,8000,100,3,0,19,2,T02_ENDMILL_6MM,120.25,0.0,0.0,3.0,X,3,0,20,0,0,1,0.0,Y,3,0,30,0,0,0,0.0,Z,3,0,50,0,0,0,0.0,C,3,0,45,0,0,1,0.0,A,3,0,90,0,0,0,0.0
106.9,O5678_JOB2,2,23.3,29.8,70.7,70615.0,,0,2,3,76,S1,28.6,0,0,0,0,2,0,8000,100,0,0,19,2,T02_ENDMILL_6MM,120.25,0.0,0.0,3.0,X,3,0,20,0,0,0,0.0,Y,3,0,30,0,0,2,0.0,Z,3,0,50,0,0,1,0.0,C,3,0,45,0,0,0,0.0,A,3,0,90,0,0,1,0.0
107.0,O5678_JOB2,2,23.3,29.8,70.7,70615.0,,0,2,3,76,S1,28.6,0,0,0,0,2,0,8000,100,3,0,19,2,T02_ENDMILL_6MM,120.25,0.0,0.0,3.0,X,3,0,20,0,0,0,0.0,Y,3,0,30,0,0,1,0.0,Z,3,0,50,0,0,0,0.0,C,3,0,45,0,0,2,0.0,A,3,0,90,0,0,2,0.0
107.1,O5678_JOB2,2,23.3,29.8,70.7,70615.0,,0,2,3,76,S1,28.6,0,0,0,0,2,0,8000,100,1,0,19,2,T02_ENDMILL_6MM,120.25,0.0,0.0,3.0,X,3,0,20,0,0,1,0.0,Y,3,0,30,0,0,0,0.0,Z,3,0,50,0,0,0,0.0,C,3,0,45,0,0,1,0.0,A,3,0,90,0,0,1,0.0
107.2,O5678_JOB2,2,23.3,29.8,70.7,70615.0,,0,2,3,76,S1,28.6,0,0,0,0,2,0,8000,100,2,0,19,2,T02_ENDMILL_6MM,120.25,0.0,0.0,3.0,X,3,0,20,0,0,0,0.0,Y,3,0,30,0,0,0,0.0,Z,3,0,50,0,0,2,0.0,C,3,0,45,0,0,2,0.0,A,3,0,90,0,0,0,0.0
107.3,O5678_JOB2,2,23.3,29.8,70.7,70615.0,,0,2,3,76,S1,28.6,0,0,0,0,2,0,8000,100,1,0,19,2,T02_ENDMILL_6MM,120.25,0.0,0.0,3.0,X,3,0,20,0,0,1,0.0,Y,3,0,30,0,0,1,0.0,Z,3,0,50,0,0,1,0.0,C,3,0,45,0,0,0,0.0,A,3,0,90,0,0,2,0.0
107.4,O5678_JOB2,2,23.3,29.8,70.7,70615.0,,0,2,3,76,S1,28.6,0,0,0,0,2,0,8000,100,1,0,19,2,T02_ENDMILL_6MM,120.25,0.0,0.0,3.0,X,3,0,20,0,0,1,0.0,Y,3,0,30,0,0,1,0.0,Z,3,0,50,0,0,2,0.0,C,3,0,45,0,0,2,0.0,A,3,0,90,0,0,0,0.0
107.5,O5678_JOB2,2,23.3,29.8,70.7,70615.0,,0,2,3,76,S1,28.6,0,0,0,0,2,0,8000,100,1,0,19,2,T02_ENDMILL_6MM,120.25,0.0,0.0,3.0,X,3,0,20,0,0,1,0.0,Y,3,0,30,0,0,0,0.0,Z,3,0,50,0,0,0,0.0,C,3,0,45,0,0,2,0.0,A,3,0,90,0,0,2,0.0
107.6,O5678_JOB2,2,23.3,29.8,70.7,70615.0,,0,2,3,76,S1,28.6,0,0,0,0,2,0,8000,100,2,0,19,2,T02_ENDMILL_6MM,120.25,0.0,0.0,3.0,X,3,0,20,0,0,1,0.0,Y,3,0,30,0,0,1,0.0,Z,3,0,50,0,0,1,0.0,C,3,0,45,0,0,2,0.0,A,3,0,90,0,0,2,0.0
107.7,O5678_JOB2,2,23.3,29.8,70.7,70615.0,,0,2,3,76,S1,28.6,0,0,0,0,2,0,8000,100,0,0,19,2,T02_ENDMILL_6MM,120.25,0.0,0.0,3.0,X,3,0,20,0,0,0,0.0,Y,3,0,30,0,0,0,0.0,Z,3,0,50,0,0,2,0.0,C,3,0,45,0,0,1,0.0,A,3,0,90,0,0,0,0.0
107.8,O5678_JOB2,2,23.3,29.8,70.7,70615.0,,0,2,3,76,S1,28.6,0,0,0,0,2,0,8000,100,2,0,19,2,T02_ENDMILL_6MM,120.25,0.0,0.0,3.0,X,3,0,20,0,0,1,0.0,Y,3,0,30,0,0,1,0.0,Z,3,0,50,0,0,1,0.0,C,3,0,45,0,0,0,0.0,A,3,0,90,0,0,1,0.0
107.9,O5678_JOB2,2,23.3,29.8,70.7,70615.0,,0,2,3,76,S1,28.6,0,0,0,0,2,0,8000,100,3,0,19,2,T02_ENDMILL_6MM,120.25,0.0,0.0,3.0,X,3,0,20,0,0,2,0.0,Y,3,0,30,0,0,2,0.0,Z,3,0,50,0,0,0,0.0,C,3,0,45,0,0,2,0.0,A,3,0,90,0,0,2,0.0
108.0,O5678_JOB2,2,23.3,29.8,70.7,70615.0,,0,2,3,76,S1,28.6,0,0,0,0,2,0,8000,100,1,0,19,2,T02_ENDMILL_6MM,120.25,0.0,0.0,3.0,X,3,0,20,0,0,2,0.0,Y,3,0,30,0,0,1,0.0,Z,3,0,50,0,0,2,0.0,C,3,0,45,0,0,2,0.0,A,3,0,90,0,0,2,0.0
108.1,O5678_JOB2,2,23.3,29.8,70.7,70615.0,,0,2,3,76,S1,28.6,0,0,0,0,2,0,8000,100,3,0,19,2,T02_ENDMILL_6MM,120.25,0.0,0.0,3.0,X,3,0,20,0,0,1,0.0,Y,3,0,30,0,0,2,0.0,Z,3,0,50,0,0,1,0.0,C,3,0,45,0,0,1,0.0,A,3,0,90,0,0,0,0.0
108.2,O5678_JOB2,2,23.3,29.8,70.7,70615.0,,0,2,3,76,S1,28.6,0,0,0,0,2,0,8000,100,1,0,19,2,T02_ENDMILL_6MM,120.25,0.0,0.0,3.0,X,3,0,20,0,0,2,0.0,Y,3,0,30,0,0,2,0.0,Z,3,0,50,0,0,2,0.0,C,3,0,45,0,0,2,0.0,A,3,0,90,0,0,0,0.0
108.3,O5678_JOB2,2,23.3,29.8,70.7,70615.0,,0,2,3,76,S1,28.5,0,0,0,0,2,0,8000,100,0,0,19,2,T02_ENDMILL_6MM,120.25,0.0,0.0,3.0,X,3,0,20,0,0,1,0.0,Y,3,0,30,0,0,2,0.0,Z,3,0,50,0,0,1,0.0,C,3,0,45,0,0,0,0.0,A,3,0,90,0,0,1,0.0
108.4,O5678_JOB2,2,23.3,29.8,70.7,70615.0,,0,2,3,76,S1,28.5,0,0,0,0,2,0,8000,100,2,0,19,2,T02_ENDMILL_6MM,120.25,0.0,0.0,3.0,X,3,0,20,0,0,0,0.0,Y,3,0,30,0,0,1,0.0,Z,3,0,50,0,0,1,0.0,C,3,0,45,0,0,2,0.0,A,3,0,90,0,0,2,0.0
108.5,O5678_JOB2,2,23.3,29.8,70.7,70615.0,,0,2,3,76,S1,28.5,0,0,0,0,2,0,8000,100,1,0,19,2,T02_ENDMILL_6MM,120.25,0.0,0.0,3.0,X,3,0,20,0,0,2,0.0,Y,3,0,30,0,0,2,0.0,Z,3,0,50,0,0,0,0.0,C,3,0,45,0,0,0,0.0,A,3,0,90,0,0,1,0.0
108.6,O5678_JOB2,2,23.3,29.8,70.7,70615.0,,0,2,3,76,S1,28.5,0,0,0,0,2,0,8000,100,2,0,19,2,T02_ENDMILL_6MM,120.25,0.0,0.0,3.0,X,3,0,20,0,0,1,0.0,Y,3,0,30,0,0,2,0.0,Z,3,0,50,0,0,1,0.0,C,3,0,45,0,0,2,0.0,A,3,0,90,0,0,2,0.0
108.7,O5678_JOB2,2,23.3,29.8,70.7,70615.0,,0,2,3,76,S1,28.5,0,0,0,0,2,0,8000,100,2,0,19,2,T02_ENDMILL_6MM,120.25,0.0,0.0,3.0,X,3,0,20,0,0,2,0.0,Y,3,0,30,0,0,1,0.0,Z,3,0,50,0,0,2,0.0,C,3,0,45,0,0,2,0.0,A,3,0,90,0,0,2,0.0
108.8,O5678_JOB2,2,23.3,29.8,70.7,70615.0,,0,2,3,76,S1,28.5,0,0,0,0,2,0,8000,100,0,0,19,2,T02_ENDMILL_6MM,120.25,0.0,0.0,3.0,X,3,0,20,0,0,2,0.0,Y,3,0,30,0,0,1,0.0,Z,3,0,50,0,0,1,0.0,C,3,0,45,0,0,0,0.0,A,3,0,90,0,0,2,0.0
108.9,O5678_JOB2,2,23.3,29.8,70.7,70615.0,,0,2,3,76,S1,28.5,0,0,0,0,2,0,8000,100,2,0,19,2,T02_ENDMILL_6MM,120.25,0.0,0.0,3.0,X,3,0,20,0,0,0,0.0,Y,3,0,30,0,0,0,0.0,Z,3,0,50,0,0,1,0.0,C,3,0,45,0,0,0,0.0,A,3,0,90,0,0,1,0.0
109.0,O5678_JOB2,2,23.3,29.8,70.7,70615.0,,0,2,3,76,S1,28.5,0,0,0,0,2,0,8000,100,0,0,19,2,T02_ENDMILL_6MM,120.25,0.0,0.0,3.0,X,3,0,20,0,0,2,0.0,Y,3,0,30,0,0,0,0.0,Z,3,0,50,0,0,2,0.0,C,3,0,45,0,0,1,0.0,A,3,0,90,0,0,2,0.0
109.1,O5678_JOB2,2,23.3,29.8,70.7,70615.0,,0,2,3,76,S1,28.5,0,0,0,0,2,0,8000,100,1,0,19,2,T02_ENDMILL_6MM,120.25,0.0,0.0,3.0,X,3,0,20,0,0,1,0.0,Y,3,0,30,0,0,0,0.0,Z,3,0,50,0,0,1,0.0,C,3,0,45,0,0,2,0.0,A,3,0,90,0,0,2,0.0
109.2,O5678_JOB2,2,23.3,29.8,70.7,70615.0,,0,2,3,76,S1,28.5,0,0,0,0,2,0,8000,100,3,0,19,2,T02_ENDMILL_6MM,120.25,0.0,0.0,3.0,X,3,0,20,0,0,2,0.0,Y,3,0,30,0,0,2,0.0,Z,3,0,50,0,0,2,0.0,C,3,0,45,0,0,2,0.0,A,3,0,90,0,0,0,0.0
109.3,O5678_JOB2,2,23.3,29.8,70.7,70615.0,,0,2,3,76,S1,28.5,0,0,0,0,2,0,8000,100,0,0,19,2,T02_ENDMILL_6MM,120.25,0.0,0.0,3.0,X,3,0,20,0,0,2,0.0,Y,3,0,30,0,0,0,0.0,Z,3,0,50,0,0,0,0.0,C,3,0,45,0,0,0,0.0,A,3,0,90,0,0,0,0.0
109.4,O5678_JOB2,2,23.3,29.8,70.7,70615.0,,0,2,3,76,S1,28.5,0,0,0,0,2,0,8000,100,2,0,19,2,T02_ENDMILL_6MM,120.25,0.0,0.0,3.0,X,3,0,20,0,0,1,0.0,Y,3,0,30,0,0,2,0.0,Z,3,0,50,0,0,1,0.0,C,3,0,45,0,0,2,0.0,A,3,0,90,0,0,1,0.0
109.5,O5678_JOB2,2,23.3,29.8,70.7,70615.0,,0,2,3,76,S1,28.5,0,0,0,0,2,0,8000,100,3,0,19,2,T02_ENDMILL_6MM,120.25,0.0,0.0,3.0,X,3,0,20,0,0,2,0.0,Y,3,0,30,0,0,0,0.0,Z,3,0,50,0,0,0,0.0,C,3,0,45,0,0,2,0.0,A,3,0,90,0,0,2,0.0
109.6,O5678_JOB2,2,23.3,29.8,70.7,70615.0,,0,2,3,76,S1,28.5,0,0,0,0,2,0,8000,100,3,0,19,2,T02_ENDMILL_6MM,120.25,0.0,0.0,3.0,X,3,0,20,0,0,2,0.0,Y,3,0,30,0,0,0,0.0,Z,3,0,50,0,0,0,0.0,C,3,0,45,0,0,0,0.0,A,3,0,90,0,0,0,0.0
109.7,O5678_JOB2,2,23.3,29.8,70.7,70615.0,,0,2,3,76,S1,28.5,0,0,0,0,2,0,8000,100,2,0,19,2,T02_ENDMILL_6MM,120.25,0.0,0.0,3.0,X,3,0,20,0,0,2,0.0,Y,3,0,30,0,0,1,0.0,Z,3,0,50,0,0,1,0.0,C,3,0,45,0,0,2,0.0,A,3,0,90,0,0,2,0.0
109.8,O5678_JOB2,2,23.3,29.8,70.7,70615.0,,0,2,3,76,S1,28.4,0,0,0,0,2,0,8000,100,1,0,19,2,T02_ENDMILL_6MM,120.25,0.0,0.0,3.0,X,3,0,20,0,0,1,0.0,Y,3,0,30,0,0,2,0.0,Z,3,0,50,0,0,1,0.0,C,3,0,45,0,0,1,0.0,A,3,0,90,0,0,2,0.0
109.9,O5678_JOB2,2,23.3,29.8,70.7,70615.0,,0,2,3,76,S1,28.4,0,0,0,0,2,0,8000,100,3,0,19,2,T02_ENDMILL_6MM,120.25,0.0,0.0,3.0,X,3,0,20,0,0,0,0.0,Y,3,0,30,0,0,0,0.0,Z,3,0,50,0,0,2,0.0,C,3,0,45,0,0,1,0.0,A,3,0,90,0,0,2,0.0
